-- phpMyAdmin SQL Dump
-- version 4.6.5.2
-- https://www.phpmyadmin.net/
--
-- Máy chủ: 127.0.0.1
-- Thời gian đã tạo: Th10 01, 2017 lúc 10:29 SA
-- Phiên bản máy phục vụ: 10.1.21-MariaDB
-- Phiên bản PHP: 5.6.30

SET SQL_MODE = "NO_AUTO_VALUE_ON_ZERO";
SET time_zone = "+00:00";


/*!40101 SET @OLD_CHARACTER_SET_CLIENT=@@CHARACTER_SET_CLIENT */;
/*!40101 SET @OLD_CHARACTER_SET_RESULTS=@@CHARACTER_SET_RESULTS */;
/*!40101 SET @OLD_COLLATION_CONNECTION=@@COLLATION_CONNECTION */;
/*!40101 SET NAMES utf8mb4 */;

--
-- Cơ sở dữ liệu: `02317f`
--

-- --------------------------------------------------------

--
-- Cấu trúc bảng cho bảng `district`
--

CREATE TABLE `district` (
  `districtid` varchar(5) NOT NULL,
  `name` varchar(100) NOT NULL,
  `type` varchar(30) NOT NULL,
  `location` varchar(30) NOT NULL,
  `provinceid` varchar(5) NOT NULL
) ENGINE=InnoDB DEFAULT CHARSET=utf8;

--
-- Đang đổ dữ liệu cho bảng `district`
--

INSERT INTO `district` (`districtid`, `name`, `type`, `location`, `provinceid`) VALUES
('001', 'Ba Đình', 'Quận', '21 02 08N, 105 49 38E', '01'),
('002', 'Hoàn Kiếm', 'Quận', '21 01 53N, 105 51 09E', '01'),
('003', 'Tây Hồ', 'Quận', '21 04 10N, 105 49 07E', '01'),
('004', 'Long Biên', 'Quận', '21 02 21N, 105 53 07E', '01'),
('005', 'Cầu Giấy', 'Quận', '21 01 52N, 105 47 20E', '01'),
('006', 'Đống Đa', 'Quận', '21 00 56N, 105 49 06E', '01'),
('007', 'Hai Bà Trưng', 'Quận', '21 00 27N, 105 51 35E', '01'),
('008', 'Hoàng Mai', 'Quận', '20 58 33N, 105 51 22E', '01'),
('009', 'Thanh Xuân', 'Quận', '20 59 44N, 105 48 56E', '01'),
('016', 'Sóc Sơn', 'Huyện', '21 16 55N, 105 49 46E', '01'),
('017', 'Đông Anh', 'Huyện', '21 08 16N, 105 49 38E', '01'),
('018', 'Gia Lâm', 'Huyện', '21 01 28N, 105 56 54E', '01'),
('019', 'Từ Liêm', 'Huyện', '21 02 39N, 105 45 32E', '01'),
('020', 'Thanh Trì', 'Huyện', '20 56 32N, 105 50 55E', '01'),
('024', 'Hà Giang', 'Thị Xã', '22 46 23N, 105 02 39E', '02'),
('026', 'Đồng Văn', 'Huyện', '23 14 34N, 105 15 48E', '02'),
('027', 'Mèo Vạc', 'Huyện', '23 09 10N, 105 26 38E', '02'),
('028', 'Yên Minh', 'Huyện', '23 04 20N, 105 10 13E', '02'),
('029', 'Quản Bạ', 'Huyện', '23 04 03N, 104 58 05E', '02'),
('030', 'Vị Xuyên', 'Huyện', '22 45 50N, 104 56 26E', '02'),
('031', 'Bắc Mê', 'Huyện', '22 45 48N, 105 16 26E', '02'),
('032', 'Hoàng Su Phì', 'Huyện', '22 41 37N, 104 40 06E', '02'),
('033', 'Xín Mần', 'Huyện', '22 38 05N, 104 28 35E', '02'),
('034', 'Bắc Quang', 'Huyện', '22 23 42N, 104 55 06E', '02'),
('035', 'Quang Bình', 'Huyện', '22 23 07N, 104 37 11E', '02'),
('040', 'Cao Bằng', 'Thị Xã', '22 39 20N, 106 15 20E', '04'),
('042', 'Bảo Lâm', 'Huyện', '22 52 37N, 105 27 28E', '04'),
('043', 'Bảo Lạc', 'Huyện', '22 52 31N, 105 42 41E', '04'),
('044', 'Thông Nông', 'Huyện', '22 49 09N, 105 57 05E', '04'),
('045', 'Hà Quảng', 'Huyện', '22 53 42N, 106 06 32E', '04'),
('046', 'Trà Lĩnh', 'Huyện', '22 48 14N, 106 19 47E', '04'),
('047', 'Trùng Khánh', 'Huyện', '22 49 31N, 106 33 58E', '04'),
('048', 'Hạ Lang', 'Huyện', '22 42 37N, 106 41 42E', '04'),
('049', 'Quảng Uyên', 'Huyện', '22 40 15N, 106 27 42E', '04'),
('050', 'Phục Hoà', 'Huyện', '22 33 52N, 106 30 02E', '04'),
('051', 'Hoà An', 'Huyện', '22 41 20N, 106 02 05E', '04'),
('052', 'Nguyên Bình', 'Huyện', '22 38 52N, 105 57 02E', '04'),
('053', 'Thạch An', 'Huyện', '22 28 51N, 106 19 51E', '04'),
('058', 'Bắc Kạn', 'Thị Xã', '22 08 00N, 105 51 10E', '06'),
('060', 'Pác Nặm', 'Huyện', '22 35 46N, 105 40 25E', '06'),
('061', 'Ba Bể', 'Huyện', '22 23 54N, 105 43 30E', '06'),
('062', 'Ngân Sơn', 'Huyện', '22 25 50N, 106 01 00E', '06'),
('063', 'Bạch Thông', 'Huyện', '22 12 04N, 105 51 01E', '06'),
('064', 'Chợ Đồn', 'Huyện', '22 11 18N, 105 34 43E', '06'),
('065', 'Chợ Mới', 'Huyện', '21 57 56N, 105 51 29E', '06'),
('066', 'Na Rì', 'Huyện', '22 09 48N, 106 05 09E', '06'),
('070', 'Tuyên Quang', 'Thị Xã', '21 49 40N, 105 13 12E', '08'),
('072', 'Nà Hang', 'Huyện', '22 28 34N, 105 21 03E', '08'),
('073', 'Chiêm Hóa', 'Huyện', '22 12 49N, 105 14 32E', '08'),
('074', 'Hàm Yên', 'Huyện', '22 05 46N, 105 00 13E', '08'),
('075', 'Yên Sơn', 'Huyện', '21 51 53N, 105 18 14E', '08'),
('076', 'Sơn Dương', 'Huyện', '21 40 22N, 105 22 57E', '08'),
('080', 'Lào Cai', 'Thành Phố', '22 25 07N, 103 58 43E', '10'),
('082', 'Bát Xát', 'Huyện', '22 35 50N, 103 44 49E', '10'),
('083', 'Mường Khương', 'Huyện', '22 41 05N, 104 08 26E', '10'),
('084', 'Si Ma Cai', 'Huyện', '22 39 46N, 104 16 05E', '10'),
('085', 'Bắc Hà', 'Huyện', '22 30 08N, 104 18 54E', '10'),
('086', 'Bảo Thắng', 'Huyện', '22 22 47N, 104 10 00E', '10'),
('087', 'Bảo Yên', 'Huyện', '22 17 38N, 104 25 02E', '10'),
('088', 'Sa Pa', 'Huyện', '22 18 54N, 103 54 18E', '10'),
('089', 'Văn Bàn', 'Huyện', '22 03 48N, 104 10 59E', '10'),
('094', 'Điện Biên Phủ', 'Thành Phố', '21 24 52N, 103 02 31E', '11'),
('095', 'Mường Lay', 'Thị Xã', '22 01 47N, 103 07 10E', '11'),
('096', 'Mường Nhé', 'Huyện', '22 06 11N, 102 30 54E', '11'),
('097', 'Mường Chà', 'Huyện', '21 50 31N, 103 03 15E', '11'),
('098', 'Tủa Chùa', 'Huyện', '21 58 19N, 103 23 01E', '11'),
('099', 'Tuần Giáo', 'Huyện', '21 38 03N, 103 21 06E', '11'),
('100', 'Điện Biên', 'Huyện', '21 15 19N, 103 03 19E', '11'),
('101', 'Điện Biên Đông', 'Huyện', '21 14 07N, 103 15 19E', '11'),
('102', 'Mường Ảng', 'Huyện', '', '11'),
('104', 'Lai Châu', 'Thị Xã', '22 23 15N, 103 24 22E', '12'),
('106', 'Tam Đường', 'Huyện', '22 20 16N, 103 32 53E', '12'),
('107', 'Mường Tè', 'Huyện', '22 24 16N, 102 43 11E', '12'),
('108', 'Sìn Hồ', 'Huyện', '22 17 21N, 103 18 12E', '12'),
('109', 'Phong Thổ', 'Huyện', '22 38 24N, 103 22 38E', '12'),
('110', 'Than Uyên', 'Huyện', '21 59 35N, 103 45 30E', '12'),
('111', 'Tân Uyên', 'Huyện', '', '12'),
('116', 'Sơn La', 'Thành Phố', '21 20 39N, 103 54 52E', '14'),
('118', 'Quỳnh Nhai', 'Huyện', '21 46 34N, 103 39 02E', '14'),
('119', 'Thuận Châu', 'Huyện', '21 24 54N, 103 39 46E', '14'),
('120', 'Mường La', 'Huyện', '21 31 38N, 104 02 48E', '14'),
('121', 'Bắc Yên', 'Huyện', '21 13 23N, 104 22 09E', '14'),
('122', 'Phù Yên', 'Huyện', '21 13 33N, 104 41 51E', '14'),
('123', 'Mộc Châu', 'Huyện', '20 49 21N, 104 43 10E', '14'),
('124', 'Yên Châu', 'Huyện', '20 59 33N, 104 19 51E', '14'),
('125', 'Mai Sơn', 'Huyện', '21 10 08N, 103 59 36E', '14'),
('126', 'Sông Mã', 'Huyện', '21 06 04N, 103 43 56E', '14'),
('127', 'Sốp Cộp', 'Huyện', '20 52 46N, 103 30 38E', '14'),
('132', 'Yên Bái', 'Thành Phố', '21 44 28N, 104 53 42E', '15'),
('133', 'Nghĩa Lộ', 'Thị Xã', '21 35 58N, 104 29 22E', '15'),
('135', 'Lục Yên', 'Huyện', '22 06 44N, 104 43 12E', '15'),
('136', 'Văn Yên', 'Huyện', '21 55 55N, 104 33 51E', '15'),
('137', 'Mù Cang Chải', 'Huyện', '21 48 22N, 104 09 01E', '15'),
('138', 'Trấn Yên', 'Huyện', '21 42 20N, 104 48 56E', '15'),
('139', 'Trạm Tấu', 'Huyện', '21 30 40N, 104 28 03E', '15'),
('140', 'Văn Chấn', 'Huyện', '21 34 15N, 104 35 19E', '15'),
('141', 'Yên Bình', 'Huyện', '21 52 24N, 104 55 16E', '15'),
('148', 'Hòa Bình', 'Thành Phố', '20 50 36N, 105 19 20E', '17'),
('150', 'Đà Bắc', 'Huyện', '20 55 58N, 105 04 52E', '17'),
('151', 'Kỳ Sơn', 'Huyện', '20 54 06N, 105 23 18E', '17'),
('152', 'Lương Sơn', 'Huyện', '20 53 16N, 105 30 55E', '17'),
('153', 'Kim Bôi', 'Huyện', '20 40 34N, 105 32 15E', '17'),
('154', 'Cao Phong', 'Huyện', '20 41 23N, 105 17 48E', '17'),
('155', 'Tân Lạc', 'Huyện', '20 36 44N, 105 15 03E', '17'),
('156', 'Mai Châu', 'Huyện', '20 40 56N, 104 59 46E', '17'),
('157', 'Lạc Sơn', 'Huyện', '20 29 59N, 105 24 57E', '17'),
('158', 'Yên Thủy', 'Huyện', '20 25 42N, 105 37 59E', '17'),
('159', 'Lạc Thủy', 'Huyện', '20 29 12N, 105 44 06E', '17'),
('164', 'Thái Nguyên', 'Thành Phố', '21 33 20N, 105 48 26E', '19'),
('165', 'Sông Công', 'Thị Xã', '21 29 14N, 105 48 47E', '19'),
('167', 'Định Hóa', 'Huyện', '21 53 50N, 105 38 01E', '19'),
('168', 'Phú Lương', 'Huyện', '21 45 57N, 105 43 22E', '19'),
('169', 'Đồng Hỷ', 'Huyện', '21 41 10N, 105 55 43E', '19'),
('170', 'Võ Nhai', 'Huyện', '21 47 14N, 106 02 29E', '19'),
('171', 'Đại Từ', 'Huyện', '21 36 17N, 105 37 28E', '19'),
('172', 'Phổ Yên', 'Huyện', '21 27 08N, 105 45 19E', '19'),
('173', 'Phú Bình', 'Huyện', '21 29 36N, 105 57 42E', '19'),
('178', 'Lạng Sơn', 'Thành Phố', '21 51 19N, 106 44 50E', '20'),
('180', 'Tràng Định', 'Huyện', '22 18 09N, 106 26 32E', '20'),
('181', 'Bình Gia', 'Huyện', '22 03 56N, 106 19 01E', '20'),
('182', 'Văn Lãng', 'Huyện', '22 01 59N, 106 34 17E', '20'),
('183', 'Cao Lộc', 'Huyện', '21 53 05N, 106 50 34E', '20'),
('184', 'Văn Quan', 'Huyện', '21 51 04N, 106 33 04E', '20'),
('185', 'Bắc Sơn', 'Huyện', '21 48 57N, 106 15 28E', '20'),
('186', 'Hữu Lũng', 'Huyện', '21 34 33N, 106 20 33E', '20'),
('187', 'Chi Lăng', 'Huyện', '21 40 05N, 106 37 24E', '20'),
('188', 'Lộc Bình', 'Huyện', '21 40 41N, 106 58 12E', '20'),
('189', 'Đình Lập', 'Huyện', '21 32 07N, 107 07 25E', '20'),
('193', 'Hạ Long', 'Thành Phố', '20 52 24N, 107 05 23E', '22'),
('194', 'Móng Cái', 'Thành Phố', '21 26 31N, 107 55 09E', '22'),
('195', 'Cẩm Phả', 'Thị Xã', '21 03 42N, 107 17 22E', '22'),
('196', 'Uông Bí', 'Thị Xã', '21 04 33N, 106 45 07E', '22'),
('198', 'Bình Liêu', 'Huyện', '21 33 07N, 107 26 24E', '22'),
('199', 'Tiên Yên', 'Huyện', '21 22 24N, 107 22 50E', '22'),
('200', 'Đầm Hà', 'Huyện', '21 21 23N, 107 34 32E', '22'),
('201', 'Hải Hà', 'Huyện', '21 25 50N, 107 41 26E', '22'),
('202', 'Ba Chẽ', 'Huyện', '21 15 40N, 107 09 52E', '22'),
('203', 'Vân Đồn', 'Huyện', '20 56 17N, 107 28 02E', '22'),
('204', 'Hoành Bồ', 'Huyện', '21 06 30N, 107 02 43E', '22'),
('205', 'Đông Triều', 'Huyện', '21 07 10N, 106 34 36E', '22'),
('206', 'Yên Hưng', 'Huyện', '20 55 40N, 106 51 05E', '22'),
('207', 'Cô Tô', 'Huyện', '21 05 01N, 107 49 10E', '22'),
('213', 'Bắc Giang', 'Thành Phố', '21 17 36N, 106 11 18E', '24'),
('215', 'Yên Thế', 'Huyện', '21 31 29N, 106 09 27E', '24'),
('216', 'Tân Yên', 'Huyện', '21 23 23N, 106 05 55E', '24'),
('217', 'Lạng Giang', 'Huyện', '21 21 58N, 106 15 21E', '24'),
('218', 'Lục Nam', 'Huyện', '21 18 16N, 106 29 24E', '24'),
('219', 'Lục Ngạn', 'Huyện', '21 26 15N, 106 39 09E', '24'),
('220', 'Sơn Động', 'Huyện', '21 19 42N, 106 51 09E', '24'),
('221', 'Yên Dũng', 'Huyện', '21 12 22N, 106 14 12E', '24'),
('222', 'Việt Yên', 'Huyện', '21 16 16N, 106 04 59E', '24'),
('223', 'Hiệp Hòa', 'Huyện', '21 15 51N, 105 57 30E', '24'),
('227', 'Việt Trì', 'Thành Phố', '21 19 01N, 105 23 35E', '25'),
('228', 'Phú Thọ', 'Thị Xã', '21 24 54N, 105 13 46E', '25'),
('230', 'Đoan Hùng', 'Huyện', '21 36 56N, 105 08 42E', '25'),
('231', 'Hạ Hoà', 'Huyện', '21 35 13N, 105 00 22E', '25'),
('232', 'Thanh Ba', 'Huyện', '21 27 04N, 105 09 10E', '25'),
('233', 'Phù Ninh', 'Huyện', '21 26 59N, 105 18 13E', '25'),
('234', 'Yên Lập', 'Huyện', '21 22 21N, 105 01 25E', '25'),
('235', 'Cẩm Khê', 'Huyện', '21 23 04N, 105 05 25E', '25'),
('236', 'Tam Nông', 'Huyện', '21 18 24N, 105 14 59E', '25'),
('237', 'Lâm Thao', 'Huyện', '21 19 37N, 105 18 09E', '25'),
('238', 'Thanh Sơn', 'Huyện', '21 08 32N, 105 04 40E', '25'),
('239', 'Thanh Thuỷ', 'Huyện', '21 07 26N, 105 17 18E', '25'),
('240', 'Tân Sơn', 'Huyện', '', '25'),
('243', 'Vĩnh Yên', 'Thành Phố', '21 18 26N, 105 35 33E', '26'),
('244', 'Phúc Yên', 'Thị Xã', '21 18 55N, 105 43 54E', '26'),
('246', 'Lập Thạch', 'Huyện', '21 24 45N, 105 25 39E', '26'),
('247', 'Tam Dương', 'Huyện', '21 21 40N, 105 33 36E', '26'),
('248', 'Tam Đảo', 'Huyện', '21 27 34N, 105 35 09E', '26'),
('249', 'Bình Xuyên', 'Huyện', '21 19 48N, 105 39 43E', '26'),
('250', 'Mê Linh', 'Huyện', '21 10 53N, 105 42 05E', '01'),
('251', 'Yên Lạc', 'Huyện', '21 13 17N, 105 34 44E', '26'),
('252', 'Vĩnh Tường', 'Huyện', '21 14 58N, 105 29 37E', '26'),
('253', 'Sông Lô', 'Huyện', '', '26'),
('256', 'Bắc Ninh', 'Thành Phố', '21 10 48N, 106 03 58E', '27'),
('258', 'Yên Phong', 'Huyện', '21 12 40N, 105 59 36E', '27'),
('259', 'Quế Võ', 'Huyện', '21 08 44N, 106 11 06E', '27'),
('260', 'Tiên Du', 'Huyện', '21 07 37N, 106 02 19E', '27'),
('261', 'Từ Sơn', 'Thị Xã', '21 07 12N, 105 57 26E', '27'),
('262', 'Thuận Thành', 'Huyện', '21 02 24N, 106 04 10E', '27'),
('263', 'Gia Bình', 'Huyện', '21 03 55N, 106 12 53E', '27'),
('264', 'Lương Tài', 'Huyện', '21 01 33N, 106 13 28E', '27'),
('268', 'Hà Đông', 'Quận', '20 57 25N, 105 45 21E', '01'),
('269', 'Sơn Tây', 'Thị Xã', '21 05 51N, 105 28 27E', '01'),
('271', 'Ba Vì', 'Huyện', '21 09 40N, 105 22 43E', '01'),
('272', 'Phúc Thọ', 'Huyện', '21 06 32N, 105 34 52E', '01'),
('273', 'Đan Phượng', 'Huyện', '21 07 13N, 105 40 49E', '01'),
('274', 'Hoài Đức', 'Huyện', '21 01 25N, 105 42 03E', '01'),
('275', 'Quốc Oai', 'Huyện', '20 58 45N, 105 36 43E', '01'),
('276', 'Thạch Thất', 'Huyện', '21 02 17N, 105 33 05E', '01'),
('277', 'Chương Mỹ', 'Huyện', '20 52 46N, 105 39 01E', '01'),
('278', 'Thanh Oai', 'Huyện', '20 51 44N, 105 46 18E', '01'),
('279', 'Thường Tín', 'Huyện', '20 49 59N, 105 22 19E', '01'),
('280', 'Phú Xuyên', 'Huyện', '20 43 37N, 105 53 43E', '01'),
('281', 'Ứng Hòa', 'Huyện', '20 42 41N, 105 47 58E', '01'),
('282', 'Mỹ Đức', 'Huyện', '20 41 53N, 105 43 31E', '01'),
('288', 'Hải Dương', 'Thành Phố', '20 56 14N, 106 18 21E', '30'),
('290', 'Chí Linh', 'Huyện', '21 07 47N, 106 23 46E', '30'),
('291', 'Nam Sách', 'Huyện', '21 00 15N, 106 20 26E', '30'),
('292', 'Kinh Môn', 'Huyện', '21 00 04N, 106 30 23E', '30'),
('293', 'Kim Thành', 'Huyện', '20 55 40N, 106 30 33E', '30'),
('294', 'Thanh Hà', 'Huyện', '20 53 19N, 106 25 43E', '30'),
('295', 'Cẩm Giàng', 'Huyện', '20 57 05N, 106 12 29E', '30'),
('296', 'Bình Giang', 'Huyện', '20 52 36N, 106 11 24E', '30'),
('297', 'Gia Lộc', 'Huyện', '20 51 01N, 106 17 34E', '30'),
('298', 'Tứ Kỳ', 'Huyện', '20 49 05N, 106 24 05E', '30'),
('299', 'Ninh Giang', 'Huyện', '20 45 13N, 106 20 09E', '30'),
('300', 'Thanh Miện', 'Huyện', '20 46 02N, 106 12 26E', '30'),
('303', 'Hồng Bàng', 'Quận', '20 52 37N, 106 38 32E', '31'),
('304', 'Ngô Quyền', 'Quận', '20 51 13N, 106 41 57E', '31'),
('305', 'Lê Chân', 'Quận', '20 50 12N, 106 40 30E', '31'),
('306', 'Hải An', 'Quận', '20 49 38N, 106 45 57E', '31'),
('307', 'Kiến An', 'Quận', '20 48 26N, 106 38 03E', '31'),
('308', 'Đồ Sơn', 'Quận', '20 42 41N, 106 44 54E', '31'),
('309', 'Kinh Dương', 'Quận', '', '31'),
('311', 'Thuỷ Nguyên', 'Huyện', '20 56 36N, 106 39 38E', '31'),
('312', 'An Dương', 'Huyện', '20 53 06N, 106 35 36E', '31'),
('313', 'An Lão', 'Huyện', '20 47 54N, 106 33 19E', '31'),
('314', 'Kiến Thụy', 'Huyện', '20 45 13N, 106 41 47E', '31'),
('315', 'Tiên Lãng', 'Huyện', '20 42 23N, 106 36 03E', '31'),
('316', 'Vĩnh Bảo', 'Huyện', '20 40 56N, 106 29 57E', '31'),
('317', 'Cát Hải', 'Huyện', '20 47 09N, 106 58 07E', '31'),
('318', 'Bạch Long Vĩ', 'Huyện', '20 08 41N, 107 42 51E', '31'),
('323', 'Hưng Yên', 'Thành Phố', '20 39 38N, 106 03 08E', '33'),
('325', 'Văn Lâm', 'Huyện', '20 58 31N, 106 02 51E', '33'),
('326', 'Văn Giang', 'Huyện', '20 55 51N, 105 57 14E', '33'),
('327', 'Yên Mỹ', 'Huyện', '20 53 45N, 106 01 21E', '33'),
('328', 'Mỹ Hào', 'Huyện', '20 55 35N, 106 05 34E', '33'),
('329', 'Ân Thi', 'Huyện', '20 48 49N, 106 05 30E', '33'),
('330', 'Khoái Châu', 'Huyện', '20 49 53N, 105 58 28E', '33'),
('331', 'Kim Động', 'Huyện', '20 44 47N, 106 01 47E', '33'),
('332', 'Tiên Lữ', 'Huyện', '20 40 05N, 106 07 59E', '33'),
('333', 'Phù Cừ', 'Huyện', '20 42 51N, 106 11 30E', '33'),
('336', 'Thái Bình', 'Thành Phố', '20 26 45N, 106 19 56E', '34'),
('338', 'Quỳnh Phụ', 'Huyện', '20 38 57N, 106 21 16E', '34'),
('339', 'Hưng Hà', 'Huyện', '20 35 38N, 106 12 42E', '34'),
('340', 'Đông Hưng', 'Huyện', '20 32 50N, 106 20 15E', '34'),
('341', 'Thái Thụy', 'Huyện', '20 32 33N, 106 32 32E', '34'),
('342', 'Tiền Hải', 'Huyện', '20 21 05N, 106 32 45E', '34'),
('343', 'Kiến Xương', 'Huyện', '20 23 52N, 106 25 22E', '34'),
('344', 'Vũ Thư', 'Huyện', '20 25 29N, 106 16 43E', '34'),
('347', 'Phủ Lý', 'Thành Phố', '20 32 19N, 105 54 55E', '35'),
('349', 'Duy Tiên', 'Huyện', '20 37 33N, 105 58 01E', '35'),
('350', 'Kim Bảng', 'Huyện', '20 34 19N, 105 50 41E', '35'),
('351', 'Thanh Liêm', 'Huyện', '20 27 31N, 105 55 09E', '35'),
('352', 'Bình Lục', 'Huyện', '20 29 23N, 106 02 52E', '35'),
('353', 'Lý Nhân', 'Huyện', '20 32 55N, 106 04 48E', '35'),
('356', 'Nam Định', 'Thành Phố', '20 25 07N, 106 09 54E', '36'),
('358', 'Mỹ Lộc', 'Huyện', '20 27 21N, 106 07 56E', '36'),
('359', 'Vụ Bản', 'Huyện', '20 22 57N, 106 05 35E', '36'),
('360', 'Ý Yên', 'Huyện', '20 19 48N, 106 01 55E', '36'),
('361', 'Nghĩa Hưng', 'Huyện', '20 05 37N, 106 08 59E', '36'),
('362', 'Nam Trực', 'Huyện', '20 20 08N, 106 12 54E', '36'),
('363', 'Trực Ninh', 'Huyện', '20 14 42N, 106 12 45E', '36'),
('364', 'Xuân Trường', 'Huyện', '20 17 53N, 106 21 43E', '36'),
('365', 'Giao Thủy', 'Huyện', '20 14 45N, 106 28 39E', '36'),
('366', 'Hải Hậu', 'Huyện', '20 06 26N, 106 16 29E', '36'),
('369', 'Ninh Bình', 'Thành Phố', '20 14 45N, 105 58 24E', '37'),
('370', 'Tam Điệp', 'Thị Xã', '20 09 42N, 103 52 43E', '37'),
('372', 'Nho Quan', 'Huyện', '20 18 46N, 105 42 48E', '37'),
('373', 'Gia Viễn', 'Huyện', '20 19 50N, 105 52 20E', '37'),
('374', 'Hoa Lư', 'Huyện', '20 15 04N, 105 55 52E', '37'),
('375', 'Yên Khánh', 'Huyện', '20 11 26N, 106 04 33E', '37'),
('376', 'Kim Sơn', 'Huyện', '20 02 07N, 106 05 27E', '37'),
('377', 'Yên Mô', 'Huyện', '20 07 45N, 105 59 45E', '37'),
('380', 'Thanh Hóa', 'Thành Phố', '19 48 26N, 105 47 37E', '38'),
('381', 'Bỉm Sơn', 'Thị Xã', '20 05 21N, 105 51 48E', '38'),
('382', 'Sầm Sơn', 'Thị Xã', '19 45 11N, 105 54 03E', '38'),
('384', 'Mường Lát', 'Huyện', '20 30 42N, 104 37 27E', '38'),
('385', 'Quan Hóa', 'Huyện', '20 29 15N, 104 56 35E', '38'),
('386', 'Bá Thước', 'Huyện', '20 22 48N, 105 14 50E', '38'),
('387', 'Quan Sơn', 'Huyện', '20 15 17N, 104 51 58E', '38'),
('388', 'Lang Chánh', 'Huyện', '20 08 58N, 105 07 40E', '38'),
('389', 'Ngọc Lặc', 'Huyện', '20 04 08N, 105 22 39E', '38'),
('390', 'Cẩm Thủy', 'Huyện', '20 12 20N, 105 27 22E', '38'),
('391', 'Thạch Thành', 'Huyện', '21 12 41N, 105 36 38E', '38'),
('392', 'Hà Trung', 'Huyện', '20 03 20N, 105 51 20E', '38'),
('393', 'Vĩnh Lộc', 'Huyện', '20 02 29N, 105 39 28E', '38'),
('394', 'Yên Định', 'Huyện', '20 00 31N, 105 37 44E', '38'),
('395', 'Thọ Xuân', 'Huyện', '19 55 39N, 105 29 14E', '38'),
('396', 'Thường Xuân', 'Huyện', '19 54 55N, 105 10 46E', '38'),
('397', 'Triệu Sơn', 'Huyện', '19 48 11N, 105 34 03E', '38'),
('398', 'Thiệu Hoá', 'Huyện', '19 53 56N, 105 40 57E', '38'),
('399', 'Hoằng Hóa', 'Huyện', '19 51 59N, 105 51 34E', '38'),
('400', 'Hậu Lộc', 'Huyện', '19 56 02N, 105 53 19E', '38'),
('401', 'Nga Sơn', 'Huyện', '20 00 16N, 105 59 26E', '38'),
('402', 'Như Xuân', 'Huyện', '19 5 55N, 105 20 22E', '38'),
('403', 'Như Thanh', 'Huyện', '19 35 19N, 105 33 09E', '38'),
('404', 'Nông Cống', 'Huyện', '19 36 58N, 105 40 54E', '38'),
('405', 'Đông Sơn', 'Huyện', '19 47 44N, 105 42 19E', '38'),
('406', 'Quảng Xương', 'Huyện', '19 40 53N, 105 48 01E', '38'),
('407', 'Tĩnh Gia', 'Huyện', '19 27 13N, 105 43 38E', '38'),
('412', 'Vinh', 'Thành Phố', '18 41 06N, 105 42 05E', '40'),
('413', 'Cửa Lò', 'Thị Xã', '18 47 26N, 105 43 31E', '40'),
('414', 'Thái Hoà', 'Thị Xã', '', '40'),
('415', 'Quế Phong', 'Huyện', '19 42 25N, 104 54 21E', '40'),
('416', 'Quỳ Châu', 'Huyện', '19 32 16N, 105 03 18E', '40'),
('417', 'Kỳ Sơn', 'Huyện', '19 24 36N, 104 09 45E', '40'),
('418', 'Tương Dương', 'Huyện', '19 19 15N, 104 35 41E', '40'),
('419', 'Nghĩa Đàn', 'Huyện', '19 21 19N, 105 26 33E', '40'),
('420', 'Quỳ Hợp', 'Huyện', '19 19 24N, 105 09 12E', '40'),
('421', 'Quỳnh Lưu', 'Huyện', '19 14 01N, 105 37 00E', '40'),
('422', 'Con Cuông', 'Huyện', '19 03 50N, 107 47 15E', '40'),
('423', 'Tân Kỳ', 'Huyện', '19 06 11N, 105 14 14E', '40'),
('424', 'Anh Sơn', 'Huyện', '18 58 04N, 105 04 30E', '40'),
('425', 'Diễn Châu', 'Huyện', '19 01 20N, 105 34 13E', '40'),
('426', 'Yên Thành', 'Huyện', '19 01 25N, 105 26 17E', '40'),
('427', 'Đô Lương', 'Huyện', '18 55 00N, 105 21 03E', '40'),
('428', 'Thanh Chương', 'Huyện', '18 44 11N, 105 12 59E', '40'),
('429', 'Nghi Lộc', 'Huyện', '18 47 41N, 105 31 30E', '40'),
('430', 'Nam Đàn', 'Huyện', '18 40 28N, 105 30 32E', '40'),
('431', 'Hưng Nguyên', 'Huyện', '18 41 13N, 105 37 41E', '40'),
('436', 'Hà Tĩnh', 'Thành Phố', '18 21 20N, 105 54 00E', '42'),
('437', 'Hồng Lĩnh', 'Thị Xã', '18 32 05N, 105 42 40E', '42'),
('439', 'Hương Sơn', 'Huyện', '18 26 47N, 105 19 36E', '42'),
('440', 'Đức Thọ', 'Huyện', '18 29 23N, 105 36 39E', '42'),
('441', 'Vũ Quang', 'Huyện', '18 19 30N, 105 26 38E', '42'),
('442', 'Nghi Xuân', 'Huyện', '18 38 46N, 105 46 17E', '42'),
('443', 'Can Lộc', 'Huyện', '18 26 39N, 105 46 13E', '42'),
('444', 'Hương Khê', 'Huyện', '18 11 36N, 105 41 24E', '42'),
('445', 'Thạch Hà', 'Huyện', '18 19 29N, 105 52 43E', '42'),
('446', 'Cẩm Xuyên', 'Huyện', '18 11 32N, 106 00 04E', '42'),
('447', 'Kỳ Anh', 'Huyện', '18 05 15N, 106 15 49E', '42'),
('448', 'Lộc Hà', 'Huyện', '', '42'),
('450', 'Đồng Hới', 'Thành Phố', '17 26 53N, 106 35 15E', '44'),
('452', 'Minh Hóa', 'Huyện', '17 44 03N, 105 51 45E', '44'),
('453', 'Tuyên Hóa', 'Huyện', '17 54 04N, 105 58 17E', '44'),
('454', 'Quảng Trạch', 'Huyện', '17 50 04N, 106 22 24E', '44'),
('455', 'Bố Trạch', 'Huyện', '17 29 13N, 106 06 54E', '44'),
('456', 'Quảng Ninh', 'Huyện', '17 15 15N, 106 32 31E', '44'),
('457', 'Lệ Thủy', 'Huyện', '17 07 35N, 106 41 47E', '44'),
('461', 'Đông Hà', 'Thành Phố', '16 48 12N, 107 05 12E', '45'),
('462', 'Quảng Trị', 'Thị Xã', '16 44 37N, 107 11 20E', '45'),
('464', 'Vĩnh Linh', 'Huyện', '17 01 35N, 106 53 49E', '45'),
('465', 'Hướng Hóa', 'Huyện', '16 42 19N, 106 40 14E', '45'),
('466', 'Gio Linh', 'Huyện', '16 54 49N, 106 56 16E', '45'),
('467', 'Đa Krông', 'Huyện', '16 33 58N, 106 55 49E', '45'),
('468', 'Cam Lộ', 'Huyện', '16 47 09N, 106 57 52E', '45'),
('469', 'Triệu Phong', 'Huyện', '16 46 32N, 107 09 12E', '45'),
('470', 'Hải Lăng', 'Huyện', '16 41 07N, 107 13 34E', '45'),
('471', 'Cồn Cỏ', 'Huyện', '19 09 39N, 107 19 58E', '45'),
('474', 'Huế', 'Thành Phố', '16 27 16N, 107 34 29E', '46'),
('476', 'Phong Điền', 'Huyện', '16 32 42N, 106 16 37E', '46'),
('477', 'Quảng Điền', 'Huyện', '16 35 21N, 107 29 31E', '46'),
('478', 'Phú Vang', 'Huyện', '16 27 20N, 107 42 28E', '46'),
('479', 'Hương Thủy', 'Huyện', '16 19 27N, 107 37 26E', '46'),
('480', 'Hương Trà', 'Huyện', '16 25 49N, 107 28 37E', '46'),
('481', 'A Lưới', 'Huyện', '16 13 59N, 107 16 12E', '46'),
('482', 'Phú Lộc', 'Huyện', '16 17 16N, 107 55 25E', '46'),
('483', 'Nam Đông', 'Huyện', '16 07 11N, 107 41 25E', '46'),
('490', 'Liên Chiểu', 'Quận', '16 07 26N, 108 07 04E', '48'),
('491', 'Thanh Khê', 'Quận', '16 03 28N, 108 11 00E', '48'),
('492', 'Hải Châu', 'Quận', '16 03 38N, 108 11 46E', '48'),
('493', 'Sơn Trà', 'Quận', '16 06 13N, 108 16 26E', '48'),
('494', 'Ngũ Hành Sơn', 'Quận', '16 00 30N, 108 15 09E', '48'),
('495', 'Cẩm Lệ', 'Quận', '', '48'),
('497', 'Hoà Vang', 'Huyện', '16 03 59N, 108 01 57E', '48'),
('498', 'Hoàng Sa', 'Huyện', '16 21 36N, 111 57 01E', '48'),
('502', 'Tam Kỳ', 'Thành Phố', '15 34 37N, 108 29 52E', '49'),
('503', 'Hội An', 'Thành Phố', '15 53 20N, 108 20 42E', '49'),
('504', 'Tây Giang', 'Huyện', '15 53 46N, 107 25 52E', '49'),
('505', 'Đông Giang', 'Huyện', '15 54 44N, 107 47 06E', '49'),
('506', 'Đại Lộc', 'Huyện', '15 50 10N, 107 58 27E', '49'),
('507', 'Điện Bàn', 'Huyện', '15 54 15N, 108 13 38E', '49'),
('508', 'Duy Xuyên', 'Huyện', '15 47 58N, 108 13 27E', '49'),
('509', 'Quế Sơn', 'Huyện', '15 41 03N, 108 05 34E', '49'),
('510', 'Nam Giang', 'Huyện', '15 36 37N, 107 33 52E', '49'),
('511', 'Phước Sơn', 'Huyện', '15 23 17N, 107 50 22E', '49'),
('512', 'Hiệp Đức', 'Huyện', '15 31 09N, 108 05 56E', '49'),
('513', 'Thăng Bình', 'Huyện', '15 42 29N, 108 22 04E', '49'),
('514', 'Tiên Phước', 'Huyện', '15 29 30N, 108 15 28E', '49'),
('515', 'Bắc Trà My', 'Huyện', '15 08 00N, 108 05 32E', '49'),
('516', 'Nam Trà My', 'Huyện', '15 16 40N, 108 12 15E', '49'),
('517', 'Núi Thành', 'Huyện', '15 26 53N, 108 34 49E', '49'),
('518', 'Phú Ninh', 'Huyện', '15 30 43N, 108 24 43E', '49'),
('519', 'Nông Sơn', 'Huyện', '', '49'),
('522', 'Quảng Ngãi', 'Thành Phố', '15 07 17N, 108 48 24E', '51'),
('524', 'Bình Sơn', 'Huyện', '15 18 45N, 108 45 35E', '51'),
('525', 'Trà Bồng', 'Huyện', '15 13 30N, 108 29 57E', '51'),
('526', 'Tây Trà', 'Huyện', '15 11 13N, 108 22 23E', '51'),
('527', 'Sơn Tịnh', 'Huyện', '15 11 49N, 108 45 03E', '51'),
('528', 'Tư Nghĩa', 'Huyện', '15 05 25N, 108 45 23E', '51'),
('529', 'Sơn Hà', 'Huyện', '14 58 35N, 108 29 09E', '51'),
('530', 'Sơn Tây', 'Huyện', '14 58 11N, 108 21 22E', '51'),
('531', 'Minh Long', 'Huyện', '14 56 49N, 108 40 19E', '51'),
('532', 'Nghĩa Hành', 'Huyện', '14 58 06N, 108 46 05E', '51'),
('533', 'Mộ Đức', 'Huyện', '11 59 13N, 108 52 21E', '51'),
('534', 'Đức Phổ', 'Huyện', '14 44 59N, 108 56 58E', '51'),
('535', 'Ba Tơ', 'Huyện', '14 42 52N, 108 43 44E', '51'),
('536', 'Lý Sơn', 'Huyện', '15 22 50N, 109 06 56E', '51'),
('540', 'Qui Nhơn', 'Thành Phố', '13 47 15N, 109 12 48E', '52'),
('542', 'An Lão', 'Huyện', '14 32 10N, 108 47 52E', '52'),
('543', 'Hoài Nhơn', 'Huyện', '14 30 56N, 109 01 56E', '52'),
('544', 'Hoài Ân', 'Huyện', '14 20 51N, 108 54 04E', '52'),
('545', 'Phù Mỹ', 'Huyện', '14 14 41N, 109 05 43E', '52'),
('546', 'Vĩnh Thạnh', 'Huyện', '14 14 26N, 108 44 08E', '52'),
('547', 'Tây Sơn', 'Huyện', '13 56 47N, 108 53 06E', '52'),
('548', 'Phù Cát', 'Huyện', '14 03 48N, 109 03 57E', '52'),
('549', 'An Nhơn', 'Huyện', '13 51 28N, 109 04 02E', '52'),
('550', 'Tuy Phước', 'Huyện', '13 46 30N, 109 05 38E', '52'),
('551', 'Vân Canh', 'Huyện', '13 40 35N, 108 57 52E', '52'),
('555', 'Tuy Hòa', 'Thành Phố', '13 05 42N, 109 15 50E', '54'),
('557', 'Sông Cầu', 'Thị Xã', '13 31 40N, 109 12 39E', '54'),
('558', 'Đồng Xuân', 'Huyện', '13 24 59N, 108 56 46E', '54'),
('559', 'Tuy An', 'Huyện', '13 15 19N, 109 12 21E', '54'),
('560', 'Sơn Hòa', 'Huyện', '13 12 16N, 108 57 17E', '54'),
('561', 'Sông Hinh', 'Huyện', '12 54 19N, 108 53 38E', '54'),
('562', 'Tây Hoà', 'Huyện', '', '54'),
('563', 'Phú Hoà', 'Huyện', '13 04 07N, 109 11 24E', '54'),
('564', 'Đông Hoà', 'Huyện', '', '54'),
('568', 'Nha Trang', 'Thành Phố', '12 15 40N, 109 10 40E', '56'),
('569', 'Cam Ranh', 'Thị Xã', '11 59 05N, 108 08 17E', '56'),
('570', 'Cam Lâm', 'Huyện', '', '56'),
('571', 'Vạn Ninh', 'Huyện', '12 43 10N, 109 11 18E', '56'),
('572', 'Ninh Hòa', 'Huyện', '12 32 54N, 109 06 11E', '56'),
('573', 'Khánh Vĩnh', 'Huyện', '12 17 50N, 108 51 56E', '56'),
('574', 'Diên Khánh', 'Huyện', '12 13 19N, 109 02 16E', '56'),
('575', 'Khánh Sơn', 'Huyện', '12 02 17N, 108 53 47E', '56'),
('576', 'Trường Sa', 'Huyện', '9 07 27N, 114 15 00E', '56'),
('582', 'Phan Rang-Tháp Chàm', 'Thành Phố', '11 36 11N, 108 58 34E', '58'),
('584', 'Bác Ái', 'Huyện', '11 54 45N, 108 51 29E', '58'),
('585', 'Ninh Sơn', 'Huyện', '11 42 36N, 108 44 55E', '58'),
('586', 'Ninh Hải', 'Huyện', '11 42 46N, 109 05 41E', '58'),
('587', 'Ninh Phước', 'Huyện', '11 28 56N, 108 50 34E', '58'),
('588', 'Thuận Bắc', 'Huyện', '', '58'),
('589', 'Thuận Nam', 'Huyện', '', '58'),
('593', 'Phan Thiết', 'Thành Phố', '10 54 16N, 108 03 44E', '60'),
('594', 'La Gi', 'Thị Xã', '', '60'),
('595', 'Tuy Phong', 'Huyện', '11 20 26N, 108 41 15E', '60'),
('596', 'Bắc Bình', 'Huyện', '11 15 52N, 108 21 33E', '60'),
('597', 'Hàm Thuận Bắc', 'Huyện', '11 09 18N, 108 03 07E', '60'),
('598', 'Hàm Thuận Nam', 'Huyện', '10 56 20N, 107 54 38E', '60'),
('599', 'Tánh Linh', 'Huyện', '11 08 26N, 107 41 22E', '60'),
('600', 'Đức Linh', 'Huyện', '11 11 43N, 107 31 34E', '60'),
('601', 'Hàm Tân', 'Huyện', '10 44 41N, 107 41 33E', '60'),
('602', 'Phú Quí', 'Huyện', '10 33 13N, 108 57 46E', '60'),
('608', 'Kon Tum', 'Thành Phố', '14 20 32N, 107 58 04E', '62'),
('610', 'Đắk Glei', 'Huyện', '15 08 13N, 107 44 03E', '62'),
('611', 'Ngọc Hồi', 'Huyện', '14 44 23N, 107 38 49E', '62'),
('612', 'Đắk Tô', 'Huyện', '14 46 49N, 107 55 36E', '62'),
('613', 'Kon Plông', 'Huyện', '14 48 13N, 108 20 05E', '62'),
('614', 'Kon Rẫy', 'Huyện', '14 32 56N, 108 13 09E', '62'),
('615', 'Đắk Hà', 'Huyện', '14 36 50N, 107 59 55E', '62'),
('616', 'Sa Thầy', 'Huyện', '14 16 02N, 107 36 30E', '62'),
('617', 'Tu Mơ Rông', 'Huyện', '', '62'),
('622', 'Pleiku', 'Thành Phố', '13 57 42N, 107 58 03E', '64'),
('623', 'An Khê', 'Thị Xã', '14 01 24N, 108 41 29E', '64'),
('624', 'Ayun Pa', 'Thị Xã', '', '64'),
('625', 'Kbang', 'Huyện', '14 18 08N, 108 29 17E', '64'),
('626', 'Đăk Đoa', 'Huyện', '14 07 02N, 108 09 36E', '64'),
('627', 'Chư Păh', 'Huyện', '14 13 30N, 107 56 33E', '64'),
('628', 'Ia Grai', 'Huyện', '13 59 25N, 107 43 16E', '64'),
('629', 'Mang Yang', 'Huyện', '13 57 26N, 108 18 37E', '64'),
('630', 'Kông Chro', 'Huyện', '13 45 47N, 108 36 04E', '64'),
('631', 'Đức Cơ', 'Huyện', '13 46 16N, 107 38 26E', '64'),
('632', 'Chư Prông', 'Huyện', '13 35 39N, 107 47 36E', '64'),
('633', 'Chư Sê', 'Huyện', '13 37 04N, 108 06 56E', '64'),
('634', 'Đăk Pơ', 'Huyện', '13 55 47N, 108 36 16E', '64'),
('635', 'Ia Pa', 'Huyện', '13 31 37N, 108 30 34E', '64'),
('637', 'Krông Pa', 'Huyện', '13 14 13N, 108 39 12E', '64'),
('638', 'Phú Thiện', 'Huyện', '', '64'),
('639', 'Chư Pưh', 'Huyện', '', '64'),
('643', 'Buôn Ma Thuột', 'Thành Phố', '12 39 43N, 108 10 40E', '66'),
('644', 'Buôn Hồ', 'Thị Xã', '', '66'),
('645', 'Ea H\'leo', 'Huyện', '13 13 52N, 108 12 30E', '66'),
('646', 'Ea Súp', 'Huyện', '13 10 59N, 107 46 49E', '66'),
('647', 'Buôn Đôn', 'Huyện', '12 52 45N, 107 45 20E', '66'),
('648', 'Cư M\'gar', 'Huyện', '12 53 47N, 108 04 16E', '66'),
('649', 'Krông Búk', 'Huyện', '12 56 27N, 108 13 54E', '66'),
('650', 'Krông Năng', 'Huyện', '12 59 41N, 108 23 42E', '66'),
('651', 'Ea Kar', 'Huyện', '12 48 17N, 108 32 42E', '66'),
('652', 'M\'đrắk', 'Huyện', '12 42 14N, 108 47 09E', '66'),
('653', 'Krông Bông', 'Huyện', '12 27 08N, 108 27 01E', '66'),
('654', 'Krông Pắc', 'Huyện', '12 41 20N, 108 18 42E', '66'),
('655', 'Krông A Na', 'Huyện', '12 31 51N, 108 05 03E', '66'),
('656', 'Lắk', 'Huyện', '12 19 20N, 108 12 17E', '66'),
('657', 'Cư Kuin', 'Huyện', '', '66'),
('660', 'Gia Nghĩa', 'Thị Xã', '', '67'),
('661', 'Đắk Glong', 'Huyện', '12 01 53N, 107 50 37E', '67'),
('662', 'Cư Jút', 'Huyện', '12 40 56N, 107 44 44E', '67'),
('663', 'Đắk Mil', 'Huyện', '12 31 08N, 107 42 24E', '67'),
('664', 'Krông Nô', 'Huyện', '12 22 16N, 107 53 49E', '67'),
('665', 'Đắk Song', 'Huyện', '12 14 04N, 107 36 30E', '67'),
('666', 'Đắk R\'lấp', 'Huyện', '12 02 30N, 107 25 59E', '67'),
('667', 'Tuy Đức', 'Huyện', '', '67'),
('672', 'Đà Lạt', 'Thành Phố', '11 54 33N, 108 27 08E', '68'),
('673', 'Bảo Lộc', 'Thị Xã', '11 32 48N, 107 47 37E', '68'),
('674', 'Đam Rông', 'Huyện', '12 02 35N, 108 10 26E', '68'),
('675', 'Lạc Dương', 'Huyện', '12 08 30N, 108 27 48E', '68'),
('676', 'Lâm Hà', 'Huyện', '11 55 26N, 108 11 31E', '68'),
('677', 'Đơn Dương', 'Huyện', '11 48 26N, 108 32 48E', '68'),
('678', 'Đức Trọng', 'Huyện', '11 41 50N, 108 18 58E', '68'),
('679', 'Di Linh', 'Huyện', '11 31 10N, 108 05 23E', '68'),
('680', 'Bảo Lâm', 'Huyện', '11 38 31N, 107 43 25E', '68'),
('681', 'Đạ Huoai', 'Huyện', '11 27 11N, 107 38 08E', '68'),
('682', 'Đạ Tẻh', 'Huyện', '11 33 46N, 107 32 00E', '68'),
('683', 'Cát Tiên', 'Huyện', '11 39 38N, 107 23 27E', '68'),
('688', 'Phước Long', 'Thị Xã', '', '70'),
('689', 'Đồng Xoài', 'Thị Xã', '11 31 01N, 106 50 21E', '70'),
('690', 'Bình Long', 'Thị Xã', '', '70'),
('691', 'Bù Gia Mập', 'Huyện', '11 56 57N, 106 59 21E', '70'),
('692', 'Lộc Ninh', 'Huyện', '11 49 28N, 106 35 11E', '70'),
('693', 'Bù Đốp', 'Huyện', '11 59 08N, 106 49 54E', '70'),
('694', 'Hớn Quản', 'Huyện', '11 37 37N, 106 36 02E', '70'),
('695', 'Đồng Phù', 'Huyện', '11 28 45N, 106 57 07E', '70'),
('696', 'Bù Đăng', 'Huyện', '11 46 09N, 107 14 14E', '70'),
('697', 'Chơn Thành', 'Huyện', '11 28 45N, 106 39 26E', '70'),
('703', 'Tây Ninh', 'Thị Xã', '11 21 59N, 106 07 47E', '72'),
('705', 'Tân Biên', 'Huyện', '11 35 14N, 105 57 53E', '72'),
('706', 'Tân Châu', 'Huyện', '11 34 49N, 106 17 48E', '72'),
('707', 'Dương Minh Châu', 'Huyện', '11 22 04N, 106 16 58E', '72'),
('708', 'Châu Thành', 'Huyện', '11 19 02N, 106 00 15E', '72'),
('709', 'Hòa Thành', 'Huyện', '11 15 31N, 106 08 44E', '72'),
('710', 'Gò Dầu', 'Huyện', '11 09 39N, 106 14 42E', '72'),
('711', 'Bến Cầu', 'Huyện', '11 07 50N, 106 08 25E', '72'),
('712', 'Trảng Bàng', 'Huyện', '11 06 18N, 106 23 12E', '72'),
('718', 'Thủ Dầu Một', 'Thị Xã', '11 00 01N, 106 38 56E', '74'),
('720', 'Dầu Tiếng', 'Huyện', '11 19 07N, 106 26 59E', '74'),
('721', 'Bến Cát', 'Huyện', '11 12 42N, 106 36 28E', '74'),
('722', 'Phú Giáo', 'Huyện', '11 20 21N, 106 47 48E', '74'),
('723', 'Tân Uyên', 'Huyện', '11 06 31N, 106 49 02E', '74'),
('724', 'Dĩ An', 'Huyện', '10 55 03N, 106 47 09E', '74'),
('725', 'Thuận An', 'Huyện', '10 55 58N, 106 41 59E', '74'),
('731', 'Biên Hòa', 'Thành Phố', '10 56 31N, 106 50 50E', '75'),
('732', 'Long Khánh', 'Thị Xã', '10 56 24N, 107 14 29E', '75'),
('734', 'Tân Phú', 'Huyện', '11 22 51N, 107 21 35E', '75'),
('735', 'Vĩnh Cửu', 'Huyện', '11 14 31N, 107 00 06E', '75'),
('736', 'Định Quán', 'Huyện', '11 12 41N, 107 17 03E', '75'),
('737', 'Trảng Bom', 'Huyện', '10 58 39N, 107 00 52E', '75'),
('738', 'Thống Nhất', 'Huyện', '10 58 29N, 107 09 26E', '75'),
('739', 'Cẩm Mỹ', 'Huyện', '10 47 05N, 107 14 36E', '75'),
('740', 'Long Thành', 'Huyện', '10 47 38N, 106 59 42E', '75'),
('741', 'Xuân Lộc', 'Huyện', '10 55 39N, 107 24 21E', '75'),
('742', 'Nhơn Trạch', 'Huyện', '10 39 18N, 106 53 18E', '75'),
('747', 'Vũng Tầu', 'Thành Phố', '10 24 08N, 107 07 05E', '77'),
('748', 'Bà Rịa', 'Thị Xã', '10 30 33N, 107 10 47E', '77'),
('750', 'Châu Đức', 'Huyện', '10 39 23N, 107 15 08E', '77'),
('751', 'Xuyên Mộc', 'Huyện', '10 37 46N, 107 29 39E', '77'),
('752', 'Long Điền', 'Huyện', '10 26 47N, 107 12 53E', '77'),
('753', 'Đất Đỏ', 'Huyện', '10 28 40N, 107 18 27E', '77'),
('754', 'Tân Thành', 'Huyện', '10 34 50N, 107 05 06E', '77'),
('755', 'Côn Đảo', 'Huyện', '8 42 25N, 106 36 05E', '77'),
('760', '1', 'Quận', '10 46 34N, 106 41 45E', '79'),
('761', '12', 'Quận', '10 51 43N, 106 39 32E', '79'),
('762', 'Thủ Đức', 'Quận', '10 51 20N, 106 45 05E', '79'),
('763', '9', 'Quận', '10 49 49N, 106 49 03E', '79'),
('764', 'Gò Vấp', 'Quận', '10 50 12N, 106 39 52E', '79'),
('765', 'Bình Thạnh', 'Quận', '10 48 46N, 106 42 57E', '79'),
('766', 'Tân Bình', 'Quận', '10 48 13N, 106 39 03E', '79'),
('767', 'Tân Phú', 'Quận', '10 47 32N, 106 37 31E', '79'),
('768', 'Phú Nhuận', 'Quận', '10 48 06N, 106 40 39E', '79'),
('769', '2', 'Quận', '10 46 51N, 106 45 25E', '79'),
('770', '3', 'Quận', '10 46 48N, 106 40 46E', '79'),
('771', '10', 'Quận', '10 46 25N, 106 40 02E', '79'),
('772', '11', 'Quận', '10 46 01N, 106 38 44E', '79'),
('773', '4', 'Quận', '10 45 42N, 106 42 09E', '79'),
('774', '5', 'Quận', '10 45 24N, 106 40 00E', '79'),
('775', '6', 'Quận', '10 44 46N, 106 38 10E', '79'),
('776', '8', 'Quận', '10 43 24N, 106 37 40E', '79'),
('777', 'Bình Tân', 'Quận', '10 46 16N, 106 35 26E', '79'),
('778', '7', 'Quận', '10 44 19N, 106 43 35E', '79'),
('783', 'Củ Chi', 'Huyện', '11 02 17N, 106 30 20E', '79'),
('784', 'Hóc Môn', 'Huyện', '10 52 42N, 106 35 33E', '79'),
('785', 'Bình Chánh', 'Huyện', '10 45 01N, 106 30 45E', '79'),
('786', 'Nhà Bè', 'Huyện', '10 39 06N, 106 43 35E', '79'),
('787', 'Cần Giờ', 'Huyện', '10 30 43N, 106 52 50E', '79'),
('794', 'Tân An', 'Thành Phố', '10 31 36N, 106 24 06E', '80'),
('796', 'Tân Hưng', 'Huyện', '10 49 05N, 105 39 26E', '80'),
('797', 'Vĩnh Hưng', 'Huyện', '10 52 54N, 105 45 58E', '80'),
('798', 'Mộc Hóa', 'Huyện', '10 47 09N, 105 57 56E', '80'),
('799', 'Tân Thạnh', 'Huyện', '10 37 44N, 105 57 07E', '80'),
('800', 'Thạnh Hóa', 'Huyện', '10 41 37N, 106 11 08E', '80'),
('801', 'Đức Huệ', 'Huyện', '10 51 57N, 106 15 48E', '80'),
('802', 'Đức Hòa', 'Huyện', '10 53 04N, 106 23 58E', '80'),
('803', 'Bến Lức', 'Huyện', '10 41 40N, 106 26 28E', '80'),
('804', 'Thủ Thừa', 'Huyện', '10 39 41N, 106 20 12E', '80'),
('805', 'Tân Trụ', 'Huyện', '10 31 47N, 106 30 06E', '80'),
('806', 'Cần Đước', 'Huyện', '10 32 21N, 106 36 33E', '80'),
('807', 'Cần Giuộc', 'Huyện', '10 34 43N, 106 38 35E', '80'),
('808', 'Châu Thành', 'Huyện', '10 27 52N, 106 30 00E', '80'),
('815', 'Mỹ Tho', 'Thành Phố', '10 22 14N, 106 21 52E', '82'),
('816', 'Gò Công', 'Thị Xã', '10 21 55N, 106 40 24E', '82'),
('818', 'Tân Phước', 'Huyện', '10 30 36N, 106 13 02E', '82'),
('819', 'Cái Bè', 'Huyện', '10 24 21N, 105 56 01E', '82'),
('820', 'Cai Lậy', 'Huyện', '10 24 20N, 106 06 05E', '82'),
('821', 'Châu Thành', 'Huyện', '20 25 21N, 106 16 57E', '82'),
('822', 'Chợ Gạo', 'Huyện', '10 23 45N, 106 26 53E', '82'),
('823', 'Gò Công Tây', 'Huyện', '10 19 55N, 106 35 02E', '82'),
('824', 'Gò Công Đông', 'Huyện', '10 20 42N, 106 42 54E', '82'),
('825', 'Tân Phú Đông', 'Huyện', '', '82'),
('829', 'Bến Tre', 'Thành Phố', '10 14 17N, 106 22 26E', '83'),
('831', 'Châu Thành', 'Huyện', '10 17 24N, 106 17 45E', '83'),
('832', 'Chợ Lách', 'Huyện', '10 13 26N, 106 09 08E', '83'),
('833', 'Mỏ Cày Nam', 'Huyện', '10 06 56N, 106 19 40E', '83'),
('834', 'Giồng Trôm', 'Huyện', '10 08 46N, 106 28 12E', '83'),
('835', 'Bình Đại', 'Huyện', '10 09 56N, 106 37 46E', '83'),
('836', 'Ba Tri', 'Huyện', '10 04 08N, 106 35 10E', '83'),
('837', 'Thạnh Phú', 'Huyện', '9 55 53N, 106 32 45E', '83'),
('838', 'Mỏ Cày Bắc', 'Huyện', '', '83'),
('842', 'Trà Vinh', 'Thị Xã', '9 57 09N, 106 20 39E', '84'),
('844', 'Càng Long', 'Huyện', '9 58 18N, 106 12 52E', '84'),
('845', 'Cầu Kè', 'Huyện', '9 51 23N, 106 03 33E', '84'),
('846', 'Tiểu Cần', 'Huyện', '9 48 37N, 106 12 06E', '84'),
('847', 'Châu Thành', 'Huyện', '9 52 57N, 106 24 12E', '84'),
('848', 'Cầu Ngang', 'Huyện', '9 47 14N, 106 29 19E', '84'),
('849', 'Trà Cú', 'Huyện', '9 42 06N, 106 16 24E', '84'),
('850', 'Duyên Hải', 'Huyện', '9 39 58N, 106 26 23E', '84'),
('855', 'Vĩnh Long', 'Thành Phố', '10 15 09N, 105 56 08E', '86'),
('857', 'Long Hồ', 'Huyện', '10 13 58N, 105 55 47E', '86'),
('858', 'Mang Thít', 'Huyện', '10 10 58N, 106 05 13E', '86'),
('859', 'Vũng Liêm', 'Huyện', '10 03 32N, 106 10 35E', '86'),
('860', 'Tam Bình', 'Huyện', '10 03 58N, 105 58 03E', '86'),
('861', 'Bình Minh', 'Huyện', '10 05 45N, 105 47 21E', '86'),
('862', 'Trà Ôn', 'Huyện', '9 59 20N, 105 57 56E', '86'),
('863', 'Bình Tân', 'Huyện', '', '86'),
('866', 'Cao Lãnh', 'Thành Phố', '10 27 38N, 105 37 21E', '87'),
('867', 'Sa Đéc', 'Thị Xã', '10 19 22N, 105 44 31E', '87'),
('868', 'Hồng Ngự', 'Thị Xã', '', '87'),
('869', 'Tân Hồng', 'Huyện', '10 52 48N, 105 29 21E', '87'),
('870', 'Hồng Ngự', 'Huyện', '10 48 13N, 105 19 00E', '87'),
('871', 'Tam Nông', 'Huyện', '10 44 06N, 105 30 58E', '87'),
('872', 'Tháp Mười', 'Huyện', '10 33 36N, 105 47 13E', '87'),
('873', 'Cao Lãnh', 'Huyện', '10 29 03N, 105 41 40E', '87'),
('874', 'Thanh Bình', 'Huyện', '10 36 38N, 105 28 51E', '87'),
('875', 'Lấp Vò', 'Huyện', '10 21 27N, 105 36 06E', '87'),
('876', 'Lai Vung', 'Huyện', '10 14 43N, 105 38 40E', '87'),
('877', 'Châu Thành', 'Huyện', '10 13 27N, 105 48 38E', '87'),
('883', 'Long Xuyên', 'Thành Phố', '10 22 22N, 105 25 33E', '89'),
('884', 'Châu Đốc', 'Thị Xã', '10 41 20N, 105 05 15E', '89'),
('886', 'An Phú', 'Huyện', '10 50 12N, 105 05 33E', '89'),
('887', 'Tân Châu', 'Thị Xã', '10 49 11N, 105 11 18E', '89'),
('888', 'Phú Tân', 'Huyện', '10 40 26N, 105 14 40E', '89'),
('889', 'Châu Phú', 'Huyện', '10 34 12N, 105 12 13E', '89'),
('890', 'Tịnh Biên', 'Huyện', '10 33 30N, 105 00 17E', '89'),
('891', 'Tri Tôn', 'Huyện', '10 24 41N, 104 56 58E', '89'),
('892', 'Châu Thành', 'Huyện', '10 25 39N, 105 15 31E', '89'),
('893', 'Chợ Mới', 'Huyện', '10 27 23N, 105 26 57E', '89'),
('894', 'Thoại Sơn', 'Huyện', '10 16 45N, 105 15 59E', '89'),
('899', 'Rạch Giá', 'Thành Phố', '10 01 35N, 105 06 20E', '91'),
('900', 'Hà Tiên', 'Thị Xã', '10 22 54N, 104 30 10E', '91'),
('902', 'Kiên Lương', 'Huyện', '10 20 21N, 104 39 46E', '91'),
('903', 'Hòn Đất', 'Huyện', '10 14 20N, 104 55 57E', '91'),
('904', 'Tân Hiệp', 'Huyện', '10 05 18N, 105 14 04E', '91'),
('905', 'Châu Thành', 'Huyện', '9 57 37N, 105 10 16E', '91'),
('906', 'Giồng Giềng', 'Huyện', '9 56 05N, 105 22 06E', '91'),
('907', 'Gò Quao', 'Huyện', '9 43 17N, 105 17 06E', '91'),
('908', 'An Biên', 'Huyện', '9 48 37N, 105 03 18E', '91'),
('909', 'An Minh', 'Huyện', '9 40 24N, 104 59 05E', '91'),
('910', 'Vĩnh Thuận', 'Huyện', '9 33 25N, 105 11 30E', '91'),
('911', 'Phú Quốc', 'Huyện', '10 13 44N, 103 57 25E', '91'),
('912', 'Kiên Hải', 'Huyện', '9 48 31N, 104 37 48E', '91'),
('913', 'U Minh Thượng', 'Huyện', '', '91'),
('914', 'Giang Thành', 'Huyện', '', '91'),
('916', 'Ninh Kiều', 'Quận', '10 01 58N, 105 45 34E', '92'),
('917', 'Ô Môn', 'Quận', '10 07 28N, 105 37 51E', '92'),
('918', 'Bình Thuỷ', 'Quận', '10 03 42N, 105 43 17E', '92'),
('919', 'Cái Răng', 'Quận', '9 59 57N, 105 46 56E', '92'),
('923', 'Thốt Nốt', 'Quận', '10 14 23N, 105 32 02E', '92'),
('924', 'Vĩnh Thạnh', 'Huyện', '10 11 35N, 105 22 45E', '92'),
('925', 'Cờ Đỏ', 'Huyện', '10 02 48N, 105 29 46E', '92'),
('926', 'Phong Điền', 'Huyện', '9 59 57N, 105 39 35E', '92'),
('927', 'Thới Lai', 'Huyện', '', '92'),
('930', 'Vị Thanh', 'Thị Xã', '9 45 15N, 105 24 50E', '93'),
('931', 'Ngã Bảy', 'Thị Xã', '', '93'),
('932', 'Châu Thành A', 'Huyện', '9 55 50N, 105 38 31E', '93'),
('933', 'Châu Thành', 'Huyện', '9 55 22N, 105 48 37E', '93'),
('934', 'Phụng Hiệp', 'Huyện', '9 47 20N, 105 43 29E', '93'),
('935', 'Vị Thuỷ', 'Huyện', '9 48 05N, 105 32 13E', '93'),
('936', 'Long Mỹ', 'Huyện', '9 40 47N, 105 30 53E', '93'),
('941', 'Sóc Trăng', 'Thành Phố', '9 36 39N, 105 59 00E', '94'),
('942', 'Châu Thành', 'Huyện', '', '94'),
('943', 'Kế Sách', 'Huyện', '9 49 30N, 105 57 25E', '94'),
('944', 'Mỹ Tú', 'Huyện', '9 38 21N, 105 49 52E', '94'),
('945', 'Cù Lao Dung', 'Huyện', '9 37 36N, 106 12 13E', '94'),
('946', 'Long Phú', 'Huyện', '9 34 38N, 106 06 07E', '94'),
('947', 'Mỹ Xuyên', 'Huyện', '9 28 16N, 105 55 51E', '94'),
('948', 'Ngã Năm', 'Huyện', '9 31 38N, 105 37 22E', '94'),
('949', 'Thạnh Trị', 'Huyện', '9 28 05N, 105 43 02E', '94'),
('950', 'Vĩnh Châu', 'Huyện', '9 20 50N, 105 59 58E', '94'),
('951', 'Trần Đề', 'Huyện', '', '94'),
('954', 'Bạc Liêu', 'Thị Xã', '9 16 05N, 105 45 08E', '95'),
('956', 'Hồng Dân', 'Huyện', '9 30 37N, 105 24 25E', '95'),
('957', 'Phước Long', 'Huyện', '9 23 13N, 105 24 41E', '95'),
('958', 'Vĩnh Lợi', 'Huyện', '9 16 51N, 105 40 54E', '95'),
('959', 'Giá Rai', 'Huyện', '9 15 51N, 105 23 18E', '95'),
('960', 'Đông Hải', 'Huyện', '9 08 11N, 105 24 42E', '95'),
('961', 'Hoà Bình', 'Huyện', '', '95'),
('964', 'Cà Mau', 'Thành Phố', '9 10 33N, 105 11 11E', '96'),
('966', 'U Minh', 'Huyện', '9 22 30N, 104 57 00E', '96'),
('967', 'Thới Bình', 'Huyện', '9 22 50N, 105 07 35E', '96'),
('968', 'Trần Văn Thời', 'Huyện', '9 07 36N, 104 57 27E', '96'),
('969', 'Cái Nước', 'Huyện', '9 00 31N, 105 03 23E', '96'),
('970', 'Đầm Dơi', 'Huyện', '8 57 48N, 105 13 56E', '96'),
('971', 'Năm Căn', 'Huyện', '8 46 59N, 104 58 20E', '96'),
('972', 'Phú Tân', 'Huyện', '8 52 47N, 104 53 35E', '96'),
('973', 'Ngọc Hiển', 'Huyện', '8 40 47N, 104 57 58E', '96');

-- --------------------------------------------------------

--
-- Cấu trúc bảng cho bảng `landtype`
--

CREATE TABLE `landtype` (
  `id` tinyint(4) NOT NULL,
  `parentid` tinyint(4) NOT NULL DEFAULT '0',
  `name` varchar(255) COLLATE utf8_unicode_ci NOT NULL
) ENGINE=InnoDB DEFAULT CHARSET=utf8 COLLATE=utf8_unicode_ci;

--
-- Đang đổ dữ liệu cho bảng `landtype`
--

INSERT INTO `landtype` (`id`, `parentid`, `name`) VALUES
(1, 0, 'Bán căn hộ chung cư'),
(2, 0, 'Tất cả các loại nhà bán'),
(3, 0, 'Tất cả các loại đất bán'),
(4, 0, 'Bán trang trại, khu nghỉ dưỡng'),
(5, 0, 'Bán kho, nhà xưởng'),
(6, 0, 'Bán loại bất động sản khác'),
(7, 2, 'Bán nhà riêng'),
(8, 2, 'Bán nhà biệt thự, liền kề'),
(9, 2, 'Bán nhà mặt phố'),
(10, 3, 'Bán đất nền dự án'),
(11, 3, 'Bán đất'),
(12, 1, 'Can ho trung cu 1');

-- --------------------------------------------------------

--
-- Cấu trúc bảng cho bảng `province`
--

CREATE TABLE `province` (
  `provinceid` varchar(5) NOT NULL,
  `name` varchar(100) NOT NULL,
  `type` varchar(30) NOT NULL
) ENGINE=InnoDB DEFAULT CHARSET=utf8;

--
-- Đang đổ dữ liệu cho bảng `province`
--

INSERT INTO `province` (`provinceid`, `name`, `type`) VALUES
('01', 'Hà Nội', 'Thành Phố'),
('02', 'Hà Giang', 'Tỉnh'),
('04', 'Cao Bằng', 'Tỉnh'),
('06', 'Bắc Kạn', 'Tỉnh'),
('08', 'Tuyên Quang', 'Tỉnh'),
('10', 'Lào Cai', 'Tỉnh'),
('11', 'Điện Biên', 'Tỉnh'),
('12', 'Lai Châu', 'Tỉnh'),
('14', 'Sơn La', 'Tỉnh'),
('15', 'Yên Bái', 'Tỉnh'),
('17', 'Hòa Bình', 'Tỉnh'),
('19', 'Thái Nguyên', 'Tỉnh'),
('20', 'Lạng Sơn', 'Tỉnh'),
('22', 'Quảng Ninh', 'Tỉnh'),
('24', 'Bắc Giang', 'Tỉnh'),
('25', 'Phú Thọ', 'Tỉnh'),
('26', 'Vĩnh Phúc', 'Tỉnh'),
('27', 'Bắc Ninh', 'Tỉnh'),
('30', 'Hải Dương', 'Tỉnh'),
('31', 'Hải Phòng', 'Thành Phố'),
('33', 'Hưng Yên', 'Tỉnh'),
('34', 'Thái Bình', 'Tỉnh'),
('35', 'Hà Nam', 'Tỉnh'),
('36', 'Nam Định', 'Tỉnh'),
('37', 'Ninh Bình', 'Tỉnh'),
('38', 'Thanh Hóa', 'Tỉnh'),
('40', 'Nghệ An', 'Tỉnh'),
('42', 'Hà Tĩnh', 'Tỉnh'),
('44', 'Quảng Bình', 'Tỉnh'),
('45', 'Quảng Trị', 'Tỉnh'),
('46', 'Thừa Thiên Huế', 'Tỉnh'),
('48', 'Đà Nẵng', 'Thành Phố'),
('49', 'Quảng Nam', 'Tỉnh'),
('51', 'Quảng Ngãi', 'Tỉnh'),
('52', 'Bình Định', 'Tỉnh'),
('54', 'Phú Yên', 'Tỉnh'),
('56', 'Khánh Hòa', 'Tỉnh'),
('58', 'Ninh Thuận', 'Tỉnh'),
('60', 'Bình Thuận', 'Tỉnh'),
('62', 'Kon Tum', 'Tỉnh'),
('64', 'Gia Lai', 'Tỉnh'),
('66', 'Đắk Lắk', 'Tỉnh'),
('67', 'Đắk Nông', 'Tỉnh'),
('68', 'Lâm Đồng', 'Tỉnh'),
('70', 'Bình Phước', 'Tỉnh'),
('72', 'Tây Ninh', 'Tỉnh'),
('74', 'Bình Dương', 'Tỉnh'),
('75', 'Đồng Nai', 'Tỉnh'),
('77', 'Bà Rịa - Vũng Tàu', 'Tỉnh'),
('79', 'Hồ Chí Minh', 'Thành Phố'),
('80', 'Long An', 'Tỉnh'),
('82', 'Tiền Giang', 'Tỉnh'),
('83', 'Bến Tre', 'Tỉnh'),
('84', 'Trà Vinh', 'Tỉnh'),
('86', 'Vĩnh Long', 'Tỉnh'),
('87', 'Đồng Tháp', 'Tỉnh'),
('89', 'An Giang', 'Tỉnh'),
('91', 'Kiên Giang', 'Tỉnh'),
('92', 'Cần Thơ', 'Thành Phố'),
('93', 'Hậu Giang', 'Tỉnh'),
('94', 'Sóc Trăng', 'Tỉnh'),
('95', 'Bạc Liêu', 'Tỉnh'),
('96', 'Cà Mau', 'Tỉnh');

-- --------------------------------------------------------

--
-- Cấu trúc bảng cho bảng `tbfield_bds`
--

CREATE TABLE `tbfield_bds` (
  `id` int(11) NOT NULL,
  `_table` varchar(200) NOT NULL,
  `name` varchar(250) CHARACTER SET utf8 COLLATE utf8_unicode_ci NOT NULL,
  `required` int(11) NOT NULL DEFAULT '0',
  `type` varchar(250) NOT NULL,
  `options` text CHARACTER SET utf8 COLLATE utf8_unicode_ci,
  `field_order` int(11) NOT NULL,
  `id_field` varchar(250) NOT NULL,
  `bs_column` int(11) NOT NULL,
  `show_on_table` int(11) NOT NULL DEFAULT '0'
) ENGINE=InnoDB DEFAULT CHARSET=latin1;

--
-- Đang đổ dữ liệu cho bảng `tbfield_bds`
--

INSERT INTO `tbfield_bds` (`id`, `_table`, `name`, `required`, `type`, `options`, `field_order`, `id_field`, `bs_column`, `show_on_table`) VALUES
(1, 'menu_bds', 'Tên dự án', 0, 'input', '', 1, 'ten_du_an', 6, 1),
(2, 'menu_bds', 'Tòa', 1, 'input', '', 2, 'toa', 6, 1),
(3, 'menu_bds', 'Lầu', 0, 'input', NULL, 3, 'lau', 6, 1),
(4, 'menu_bds', 'Căn', 0, 'input', NULL, 4, 'can', 6, 1),
(5, 'menu_bds', 'Số nhà', 0, 'input', NULL, 4, 'so_nha', 6, 1),
(6, 'menu_bds', 'Đường', 0, 'input', NULL, 4, 'duong', 6, 1),
(7, 'menu_bds', 'Mặt tiền', 0, 'input', NULL, 5, 'mat_tien', 6, 1),
(8, 'menu_bds', 'Đường rộng', 0, 'input', NULL, 5, 'duong_rong', 6, 1),
(9, 'menu_bds', 'Số tầng', 0, 'input', NULL, 5, 'so_tang', 6, 1),
(10, 'menu_bds', 'Tiện ích', 0, 'input', NULL, 5, 'the_dien_tich', 6, 1);

-- --------------------------------------------------------

--
-- Cấu trúc bảng cho bảng `tblactivitylog`
--

CREATE TABLE `tblactivitylog` (
  `id` int(11) NOT NULL,
  `description` mediumtext NOT NULL,
  `date` datetime NOT NULL,
  `staffid` varchar(100) DEFAULT NULL
) ENGINE=MyISAM DEFAULT CHARSET=utf8;

--
-- Đang đổ dữ liệu cho bảng `tblactivitylog`
--

INSERT INTO `tblactivitylog` (`id`, `description`, `date`, `staffid`) VALUES
(1, 'Failed Login Attempt [Email:admin@admin.com, Is Staff Member:Yes, IP:::1]', '2017-03-30 14:25:38', NULL),
(2, 'Failed Login Attempt [Email:admin@admin.com, Is Staff Member:Yes, IP:::1]', '2017-03-30 14:25:45', NULL),
(3, 'Failed Login Attempt [Email:admin@admin.com, Is Staff Member:Yes, IP:::1]', '2017-03-30 14:26:21', NULL),
(4, 'New Client Created [FOSO From Staff: 1]', '2017-03-30 14:30:34', ' '),
(5, 'Failed Login Attempt [Email:client@test.com, Is Staff Member:No, IP:::1]', '2017-03-30 14:32:52', ' '),
(6, 'Contact Created [Khách hàng 1]', '2017-03-30 20:53:19', ' '),
(7, 'New Client Created [Viettel From Staff: 1]', '2017-03-30 20:53:19', ' '),
(8, 'Contact Created [FO SO]', '2017-03-30 20:57:05', ' '),
(9, 'New Contract Added [Báo cáo thuế]', '2017-03-31 00:14:42', ' '),
(10, 'Failed Login Attempt [Email:khachhang1@gmail.com, Is Staff Member:No, IP:::1]', '2017-03-31 00:25:03', ' '),
(11, 'Failed Login Attempt [Email:khachhang1@gmail.com, Is Staff Member:No, IP:::1]', '2017-03-31 00:25:13', ' '),
(12, 'New Staff Member Added [ID: 2, Tân Nguyễn]', '2017-03-31 00:37:49', ' '),
(13, 'Tried to access page where dont have permission [contracts]', '2017-03-31 00:44:01', 'Tân Nguyễn'),
(14, 'Role Updated [ID: 1.Sale]', '2017-03-31 00:46:52', ' '),
(15, 'New Role Added [ID: 2.Nghiệp Vụ]', '2017-03-31 00:47:42', ' '),
(16, 'New Role Added [ID: 3.Kế toán]', '2017-03-31 00:48:11', ' '),
(17, 'New Staff Member Added [ID: 3, Ngọc Hà]', '2017-03-31 00:49:22', ' '),
(18, 'Staff Member Updated [ID: 3, Ngọc Hà]', '2017-03-31 00:49:32', ' '),
(19, 'New Staff Member Added [ID: 4, Thùy Linh]', '2017-03-31 00:50:39', ' '),
(20, 'Tried to access page where dont have permission [settings]', '2017-03-31 00:53:35', 'Thùy Linh'),
(21, 'Customer Attachment Deleted [CustomerID: 2]', '2017-03-31 01:42:47', ' '),
(22, 'Customer Attachment Deleted [CustomerID: 2]', '2017-03-31 01:43:03', ' '),
(23, 'New Task Added [ID:1, Name: Nhiệm vụ 1]', '2017-04-03 12:52:35', ' '),
(24, 'New Task Added [ID:2, Name: Chăm sóc khách hàng]', '2017-04-03 12:56:14', ' '),
(25, 'New Task Added [ID:3, Name: Chăm sóc khách hàng]', '2017-04-03 12:58:03', ' '),
(26, 'Đã Hủy Đính Kèm của Khách Hàng [CustomerID: 1]', '2017-05-04 11:05:33', ' '),
(27, 'Đã Hủy Đính Kèm của Khách Hàng [CustomerID: 1]', '2017-05-04 11:08:00', ' '),
(28, 'Đã Hủy Đính Kèm của Khách Hàng [CustomerID: 1]', '2017-05-04 11:11:20', ' '),
(29, 'Đã Hủy Đính Kèm của Khách Hàng [CustomerID: 1]', '2017-05-04 11:14:45', ' '),
(30, 'Đã Hủy Đính Kèm của Khách Hàng [CustomerID: 1]', '2017-05-04 11:17:53', ' '),
(31, 'Đã Hủy Đính Kèm của Khách Hàng [CustomerID: 1]', '2017-05-04 11:18:07', ' '),
(32, 'Đã Hủy Đính Kèm của Khách Hàng [CustomerID: 1]', '2017-05-04 11:18:11', ' '),
(33, 'Đã Hủy Đính Kèm của Khách Hàng [CustomerID: 1]', '2017-05-04 11:21:05', ' '),
(34, 'Đã Hủy Đính Kèm của Khách Hàng [CustomerID: 1]', '2017-05-04 11:21:20', ' '),
(35, 'Đã Hủy Đính Kèm của Khách Hàng [CustomerID: 1]', '2017-05-04 11:25:18', ' '),
(36, 'Đã Hủy Đính Kèm của Khách Hàng [CustomerID: 1]', '2017-05-04 11:26:57', ' '),
(37, 'Đã Hủy Đính Kèm của Khách Hàng [CustomerID: 1]', '2017-05-04 11:32:55', ' '),
(38, 'Đã Hủy Đính Kèm của Khách Hàng [CustomerID: 2]', '2017-05-04 12:12:48', ' '),
(39, 'Đã Hủy Đính Kèm của Khách Hàng [CustomerID: 2]', '2017-05-04 13:45:39', ' '),
(40, 'Đã Hủy Đính Kèm của Khách Hàng [CustomerID: 2]', '2017-05-04 13:45:41', ' '),
(41, 'New Invoice Item Added [ID:1, nhân viên]', '2017-05-04 13:48:10', ' '),
(42, 'Invoice Item Deleted [ID: 1]', '2017-05-04 13:48:14', ' '),
(43, 'Đã Hủy Đính Kèm của Khách Hàng [CustomerID: 1]', '2017-05-04 13:48:40', ' '),
(44, 'Đã Hủy Đính Kèm của Khách Hàng [CustomerID: 1]', '2017-05-04 13:48:42', ' '),
(45, 'Đã Hủy Đính Kèm của Khách Hàng [CustomerID: 1]', '2017-05-04 16:09:21', ' '),
(46, 'Đã Hủy Đính Kèm của Khách Hàng [CustomerID: 1]', '2017-05-04 16:09:24', ' '),
(47, 'Đã Hủy Đính Kèm của Khách Hàng [CustomerID: 1]', '2017-05-04 16:09:27', ' '),
(48, 'Đã Hủy Đính Kèm của Khách Hàng [CustomerID: 1]', '2017-05-04 16:09:29', ' '),
(49, 'Đã Hủy Đính Kèm của Khách Hàng [CustomerID: 1]', '2017-05-04 16:59:05', ' '),
(50, 'Đã Hủy Đính Kèm của Khách Hàng [CustomerID: 1]', '2017-05-04 16:59:09', ' '),
(51, 'Đã Hủy Đính Kèm của Khách Hàng [CustomerID: 1]', '2017-05-04 17:02:58', ' '),
(52, 'Đã Hủy Đính Kèm của Khách Hàng [CustomerID: 1]', '2017-05-04 17:03:00', ' '),
(53, 'Đã Hủy Đính Kèm của Khách Hàng [CustomerID: 1]', '2017-05-04 17:03:03', ' '),
(54, 'Đã Hủy Đính Kèm của Khách Hàng [CustomerID: 1]', '2017-05-04 17:03:05', ' '),
(55, 'Đã Hủy Đính Kèm của Khách Hàng [CustomerID: 1]', '2017-05-04 17:03:08', ' '),
(56, 'Đã Hủy Đính Kèm của Khách Hàng [CustomerID: 1]', '2017-05-04 17:07:22', ' '),
(57, 'Đã Hủy Đính Kèm của Khách Hàng [CustomerID: 1]', '2017-05-04 17:47:30', ' '),
(58, 'Đã Hủy Đính Kèm của Khách Hàng [CustomerID: 1]', '2017-05-04 17:47:32', ' '),
(59, 'Đã Hủy Đính Kèm của Khách Hàng [CustomerID: 1]', '2017-05-04 17:47:34', ' '),
(60, 'Đã Hủy Đính Kèm của Khách Hàng [CustomerID: 1]', '2017-05-04 17:47:37', ' '),
(61, 'Đã Hủy Đính Kèm của Khách Hàng [CustomerID: 1]', '2017-05-04 17:47:39', ' '),
(62, 'Đã Hủy Đính Kèm của Khách Hàng [CustomerID: 1]', '2017-05-05 08:37:10', ' '),
(63, 'Đã Hủy Đính Kèm của Khách Hàng [CustomerID: 1]', '2017-05-05 09:07:25', ' '),
(64, 'Đã Hủy Đính Kèm của Khách Hàng [CustomerID: 1]', '2017-05-05 09:07:43', ' '),
(65, 'Đã Hủy Đính Kèm của Khách Hàng [CustomerID: 1]', '2017-05-05 09:54:08', ' '),
(66, 'Đã Hủy Đính Kèm của Khách Hàng [CustomerID: 1]', '2017-05-05 09:54:11', ' '),
(67, 'Items Group Created [Name: Thuy]', '2017-05-05 15:37:46', ' '),
(68, 'Items Land Type Updated [Name: Thuy aa]', '2017-05-05 15:38:05', ' '),
(69, 'Items Land Type Created [Name: thuy]', '2017-05-05 15:38:32', ' '),
(70, 'Invoice Item Deleted [ID: 15]', '2017-05-05 16:08:41', ' '),
(71, 'New Invoice Item Added [ID:17, dsad]', '2017-05-05 16:08:51', ' '),
(72, 'Invoice Item Updated [ID: 17, dsad]', '2017-05-05 16:14:03', ' '),
(73, 'New Invoice Item Added [ID:18, fgfdg]', '2017-05-05 16:18:31', ' '),
(74, 'Invoice Item Updated [ID: 17, dsad]', '2017-05-05 16:38:45', ' '),
(75, 'New Invoice Item Added [ID:19, sdsadsa]', '2017-05-05 16:47:20', ' '),
(76, 'Invoice Item Updated [ID: 17, dsad]', '2017-05-06 08:26:00', ' '),
(77, 'Invoice Item Updated [ID: 19, sdsadsa]', '2017-05-06 08:34:51', ' '),
(78, 'Invoice Item Updated [ID: 19, sdsadsa]', '2017-05-06 08:35:05', ' '),
(79, 'Invoice Item Updated [ID: 19, sdsadsa]', '2017-05-06 08:35:24', ' '),
(80, 'Invoice Item Updated [ID: 19, sdsadsa]', '2017-05-06 08:37:09', ' '),
(81, 'Invoice Item Updated [ID: 19, sdsadsa]', '2017-05-06 08:37:23', ' '),
(82, 'Invoice Item Updated [ID: 16, sdvdsf]', '2017-05-06 08:39:52', ' '),
(83, 'New Invoice Item Added [ID:20, aaaa]', '2017-05-06 08:46:24', ' '),
(84, 'Invoice Item Updated [ID: 19, sdsadsa]', '2017-05-06 09:05:46', ' '),
(85, 'Invoice Item Updated [ID: 19, sdsadsa]', '2017-05-06 09:06:12', ' '),
(86, 'Invoice Item Updated [ID: 16, sdvdsf]', '2017-05-06 09:11:33', ' '),
(87, 'New Invoice Item Added [ID:21, Thuy]', '2017-05-06 09:12:25', ' '),
(88, 'New Invoice Item Added [ID:22, Tan]', '2017-05-06 09:14:43', ' '),
(89, 'New Invoice Item Added [ID:23, wedwae]', '2017-05-06 09:28:17', ' '),
(90, 'Invoice Item Updated [ID: 21, Thuy]', '2017-05-06 09:29:48', ' '),
(91, 'Invoice Item Updated [ID: 21, Thuy]', '2017-05-06 09:30:03', ' '),
(92, 'Invoice Item Updated [ID: 21, Thuy]', '2017-05-06 09:31:09', ' '),
(93, 'Invoice Item Updated [ID: 21, Thuy]', '2017-05-06 09:31:17', ' '),
(94, 'Invoice Item Deleted [ID: 23]', '2017-05-06 09:36:49', ' '),
(95, 'Invoice Item Updated [ID: 21, Thuy]', '2017-05-06 09:41:26', ' '),
(96, 'Invoice Item Updated [ID: 21, Thuy]', '2017-05-08 09:47:21', ' '),
(97, 'New Invoice Item Added [ID:24, System Administrator]', '2017-05-08 09:47:49', ' '),
(98, 'Invoice Item Updated [ID: 24, System Administrator]', '2017-05-08 10:29:58', ' '),
(99, 'Invoice Item Updated [ID: 24, System Administrator]', '2017-05-08 10:30:27', ' '),
(100, 'Invoice Item Updated [ID: 24, System Administrator]', '2017-05-08 10:31:03', ' '),
(101, 'Invoice Item Deleted [ID: 24]', '2017-05-08 10:31:11', ' '),
(102, 'New Invoice Item Added [ID:25, nhân viên]', '2017-05-08 10:31:40', ' '),
(103, 'Invoice Item Updated [ID: 21, Thuy]', '2017-05-08 10:41:28', ' '),
(104, 'Invoice Item Deleted [ID: 25]', '2017-05-08 11:56:24', ' '),
(105, 'Invoice Item Updated [ID: 21, Thuy]', '2017-05-08 11:56:59', ' '),
(106, 'Invoice Item Updated [ID: 21, Thuy]', '2017-05-08 14:50:13', ' '),
(107, 'Invoice Item Updated [ID: 22, Tan]', '2017-05-08 14:50:57', ' '),
(108, 'New Invoice Item Added [ID:26, thuan]', '2017-05-08 15:25:39', ' '),
(109, 'Invoice Item Updated [ID: 21, Thuy]', '2017-05-08 15:26:46', ' '),
(110, 'New Invoice Item Added [ID:27, dssad]', '2017-05-08 15:27:52', ' '),
(111, 'New Invoice Item Added [ID:28, 1ghfhfdh]', '2017-05-08 15:28:37', ' '),
(112, 'New Invoice Item Added [ID:29, ewqewqe]', '2017-05-08 15:31:19', ' '),
(113, 'New Invoice Item Added [ID:30, aaa1111]', '2017-05-08 16:07:46', ' '),
(114, 'New Invoice Item Added [ID:31, 232432432]', '2017-05-08 16:17:06', ' '),
(115, 'Invoice Item Updated [ID: 31, 232432432]', '2017-05-08 16:17:13', ' '),
(116, 'Invoice Item Updated [ID: 29, ewqewqe]', '2017-05-08 16:18:20', ' '),
(117, 'Invoice Item Updated [ID: 27, dssad]', '2017-05-08 16:22:33', ' '),
(118, 'Invoice Item Updated [ID: 27, dssad]', '2017-05-08 16:34:10', ' '),
(119, 'Invoice Item Updated [ID: 27, dssad]', '2017-05-08 16:54:33', ' '),
(120, 'Invoice Item Deleted [ID: 28]', '2017-05-08 16:56:36', ' '),
(121, 'Invoice Item Deleted [ID: 27]', '2017-05-08 16:56:41', ' '),
(122, 'Invoice Item Updated [ID: 29, ewqewqe]', '2017-05-08 16:56:52', ' '),
(123, 'Invoice Item Deleted [ID: 31]', '2017-05-09 08:43:59', ' '),
(124, 'Invoice Item Deleted [ID: 30]', '2017-05-09 08:44:02', ' '),
(125, 'Invoice Item Deleted [ID: 26]', '2017-05-09 08:44:05', ' '),
(126, 'Invoice Item Deleted [ID: 22]', '2017-05-09 08:44:07', ' '),
(127, 'New Invoice Item Added [ID:32, sdsa]', '2017-05-10 08:46:23', ' '),
(128, 'New Invoice Item Added [ID:33, a]', '2017-05-10 09:03:46', ' '),
(129, 'Invoice Item Deleted [ID: 21]', '2017-05-10 09:05:34', ' '),
(130, 'Invoice Item Deleted [ID: 33]', '2017-05-10 09:05:36', ' '),
(131, 'Invoice Item Deleted [ID: 29]', '2017-05-10 09:05:39', ' '),
(132, 'Invoice Item Deleted [ID: 32]', '2017-05-10 09:05:41', ' '),
(133, 'New Invoice Item Added [ID:34, 1]', '2017-05-10 09:06:00', ' '),
(134, 'Invoice Item Updated [ID: 34, 1]', '2017-05-10 09:06:14', ' '),
(135, 'Invoice Item Updated [ID: 34, 1]', '2017-05-10 09:06:20', ' '),
(136, 'Trạng thái Khách hàng đã thay đổi [CustomerID: 1 Status(Active/Inactive): 0]', '2017-05-10 09:27:48', ' '),
(137, 'Trạng thái Khách hàng đã thay đổi [CustomerID: 1 Status(Active/Inactive): 1]', '2017-05-10 09:27:49', ' '),
(138, 'Trạng thái Khách hàng đã thay đổi [CustomerID: 1 Status(Active/Inactive): 0]', '2017-05-10 09:27:51', ' '),
(139, 'Trạng thái Khách hàng đã thay đổi [CustomerID: 1 Status(Active/Inactive): 1]', '2017-05-10 09:27:55', ' '),
(140, 'Invoice Item Updated [ID: 34, 1]', '2017-05-10 09:31:38', ' '),
(141, 'Invoice Item Updated [ID: 34, 1]', '2017-05-10 09:35:04', ' '),
(142, 'New Invoice Item Added [ID:35, 2]', '2017-05-10 09:53:47', ' '),
(143, 'Invoice Item Updated [ID: 35, 2]', '2017-05-10 09:53:57', ' '),
(144, 'Invoice Item Updated [ID: 35, 2]', '2017-05-10 09:54:18', ' '),
(145, 'Invoice Item Updated [ID: 35, 2]', '2017-05-10 09:54:32', ' '),
(146, 'Invoice Item Updated [ID: 35, 2]', '2017-05-10 09:54:46', ' '),
(147, 'New Invoice Item Added [ID:36, dsa]', '2017-05-10 10:27:13', ' '),
(148, 'Invoice Item Updated [ID: 36, dsa]', '2017-05-10 10:27:27', ' '),
(149, 'Failed Login Attempt [Email:admin@admin.com, Is Staff Member:Yes, IP:::1]', '2017-05-13 10:55:26', NULL),
(150, 'Failed Login Attempt [Email:admin@admin.com, Is Staff Member:Yes, IP:::1]', '2017-05-15 08:25:50', NULL),
(151, 'Failed Login Attempt [Email:admin@gmail.com, Is Staff Member:Yes, IP:::1]', '2017-05-15 08:25:55', NULL),
(152, 'Contact Updated [Khách hàng 1]', '2017-05-15 11:26:49', ' '),
(153, 'Failed Login Attempt [Email:admin@admin.com, Is Staff Member:Yes, IP:::1]', '2017-05-15 11:27:18', NULL),
(154, 'Failed Login Attempt [Email:admin@admin.com, Is Staff Member:Yes, IP:::1]', '2017-05-15 11:27:22', NULL),
(155, 'Email Template Updated [New marketing Added/Registered (Welcome Email)]', '2017-05-16 12:06:10', ' '),
(156, 'Tax Deleted [ID: 5]', '2017-05-17 15:22:51', ' '),
(157, 'Tax Deleted [ID: 4]', '2017-05-17 15:23:31', ' '),
(158, 'Tax Deleted [ID: 7]', '2017-05-17 15:30:24', ' '),
(159, 'Tax Deleted [ID: 13]', '2017-05-17 16:13:21', ' '),
(160, 'Tax Deleted [ID: 14]', '2017-05-17 16:13:35', ' '),
(161, 'Tax Deleted [ID: 15]', '2017-05-17 16:17:14', ' '),
(162, 'Tax Deleted [ID: 16]', '2017-05-17 16:23:22', ' '),
(163, 'Tax Deleted [ID: 17]', '2017-05-17 16:23:37', ' '),
(164, 'Tax Deleted [ID: 18]', '2017-05-17 16:28:01', ' '),
(165, 'Tax Deleted [ID: 19]', '2017-05-17 16:41:52', ' '),
(166, 'Tax Deleted [ID: 20]', '2017-05-17 16:54:38', ' '),
(167, 'Tax Deleted [ID: 21]', '2017-05-17 16:54:50', ' '),
(168, 'Tax Deleted [ID: 22]', '2017-05-17 17:02:24', ' '),
(169, 'Tax Deleted [ID: 23]', '2017-05-17 17:03:22', ' '),
(170, 'Tax Deleted [ID: 24]', '2017-05-17 17:04:53', ' '),
(171, 'Tax Deleted [ID: 25]', '2017-05-17 17:06:26', ' '),
(172, 'Tax Deleted [ID: 26]', '2017-05-17 17:10:12', ' '),
(173, 'Tax Deleted [ID: 27]', '2017-05-17 17:14:51', ' '),
(174, 'Tax Deleted [ID: 29]', '2017-05-17 17:18:12', ' '),
(175, 'Tax Deleted [ID: 28]', '2017-05-17 17:18:15', ' '),
(176, 'Tax Deleted [ID: 8]', '2017-05-18 08:21:12', ' '),
(177, 'Tax Deleted [ID: 32]', '2017-05-18 08:21:23', ' '),
(178, 'Tax Deleted [ID: 33]', '2017-05-18 08:21:30', ' '),
(179, 'Tax Deleted [ID: 3]', '2017-05-18 08:21:35', ' '),
(180, 'Tax Deleted [ID: 6]', '2017-05-18 08:21:41', ' '),
(181, 'Tax Deleted [ID: 2]', '2017-05-18 11:19:23', ' '),
(182, 'Email Send To [Email:thuylinh@gmail.com, Template:Staff Added as Project Member]', '2017-05-25 14:08:44', ' '),
(183, 'Email Send To [Email:ngocha@gmail.com, Template:Staff Added as Project Member]', '2017-05-25 14:08:44', ' '),
(184, 'New Project Created [ID: 1]', '2017-05-25 14:08:44', ' '),
(185, 'Email Send To [Email:ngocha@gmail.com, Template:Staff Added as Project Member]', '2017-05-25 14:10:04', ' '),
(186, 'New Project Created [ID: 2]', '2017-05-25 14:10:04', ' '),
(187, 'Tax Deleted [ID: 34]', '2017-05-25 14:22:59', ' '),
(188, 'Tax Deleted [ID: 42]', '2017-05-27 14:31:14', ' '),
(189, 'Tax Deleted [ID: 39]', '2017-05-27 14:31:22', ' '),
(190, 'Tax Deleted [ID: 41]', '2017-05-27 14:33:14', ' '),
(191, 'Tax Deleted [ID: 43]', '2017-05-27 14:33:20', ' '),
(192, 'Tax Deleted [ID: 47]', '2017-05-27 14:33:45', ' '),
(193, 'Tax Deleted [ID: 46]', '2017-05-27 14:34:02', ' '),
(194, 'Tax Deleted [ID: 45]', '2017-05-27 14:34:09', ' '),
(195, 'Tax Deleted [ID: 44]', '2017-05-27 14:34:12', ' '),
(196, 'Tax Deleted [ID: 40]', '2017-05-27 14:35:01', ' '),
(197, 'Tax Deleted [ID: 52]', '2017-05-27 14:39:22', ' '),
(198, 'Tax Deleted [ID: 26]', '2017-05-27 16:37:27', ' '),
(199, 'Email Template Updated [New marketing Added/Registered (Welcome Email)]', '2017-05-27 17:05:42', ' '),
(200, 'Email Template Updated [Quên mật khẩu]', '2017-05-27 17:08:13', ' '),
(201, 'Tax Deleted [ID: 23]', '2017-05-30 11:50:58', ' '),
(202, 'Tax Deleted [ID: 48]', '2017-05-30 11:56:20', ' '),
(203, 'Tax Deleted [ID: 57]', '2017-05-30 11:56:43', ' '),
(204, 'Tax Deleted [ID: 56]', '2017-05-30 11:56:50', ' '),
(205, 'Tax Deleted [ID: 50]', '2017-05-30 11:57:00', ' '),
(206, 'Tax Deleted [ID: 51]', '2017-05-30 11:57:06', ' '),
(207, 'Tax Deleted [ID: 54]', '2017-05-30 12:02:58', ' '),
(208, 'Tax Deleted [ID: 55]', '2017-05-30 12:03:10', ' '),
(209, 'New Leads Status Added [StatusID: 2, Name: Đã liên lạc]', '2017-05-30 12:10:33', ' '),
(210, 'Lead Deleted [Deleted by:  , LeadID: 3]', '2017-05-30 12:12:31', ' '),
(211, 'Lead Deleted [Deleted by:  , LeadID: 2]', '2017-05-30 12:12:38', ' '),
(212, 'Lead Deleted [Deleted by:  , LeadID: 1]', '2017-05-30 12:12:45', ' '),
(213, 'Tax Deleted [ID: 60]', '2017-05-30 13:11:49', ' '),
(214, 'Tax Deleted [ID: 31]', '2017-05-30 13:23:36', ' '),
(215, 'Tax Deleted [ID: 32]', '2017-05-30 13:39:51', ' '),
(216, 'Tax Deleted [ID: 30]', '2017-05-30 13:41:59', ' '),
(217, 'Tax Deleted [ID: 27]', '2017-05-30 13:43:18', ' '),
(218, 'Tax Deleted [ID: 33]', '2017-05-30 13:44:25', ' '),
(219, 'Database Backup [database_backup_2017-05-30-13-56-03.zip]', '2017-05-30 13:56:03', ' '),
(220, 'Tax Deleted [ID: 29]', '2017-05-30 14:12:34', ' '),
(221, 'Tax Deleted [ID: 28]', '2017-05-30 14:12:43', ' '),
(222, 'Tax Deleted [ID: 35]', '2017-05-30 14:27:02', ' '),
(223, 'Tax Deleted [ID: 36]', '2017-05-30 14:27:17', ' '),
(224, 'Tax Deleted [ID: 37]', '2017-05-30 14:27:33', ' '),
(225, 'Tax Deleted [ID: 39]', '2017-05-30 14:52:19', ' '),
(226, 'Tax Deleted [ID: 62]', '2017-05-30 14:54:27', ' '),
(227, 'Tax Deleted [ID: 63]', '2017-05-30 14:54:35', ' '),
(228, 'Tax Deleted [ID: 64]', '2017-05-30 14:54:44', ' '),
(229, 'Tax Deleted [ID: 65]', '2017-05-30 14:54:50', ' '),
(230, 'Tax Deleted [ID: 68]', '2017-05-30 15:17:15', ' '),
(231, 'Tax Deleted [ID: 66]', '2017-05-30 15:17:24', ' '),
(232, 'Tax Deleted [ID: 67]', '2017-05-30 15:17:35', ' '),
(233, 'Tax Deleted [ID: 38]', '2017-05-30 15:22:00', ' '),
(234, 'Tax Deleted [ID: 40]', '2017-05-30 15:22:14', ' '),
(235, 'Tax Deleted [ID: 42]', '2017-05-30 15:22:28', ' '),
(236, 'Tax Deleted [ID: 41]', '2017-05-30 15:22:43', ' '),
(237, 'Tax Deleted [ID: 69]', '2017-05-30 15:23:39', ' '),
(238, 'Tax Deleted [ID: 70]', '2017-05-30 15:23:46', ' '),
(239, 'Tax Deleted [ID: 43]', '2017-05-30 15:32:18', ' '),
(240, 'Tax Deleted [ID: 71]', '2017-05-30 15:32:54', ' '),
(241, 'Tax Deleted [ID: 72]', '2017-05-30 15:33:11', ' '),
(242, 'New Lead Added [Name: Nguyễn Văn A]', '2017-05-30 15:44:16', ' '),
(243, 'Email Send To [Email:thuylinh@gmail.com, Template:New Lead Assigned to Staff Member]', '2017-05-30 15:44:17', ' '),
(244, 'Invoice Status Updated [Invoice Number: INV-000001, From: Chưa thanh toán To: Trả một phần]', '2017-05-30 15:46:48', ' '),
(245, 'Payment Recorded [ID:1, Invoice Number: INV-000001, Total: $0.95]', '2017-05-30 15:46:48', ' '),
(246, 'Email Send To [Email:companyfoso@gmail.com, Template:Invoice Payment Recorded (Sent to Customer)]', '2017-05-30 15:46:50', ' '),
(247, 'Payment Updated [Number:1]', '2017-05-30 15:47:06', ' '),
(248, 'Invoice Status Updated [Invoice Number: INV-000001, From: Trả một phần To: Đã thanh toán]', '2017-05-30 15:48:30', ' '),
(249, 'Payment Recorded [ID:2, Invoice Number: INV-000001, Total: $0.04]', '2017-05-30 15:48:30', ' '),
(250, 'Email Send To [Email:companyfoso@gmail.com, Template:Invoice Payment Recorded (Sent to Customer)]', '2017-05-30 15:48:30', ' '),
(251, 'Invoice Status Updated [Invoice Number: INV-000001, From: Đã thanh toán To: Trả một phần]', '2017-05-30 15:48:51', ' '),
(252, 'Payment Deleted [ID:2, Invoice Number: INV-000001]', '2017-05-30 15:48:51', ' '),
(253, 'Invoice Status Updated [Invoice Number: INV-000001, From: Trả một phần To: Chưa thanh toán]', '2017-05-30 15:49:01', ' '),
(254, 'Payment Deleted [ID:1, Invoice Number: INV-000001]', '2017-05-30 15:49:02', ' '),
(255, 'New Expense Category Added [ID: 1]', '2017-05-30 15:51:13', ' '),
(256, 'New Leads Status Added [StatusID: 3, Name: Đã báo giá]', '2017-05-30 16:25:40', ' '),
(257, 'New Lead Added [Name: Nguyễn Văn B]', '2017-05-30 16:26:57', ' '),
(258, 'Email Send To [Email:thuylinh@gmail.com, Template:New Lead Assigned to Staff Member]', '2017-05-30 16:26:58', ' '),
(259, 'Email Send To [Email:amin@admin.com, Template:New Contact Added/Registered (Welcome Email)]', '2017-05-30 16:29:59', ' '),
(260, 'Email Send To [Email:amin@admin.com, Template:Set New Password]', '2017-05-30 16:29:59', ' '),
(261, 'Contact Created [Nguyễn Văn A]', '2017-05-30 16:29:59', ' '),
(262, 'New Client Created [Foso From Staff: 1]', '2017-05-30 16:29:59', ' '),
(263, 'Created Lead Client Profile [LeadID: 4, ClientID: 3]', '2017-05-30 16:29:59', ' '),
(264, 'Invoice Status Updated [Invoice Number: INV-000002, From: Chưa thanh toán To: Trả một phần]', '2017-05-30 16:32:33', ' '),
(265, 'Payment Recorded [ID:3, Invoice Number: INV-000002, Total: $0.50]', '2017-05-30 16:32:33', ' '),
(266, 'Email Send To [Email:amin@admin.com, Template:Invoice Payment Recorded (Sent to Customer)]', '2017-05-30 16:32:34', ' '),
(267, 'Payment Updated [Number:3]', '2017-05-30 16:32:47', ' '),
(268, 'Invoice Status Updated [Invoice Number: INV-000002, From: Trả một phần To: Đã thanh toán]', '2017-05-30 16:33:23', ' '),
(269, 'Payment Recorded [ID:4, Invoice Number: INV-000002, Total: $0.50]', '2017-05-30 16:33:23', ' '),
(270, 'Email Send To [Email:amin@admin.com, Template:Invoice Payment Recorded (Sent to Customer)]', '2017-05-30 16:33:24', ' '),
(271, 'Lead Updated [Name: Nguyễn Văn B]', '2017-05-30 16:52:59', ' '),
(272, 'Lead Updated [Name: Nguyễn Văn B]', '2017-05-30 16:53:36', ' '),
(273, 'New Lead Added [Name: Nguyễn văn c]', '2017-05-30 17:02:02', ' '),
(274, 'Email Send To [Email:thuylinh@gmail.com, Template:New Lead Assigned to Staff Member]', '2017-05-30 17:02:02', ' '),
(275, 'Email Send To [Email:infor@foso.com, Template:New Contact Added/Registered (Welcome Email)]', '2017-05-30 17:04:37', ' '),
(276, 'Contact Created [Nguyễn Văn B]', '2017-05-30 17:04:37', ' '),
(277, 'New Client Created [Fososoft From Staff: 1]', '2017-05-30 17:04:37', ' '),
(278, 'Created Lead Client Profile [LeadID: 5, ClientID: 4]', '2017-05-30 17:04:37', ' '),
(279, 'Invoice Status Updated [Invoice Number: INV-000003, From: Chưa thanh toán To: Trả một phần]', '2017-05-30 17:06:29', ' '),
(280, 'Payment Recorded [ID:5, Invoice Number: INV-000003, Total: $0.20]', '2017-05-30 17:06:29', ' '),
(281, 'Email Send To [Email:companyfoso@gmail.com, Template:Invoice Payment Recorded (Sent to Customer)]', '2017-05-30 17:06:30', ' '),
(282, 'Invoice Status Updated [Invoice Number: INV-000003, From: Trả một phần To: Đã thanh toán]', '2017-05-30 17:07:16', ' '),
(283, 'Payment Recorded [ID:6, Invoice Number: INV-000003, Total: $0.80]', '2017-05-30 17:07:16', ' '),
(284, 'New Contract Added [a]', '2017-05-30 17:08:29', ' '),
(285, 'Failed Login Attempt [Email:admin@admin.com, Is Staff Member:Yes, IP:113.189.188.91]', '2017-05-31 11:33:57', NULL),
(286, 'Email Send To [Email:vanc@gmail.com, Template:New Contact Added/Registered (Welcome Email)]', '2017-05-31 16:13:17', ' '),
(287, 'Contact Created [Nguyễn văn c]', '2017-05-31 16:13:17', ' '),
(288, 'New Client Created [Intel From Staff: 1]', '2017-05-31 16:13:17', ' '),
(289, 'Created Lead Client Profile [LeadID: 6, ClientID: 5]', '2017-05-31 16:13:17', ' '),
(290, 'Contact Updated [Khách hàng 1]', '2017-05-31 16:15:40', ' '),
(291, 'Contact Updated [FO SO]', '2017-05-31 16:17:47', ' '),
(292, 'Email Send To [Email:annguyen@foso.com, Template:New Staff Created (Welcome Email)]', '2017-05-31 16:36:24', ' '),
(293, 'New Staff Member Added [ID: 5, An Nguyễn]', '2017-05-31 16:36:24', ' '),
(294, 'Staff Member Updated [ID: 5, An Nguyễn]', '2017-05-31 16:36:51', ' '),
(295, 'New Task Added [ID:4, Name: dsad]', '2017-05-31 17:45:10', ' '),
(296, 'New Proposal Created [ID:1]', '2017-05-31 17:46:14', ' '),
(297, 'New Proposal Created [ID:2]', '2017-05-31 17:46:16', ' '),
(298, 'Lead Updated [Name: Nguyễn văn c]', '2017-05-31 17:49:18', ' '),
(299, 'New Custom Field Added [test]', '2017-05-31 17:50:46', ' '),
(300, 'New Lead Added [Name: dsada]', '2017-05-31 17:51:45', ' '),
(301, 'Email Send To [Email:buiphamthanhthuy@gmail.com, Template:New Lead Assigned to Staff Member]', '2017-05-31 17:51:46', ' '),
(302, 'Custom Field Updated [test]', '2017-05-31 17:52:39', ' '),
(303, 'New Custom Field Added [Tình trạng doanh nghiệp]', '2017-05-31 17:57:53', ' '),
(304, 'New Reminder Added [CustomerID: 4 Description: lich sinh nhat]', '2017-05-31 18:03:03', ' '),
(305, 'Failed Login Attempt [Email:admin@admin.com, Is Staff Member:Yes, IP:14.161.12.55]', '2017-06-02 17:16:12', NULL),
(306, 'Tax Deleted [ID: 74]', '2017-06-02 17:16:53', ' '),
(307, 'Tax Deleted [ID: 73]', '2017-06-02 17:17:06', ' '),
(308, 'Failed Login Attempt [Email:admin@admin.com, Is Staff Member:Yes, IP:14.161.12.55]', '2017-06-02 17:18:43', NULL),
(309, 'Failed Login Attempt [Email:camtu@fososoft.com, Is Staff Member:No, IP:14.161.12.55]', '2017-06-02 17:53:21', ' '),
(310, 'New Department Added [sales, ID: 1]', '2017-06-02 17:56:25', ' '),
(311, 'Email Send To [Email:client@gmail.com, Template:New Ticket Opened - Autoresponse]', '2017-06-02 17:57:17', ' '),
(312, 'New Ticket Created [ID: 1]', '2017-06-02 17:57:17', ' '),
(313, 'New Ticket Reply [ReplyID: 1]', '2017-06-02 17:58:42', ' '),
(314, 'Email Send To [Email:client@gmail.com, Template:Ticket Reply (Sent to Customer)]', '2017-06-02 17:58:42', ' '),
(315, 'Failed Login Attempt [Email:admin@admin.com, Is Staff Member:Yes, IP:171.253.8.99]', '2017-06-02 20:51:42', NULL),
(316, 'Failed Login Attempt [Email:admin@admin.com, Is Staff Member:Yes, IP:171.253.8.99]', '2017-06-02 20:52:05', NULL),
(317, 'Lead Updated [Name: Nguyễn Văn B]', '2017-06-05 08:39:18', ' '),
(318, 'Invoice Status Updated [Invoice Number: INV-000004, From: Chưa thanh toán To: Trả một phần]', '2017-06-05 08:42:45', ' '),
(319, 'Payment Recorded [ID:7, Invoice Number: INV-000004, Total: $0.40]', '2017-06-05 08:42:45', ' '),
(320, 'Email Send To [Email:vanc@gmail.com, Template:Invoice Payment Recorded (Sent to Customer)]', '2017-06-05 08:42:48', ' '),
(321, 'Invoice Status Updated [Invoice Number: INV-000004, From: Trả một phần To: Đã thanh toán]', '2017-06-05 08:43:45', ' '),
(322, 'Payment Recorded [ID:8, Invoice Number: INV-000004, Total: $0.60]', '2017-06-05 08:43:45', ' '),
(323, 'Email Send To [Email:vanc@gmail.com, Template:Invoice Payment Recorded (Sent to Customer)]', '2017-06-05 08:43:46', ' '),
(324, 'Payment Updated [Number:8]', '2017-06-05 08:43:53', ' '),
(325, 'Failed Login Attempt [Email:anhngoc@fososoft.com, Is Staff Member:Yes, IP:14.169.203.15]', '2017-06-05 13:55:47', NULL),
(326, 'Failed Login Attempt [Email:anhngoc@fososoft.com, Is Staff Member:Yes, IP:14.169.203.15]', '2017-06-05 13:56:04', NULL),
(327, 'New Survey Added [ID: 1, Subject: Tu van bat dong san]', '2017-06-07 21:00:31', ' '),
(328, 'New Survey Question Added [SurveyID: 1]', '2017-06-07 21:00:40', ' '),
(329, 'Survey Question Updated [QuestionID: 1]', '2017-06-07 21:00:51', ' '),
(330, 'Survey Question Updated [QuestionID: 1]', '2017-06-07 21:01:00', ' '),
(331, 'New Survey Question Added [SurveyID: 1]', '2017-06-07 21:01:01', ' '),
(332, 'Failed Login Attempt [Email:admin@admin.com, Is Staff Member:Yes, IP:217.64.98.101]', '2017-06-10 17:49:29', NULL),
(333, 'Failed Login Attempt [Email:admin@admin.com, Is Staff Member:Yes, IP:217.64.98.101]', '2017-06-10 17:51:16', NULL),
(334, 'Failed Login Attempt [Email:admin@admin.com, Is Staff Member:Yes, IP:217.64.98.101]', '2017-06-10 17:51:30', NULL),
(335, 'Failed Login Attempt [Email:admin@admin.com, Is Staff Member:No, IP:217.64.98.101]', '2017-06-10 17:52:12', NULL),
(336, 'Email Send To [Email:tounkabd@yahoo.fr, Template:New Contact Added/Registered (Welcome Email)]', '2017-06-10 17:54:20', NULL),
(337, 'Contact Created [tounkara Abdrahamane]', '2017-06-10 17:54:20', NULL),
(338, 'New Client Created [centrecifp]', '2017-06-10 17:54:20', NULL),
(339, 'New Client Created [Công ty CP BĐS Phúc Nguyên From Staff: 1]', '2017-06-10 18:00:54', ' '),
(340, 'Email Send To [Email:654321@gmail.com, Template:New Contact Added/Registered (Welcome Email)]', '2017-06-10 18:01:57', ' '),
(341, 'Contact Created [Dũng Trương]', '2017-06-10 18:01:57', ' '),
(342, 'Failed Login Attempt [Email:admin@admin.com, Is Staff Member:Yes, IP:217.64.98.101]', '2017-06-10 18:05:06', NULL),
(343, 'Failed Login Attempt [Email:tounkabd@yahoo.fr, Is Staff Member:Yes, IP:217.64.98.101]', '2017-06-10 18:05:46', NULL),
(344, 'Failed Login Attempt [Email:nguyenthuan.fososoft@gmail.com, Is Staff Member:Yes, IP:14.169.237.149]', '2017-06-12 09:01:02', NULL),
(345, 'Failed Login Attempt [Email:nguyenthuan.fososoft@gmail.com, Is Staff Member:Yes, IP:14.169.237.149]', '2017-06-12 09:01:20', NULL),
(346, 'Staff Member Updated [ID: 1, Hải Đặng Duy]', '2017-06-21 12:12:46', 'Hải Đặng Duy'),
(347, 'New Client Created [Nguyễn Văn Phát From Staff: 1]', '2017-06-21 12:15:31', 'Hải Đặng Duy'),
(348, 'Failed Login Attempt [Email:amin@admin.com, Is Staff Member:Yes, IP:27.78.57.185]', '2017-06-21 21:11:18', NULL),
(349, 'Failed Login Attempt [Email:amin@admin.com, Is Staff Member:Yes, IP:27.78.57.185]', '2017-06-21 21:11:34', NULL),
(350, 'Failed Login Attempt [Email:admin@admin.com, Is Staff Member:Yes, IP:27.78.57.185]', '2017-06-21 21:12:25', NULL),
(351, 'Failed Login Attempt [Email:amin@admin.com, Is Staff Member:Yes, IP:113.173.104.55]', '2017-06-22 10:37:43', NULL),
(352, 'Failed Login Attempt [Email:admin@admin.com, Is Staff Member:Yes, IP:113.173.104.55]', '2017-06-22 10:38:12', NULL),
(353, 'Failed Login Attempt [Email:amin@admin.com, Is Staff Member:Yes, IP:113.173.104.55]', '2017-06-22 10:38:42', NULL),
(354, 'Failed Login Attempt [Email:amin@admin.com, Is Staff Member:Yes, IP:113.173.104.55]', '2017-06-22 10:43:45', NULL),
(355, 'Failed Login Attempt [Email:amin@admin.com, Is Staff Member:Yes, IP:14.169.202.250]', '2017-06-22 10:54:11', NULL),
(356, 'Failed Login Attempt [Email:amin@admin.com, Is Staff Member:Yes, IP:14.169.202.250]', '2017-06-22 11:00:21', NULL),
(357, 'Failed Login Attempt [Email:amin@admin.com, Is Staff Member:Yes, IP:14.169.202.250]', '2017-06-22 11:01:35', NULL),
(358, 'Failed Login Attempt [Email:amin@admin.com, Is Staff Member:Yes, IP:14.169.202.250]', '2017-06-22 11:02:01', NULL),
(359, 'Failed Login Attempt [Email:amin@admin.com, Is Staff Member:Yes, IP:14.169.202.250]', '2017-06-22 11:09:48', NULL),
(360, 'Failed Login Attempt [Email:amin@admin.com, Is Staff Member:Yes, IP:14.169.202.250]', '2017-06-22 11:13:03', NULL),
(361, 'Failed Login Attempt [Email:amin@admin.com, Is Staff Member:Yes, IP:113.173.104.55]', '2017-06-22 11:20:24', NULL),
(362, 'Failed Login Attempt [Email:amin@admin.com, Is Staff Member:Yes, IP:113.173.104.55]', '2017-06-22 11:20:43', NULL),
(363, 'Failed Login Attempt [Email:amin@admin.com, Is Staff Member:Yes, IP:14.169.202.250]', '2017-06-22 11:22:46', NULL),
(364, 'Failed Login Attempt [Email:amin@admin.com, Is Staff Member:Yes, IP:14.169.202.250]', '2017-06-22 11:28:20', NULL),
(365, 'Failed Login Attempt [Email:amin@admin.com, Is Staff Member:Yes, IP:14.169.202.250]', '2017-06-22 11:39:12', NULL),
(366, 'New Contract Added [Mua bán phần mềm]', '2017-06-22 12:04:48', 'Hải Đặng Duy'),
(367, 'New Client Created [San Thái Bình Dương From Staff: 1]', '2017-06-22 12:20:39', 'Hải Đặng Duy'),
(368, 'Staff Member Updated [ID: 1, FOSO SOFT]', '2017-06-25 10:11:09', 'FOSO SOFT'),
(369, 'Failed Login Attempt [Email:owner@google.com, Is Staff Member:Yes, IP:14.169.100.117]', '2017-07-04 11:19:49', NULL),
(370, 'Tax Deleted [ID: 78]', '2017-07-04 11:25:19', 'FOSO SOFT'),
(371, 'Trạng thái Khách hàng đã thay đổi [CustomerID: 6 Status(Active/Inactive): 0]', '2017-07-04 13:34:58', 'FOSO SOFT'),
(372, 'Trạng thái Khách hàng đã thay đổi [CustomerID: 6 Status(Active/Inactive): 1]', '2017-07-04 13:35:02', 'FOSO SOFT'),
(373, 'Trạng thái Khách hàng đã thay đổi [CustomerID: 6 Status(Active/Inactive): 0]', '2017-07-04 13:35:03', 'FOSO SOFT'),
(374, 'Trạng thái Khách hàng đã thay đổi [CustomerID: 6 Status(Active/Inactive): 1]', '2017-07-04 13:35:04', 'FOSO SOFT'),
(375, 'Email Send To [Email:thuylinh@gmail.com, Template:Task Marked as Finished (Sent to Staff)]', '2017-07-04 13:40:06', 'FOSO SOFT'),
(376, 'Trạng thái Khách hàng đã thay đổi [CustomerID: 9 Status(Active/Inactive): 0]', '2017-07-07 09:23:29', 'FOSO SOFT'),
(377, 'Trạng thái Khách hàng đã thay đổi [CustomerID: 9 Status(Active/Inactive): 1]', '2017-07-07 09:23:30', 'FOSO SOFT'),
(378, 'Failed Login Attempt [Email:admin@admin.com, Is Staff Member:Yes, IP:113.22.154.135]', '2017-07-07 15:02:59', NULL),
(379, 'Tax Deleted [ID: 53]', '2017-07-10 08:06:18', 'FOSO SOFT'),
(380, 'Tax Deleted [ID: 61]', '2017-07-10 08:06:26', 'FOSO SOFT'),
(381, 'Tax Deleted [ID: 59]', '2017-07-10 08:06:35', 'FOSO SOFT'),
(382, 'Tax Deleted [ID: 77]', '2017-07-10 08:06:42', 'FOSO SOFT'),
(383, 'New Project Created [ID: 3]', '2017-07-10 08:08:50', 'FOSO SOFT'),
(384, 'Contact Updated [Khách hàng 1]', '2017-07-10 09:25:17', 'FOSO SOFT'),
(385, 'Contact Updated [tounkara Abdrahamane]', '2017-07-10 09:25:58', 'FOSO SOFT'),
(386, 'Client Deleted [8]', '2017-07-10 09:28:00', 'FOSO SOFT'),
(387, 'Email Send To [Email:thuylinh@gmail.com, Template:Staff Added as Project Member]', '2017-07-10 09:44:00', 'FOSO SOFT'),
(388, 'Email Send To [Email:ngocha@gmail.com, Template:Staff Added as Project Member]', '2017-07-10 09:44:00', 'FOSO SOFT'),
(389, 'New Project Created [ID: 4]', '2017-07-10 09:44:00', 'FOSO SOFT'),
(390, 'Failed Login Attempt [Email:admin@admin.com, Is Staff Member:Yes, IP:113.161.130.52]', '2017-07-12 10:31:35', NULL),
(391, 'New Client Created [abc From Staff: 1]', '2017-07-13 11:43:02', 'FOSO SOFT'),
(392, 'New Client Created [abc From Staff: 1]', '2017-07-13 11:43:02', 'FOSO SOFT'),
(393, 'Invoice Status Updated [Invoice Number: INV-000005, From: Chưa thanh toán To: Đã thanh toán]', '2017-07-13 11:45:02', 'FOSO SOFT'),
(394, 'Trạng thái Khách hàng đã thay đổi [CustomerID: 10 Status(Active/Inactive): 0]', '2017-07-14 17:33:36', 'FOSO SOFT'),
(395, 'Trạng thái Khách hàng đã thay đổi [CustomerID: 10 Status(Active/Inactive): 1]', '2017-07-14 17:33:37', 'FOSO SOFT'),
(396, 'Trạng thái Khách hàng đã thay đổi [CustomerID: 11 Status(Active/Inactive): 0]', '2017-07-14 18:23:25', 'FOSO SOFT'),
(397, 'Trạng thái Khách hàng đã thay đổi [CustomerID: 11 Status(Active/Inactive): 1]', '2017-07-14 18:23:26', 'FOSO SOFT'),
(398, 'Trạng thái Khách hàng đã thay đổi [CustomerID: 6 Status(Active/Inactive): 0]', '2017-07-14 18:23:27', 'FOSO SOFT'),
(399, 'Trạng thái Khách hàng đã thay đổi [CustomerID: 10 Status(Active/Inactive): 0]', '2017-07-14 18:23:27', 'FOSO SOFT'),
(400, 'Trạng thái Khách hàng đã thay đổi [CustomerID: 11 Status(Active/Inactive): 0]', '2017-07-14 18:23:28', 'FOSO SOFT'),
(401, 'Trạng thái Khách hàng đã thay đổi [CustomerID: 7 Status(Active/Inactive): 0]', '2017-07-14 18:23:28', 'FOSO SOFT'),
(402, 'Trạng thái Khách hàng đã thay đổi [CustomerID: 3 Status(Active/Inactive): 0]', '2017-07-14 18:23:29', 'FOSO SOFT'),
(403, 'Trạng thái Khách hàng đã thay đổi [CustomerID: 3 Status(Active/Inactive): 1]', '2017-07-14 18:23:30', 'FOSO SOFT'),
(404, 'Trạng thái Khách hàng đã thay đổi [CustomerID: 7 Status(Active/Inactive): 1]', '2017-07-14 18:23:30', 'FOSO SOFT'),
(405, 'Trạng thái Khách hàng đã thay đổi [CustomerID: 6 Status(Active/Inactive): 1]', '2017-07-14 18:23:31', 'FOSO SOFT'),
(406, 'Trạng thái Khách hàng đã thay đổi [CustomerID: 10 Status(Active/Inactive): 1]', '2017-07-14 18:23:31', 'FOSO SOFT'),
(407, 'Trạng thái Khách hàng đã thay đổi [CustomerID: 11 Status(Active/Inactive): 1]', '2017-07-14 18:23:32', 'FOSO SOFT'),
(408, 'Trạng thái Khách hàng đã thay đổi [CustomerID: 11 Status(Active/Inactive): 0]', '2017-07-14 18:23:37', 'FOSO SOFT'),
(409, 'Trạng thái Khách hàng đã thay đổi [CustomerID: 10 Status(Active/Inactive): 0]', '2017-07-14 18:23:38', 'FOSO SOFT'),
(410, 'Trạng thái Khách hàng đã thay đổi [CustomerID: 6 Status(Active/Inactive): 0]', '2017-07-14 18:23:39', 'FOSO SOFT'),
(411, 'Trạng thái Khách hàng đã thay đổi [CustomerID: 7 Status(Active/Inactive): 0]', '2017-07-14 18:23:40', 'FOSO SOFT'),
(412, 'Trạng thái Khách hàng đã thay đổi [CustomerID: 6 Status(Active/Inactive): 1]', '2017-07-14 18:23:41', 'FOSO SOFT'),
(413, 'Trạng thái Khách hàng đã thay đổi [CustomerID: 7 Status(Active/Inactive): 1]', '2017-07-14 18:23:42', 'FOSO SOFT'),
(414, 'Trạng thái Khách hàng đã thay đổi [CustomerID: 10 Status(Active/Inactive): 1]', '2017-07-14 18:23:42', 'FOSO SOFT'),
(415, 'Trạng thái Khách hàng đã thay đổi [CustomerID: 11 Status(Active/Inactive): 1]', '2017-07-14 18:23:43', 'FOSO SOFT'),
(416, 'Failed Login Attempt [Email:owner@google.com, Is Staff Member:Yes, IP:14.169.100.117]', '2017-07-15 08:07:48', NULL),
(417, 'Failed Login Attempt [Email:vy.honeycomb@gmail.com, Is Staff Member:Yes, IP:113.162.190.159]', '2017-07-18 16:14:04', NULL),
(418, 'Tax Deleted [ID: 75]', '2017-07-21 10:31:15', 'FOSO SOFT'),
(419, 'Tax Deleted [ID: 80]', '2017-07-21 11:26:09', 'FOSO SOFT'),
(420, 'Update menu bds [ID: 58]', '2017-07-21 13:43:20', 'FOSO SOFT'),
(421, 'Update menu bds [ID: 58]', '2017-07-21 13:45:17', 'FOSO SOFT'),
(422, 'Tax Deleted [ID: 81]', '2017-07-21 13:45:31', 'FOSO SOFT'),
(423, 'New project bds [ID: 47, ]', '2017-07-22 09:04:26', 'FOSO SOFT'),
(424, 'New project bds [ID: 48, ]', '2017-07-22 09:04:51', 'FOSO SOFT'),
(425, 'New project bds [ID: 49, ]', '2017-07-22 09:07:28', 'FOSO SOFT'),
(426, 'New project bds [ID: 50, ]', '2017-07-22 09:12:15', 'FOSO SOFT'),
(427, 'New project bds [ID: 51, ]', '2017-07-22 09:15:12', 'FOSO SOFT'),
(428, 'Update project bds [ID: 49]', '2017-07-22 10:13:18', 'FOSO SOFT'),
(429, 'New project bds [ID: 52, ]', '2017-07-25 15:39:55', 'FOSO SOFT'),
(430, 'Update menu bds [ID: 86]', '2017-07-26 08:49:04', 'FOSO SOFT'),
(431, 'Update project bds [ID: 52]', '2017-07-26 09:51:01', 'FOSO SOFT'),
(432, 'New project bds [ID: 53, ]', '2017-07-26 11:25:24', 'FOSO SOFT'),
(433, 'Trạng thái liên hệ đã thay đổi [ContactID: 6 Status(Active/Inactive): 0]', '2017-07-26 12:00:03', 'FOSO SOFT'),
(434, 'Trạng thái liên hệ đã thay đổi [ContactID: 6 Status(Active/Inactive): 1]', '2017-07-26 12:00:05', 'FOSO SOFT'),
(435, 'Tax Deleted [ID: 88]', '2017-07-26 14:31:46', 'FOSO SOFT'),
(436, 'Staff Member Updated [ID: ,  ]', '2017-07-26 16:03:53', 'FOSO SOFT'),
(437, 'Staff Member Updated [ID: ,  ]', '2017-07-26 16:04:15', 'FOSO SOFT'),
(438, 'Staff Member Updated [ID: ,  ]', '2017-07-26 16:04:59', 'FOSO SOFT'),
(439, 'Staff Member Updated [ID: ,  ]', '2017-07-26 16:05:52', 'FOSO SOFT'),
(440, 'Cập nhật chủ sở hữu  [ID: 1] bởi1', '2017-07-26 16:31:00', 'FOSO SOFT'),
(441, 'Cập nhật chủ sở hữu  [ID: 1] bởi1', '2017-07-26 16:32:29', 'FOSO SOFT'),
(442, 'cập nhật chủ sở hữu [ID: 1] thành chử sở hữu chính', '2017-07-26 17:01:43', 'FOSO SOFT'),
(443, 'cập nhật chủ sở hữu [ID: 2] thành chử sở hữu chính', '2017-07-26 17:01:51', 'FOSO SOFT'),
(444, '[ID: 2] được xóa khỏi chủ sở hữu chính', '2017-07-26 17:02:21', 'FOSO SOFT'),
(445, '[ID: 3] được xóa khỏi chủ sở hữu chính', '2017-07-26 17:04:26', 'FOSO SOFT'),
(446, 'cập nhật chủ sở hữu [ID: 3] thành chử sở hữu chính', '2017-07-26 17:04:30', 'FOSO SOFT'),
(447, 'cập nhật chủ sở hữu [ID: 4] thành chử sở hữu chính', '2017-07-26 17:04:32', 'FOSO SOFT'),
(448, 'cập nhật chủ sở hữu [ID: 5] thành chử sở hữu chính', '2017-07-26 17:04:34', 'FOSO SOFT'),
(449, 'cập nhật chủ sở hữu [ID: 1] thành chử sở hữu chính', '2017-07-26 17:04:37', 'FOSO SOFT'),
(450, 'cập nhật chủ sở hữu [ID: 2] thành chử sở hữu chính', '2017-07-26 17:04:41', 'FOSO SOFT'),
(451, 'cập nhật chủ sở hữu [ID: 3] thành chử sở hữu chính', '2017-07-26 17:04:43', 'FOSO SOFT'),
(452, 'cập nhật chủ sở hữu [ID: 4] thành chử sở hữu chính', '2017-07-26 17:04:44', 'FOSO SOFT'),
(453, '[ID: 2] được xóa khỏi chủ sở hữu chính', '2017-07-26 17:04:46', 'FOSO SOFT'),
(454, 'cập nhật chủ sở hữu [ID: 3] thành chử sở hữu chính', '2017-07-26 17:04:49', 'FOSO SOFT'),
(455, 'cập nhật chủ sở hữu [ID: 4] thành chử sở hữu chính', '2017-07-26 17:44:11', 'FOSO SOFT'),
(456, 'cập nhật chủ sở hữu [ID: 5] thành chử sở hữu chính', '2017-07-26 17:44:12', 'FOSO SOFT'),
(457, 'cập nhật chủ sở hữu [ID: 6] thành chử sở hữu chính', '2017-07-26 17:44:13', 'FOSO SOFT'),
(458, 'cập nhật chủ sở hữu [ID: 5] thành chử sở hữu chính', '2017-07-26 17:44:15', 'FOSO SOFT'),
(459, 'cập nhật chủ sở hữu [ID: 4] thành chử sở hữu chính', '2017-07-26 17:44:16', 'FOSO SOFT'),
(460, 'cập nhật chủ sở hữu [ID: 3] thành chử sở hữu chính', '2017-07-26 17:44:17', 'FOSO SOFT'),
(461, '[ID: 3] được xóa khỏi chủ sở hữu chính', '2017-07-26 17:44:19', 'FOSO SOFT'),
(462, 'cập nhật chủ sở hữu [ID: 4] thành chử sở hữu chính', '2017-07-26 17:44:20', 'FOSO SOFT'),
(463, 'cập nhật chủ sở hữu [ID: 3] thành chử sở hữu chính', '2017-07-26 17:44:24', 'FOSO SOFT'),
(464, 'Staff Member Updated [ID: ,  ]', '2017-07-27 08:23:56', 'FOSO SOFT'),
(465, 'cập nhật chủ sở hữu [ID: 1] thành chử sở hữu chính', '2017-07-27 08:29:50', 'FOSO SOFT'),
(466, 'Staff Member Updated [ID: ,  ]', '2017-07-27 08:48:41', 'FOSO SOFT'),
(467, 'Staff Member Updated [ID: ,  ]', '2017-07-27 08:49:34', 'FOSO SOFT'),
(468, '[ID: 1] được xóa khỏi chủ sở hữu chính', '2017-07-27 08:58:49', 'FOSO SOFT'),
(469, 'cập nhật chủ sở hữu [ID: 4] thành chử sở hữu chính', '2017-07-27 09:00:40', 'FOSO SOFT'),
(470, 'Update project bds [ID: 49]', '2017-07-27 09:34:40', 'FOSO SOFT'),
(471, 'Update project bds [ID: 49]', '2017-07-27 09:35:35', 'FOSO SOFT'),
(472, 'New project bds [ID: 54, ]', '2017-07-27 09:36:36', 'FOSO SOFT'),
(473, 'Tax Deleted [ID: 88]', '2017-07-27 11:28:24', 'FOSO SOFT'),
(474, 'New Task Added [ID:5, Name: báo cáo thuế]', '2017-07-27 12:09:18', 'FOSO SOFT'),
(475, 'New Task Added [ID:6, Name: bao cao thue]', '2017-07-27 12:09:31', 'FOSO SOFT'),
(476, 'Chuyển trạng thái bất động sản [ID: 49]', '2017-07-27 14:04:33', 'FOSO SOFT'),
(477, 'Chuyển trạng thái bất động sản [ID: 49]', '2017-07-27 14:04:56', 'FOSO SOFT'),
(478, 'Tax Deleted [ID: 89]', '2017-07-27 14:09:22', 'FOSO SOFT'),
(479, 'Chuyển trạng thái bất động sản [ID: 52]', '2017-07-27 14:20:16', 'FOSO SOFT'),
(480, 'Chuyển trạng thái bất động sản [ID: 52]', '2017-07-27 14:20:55', 'FOSO SOFT'),
(481, 'Chuyển trạng thái bất động sản [ID: 52]', '2017-07-27 14:21:37', 'FOSO SOFT'),
(482, 'Chuyển trạng thái bất động sản [ID: 52]', '2017-07-27 14:23:42', 'FOSO SOFT'),
(483, 'Chuyển trạng thái bất động sản [ID: 52]', '2017-07-27 14:25:55', 'FOSO SOFT'),
(484, 'Chuyển trạng thái bất động sản [ID: 52]', '2017-07-27 14:26:04', 'FOSO SOFT'),
(485, 'Chuyển trạng thái bất động sản [ID: 52]', '2017-07-27 14:29:37', 'FOSO SOFT'),
(486, 'Chuyển trạng thái bất động sản [ID: 52]', '2017-07-27 14:30:52', 'FOSO SOFT'),
(487, 'Chuyển trạng thái bất động sản [ID: 52]', '2017-07-27 14:31:20', 'FOSO SOFT'),
(488, 'Chuyển trạng thái bất động sản [ID: 52]', '2017-07-27 14:32:56', 'FOSO SOFT'),
(489, 'Chuyển trạng thái bất động sản [ID: 52]', '2017-07-27 14:34:25', 'FOSO SOFT'),
(490, 'Chuyển trạng thái bất động sản [ID: 52]', '2017-07-27 14:34:58', 'FOSO SOFT'),
(491, 'Chuyển trạng thái bất động sản [ID: 52]', '2017-07-27 14:36:15', 'FOSO SOFT'),
(492, 'Chuyển trạng thái bất động sản [ID: 52]', '2017-07-27 14:36:41', 'FOSO SOFT'),
(493, 'Chuyển trạng thái bất động sản [ID: 52]', '2017-07-27 14:38:21', 'FOSO SOFT'),
(494, 'Chuyển trạng thái bất động sản [ID: 49]', '2017-07-27 14:39:08', 'FOSO SOFT'),
(495, 'Chuyển trạng thái bất động sản [ID: 49]', '2017-07-27 14:40:34', 'FOSO SOFT'),
(496, 'Chuyển trạng thái bất động sản [ID: 52]', '2017-07-27 14:41:02', 'FOSO SOFT'),
(497, 'Chuyển trạng thái bất động sản [ID: 52]', '2017-07-27 14:41:32', 'FOSO SOFT'),
(498, 'Chuyển trạng thái bất động sản [ID: 52]', '2017-07-27 14:44:25', 'FOSO SOFT'),
(499, 'Chuyển trạng thái bất động sản [ID: 52]', '2017-07-27 14:45:06', 'FOSO SOFT'),
(500, 'Chuyển trạng thái bất động sản [ID: 52]', '2017-07-27 14:45:43', 'FOSO SOFT'),
(501, 'Chuyển trạng thái bất động sản [ID: 52]', '2017-07-27 14:45:53', 'FOSO SOFT'),
(502, 'Chuyển trạng thái bất động sản [ID: 52]', '2017-07-27 14:47:41', 'FOSO SOFT'),
(503, 'Chuyển trạng thái bất động sản [ID: 52]', '2017-07-27 14:47:45', 'FOSO SOFT'),
(504, 'Chuyển trạng thái bất động sản [ID: 49]', '2017-07-27 14:48:14', 'FOSO SOFT'),
(505, 'Update project bds [ID: 49]', '2017-07-27 17:04:50', 'FOSO SOFT'),
(506, 'Chuyển trạng thái bất động sản [ID: 54]', '2017-07-27 17:17:33', 'FOSO SOFT'),
(507, 'Tax Deleted [ID: 90]', '2017-07-27 17:17:49', 'FOSO SOFT'),
(508, 'New video [ID: 1, video nhạc trẻ]', '2017-07-28 09:04:12', 'FOSO SOFT'),
(509, 'New video [ID: 2, adas]', '2017-07-28 09:15:48', 'FOSO SOFT'),
(510, 'New video [ID: 3, adas]', '2017-07-28 09:18:33', 'FOSO SOFT'),
(511, 'New video [ID: 4, adas]', '2017-07-28 09:19:07', 'FOSO SOFT'),
(512, 'New video [ID: 5, ]', '2017-07-28 09:19:12', 'FOSO SOFT'),
(513, 'New video [ID: 6, ]', '2017-07-28 09:20:11', 'FOSO SOFT'),
(514, 'New video [ID: 7, ]', '2017-07-28 09:20:28', 'FOSO SOFT'),
(515, 'New video [ID: 8, ]', '2017-07-28 09:21:10', 'FOSO SOFT'),
(516, 'New video [ID: 9, 12312]', '2017-07-28 09:26:29', 'FOSO SOFT'),
(517, 'New video [ID: 10, 12312312]', '2017-07-28 09:28:25', 'FOSO SOFT'),
(518, 'New video [ID: 11, 2132123]', '2017-07-28 09:29:25', 'FOSO SOFT'),
(519, 'New video [ID: 12, 2132123]', '2017-07-28 09:29:31', 'FOSO SOFT'),
(520, 'New video [ID: 13, 124124124]', '2017-07-28 09:29:52', 'FOSO SOFT'),
(521, 'New video [ID: 14, 123123]', '2017-07-28 09:30:48', 'FOSO SOFT'),
(522, 'New video [ID: 15, 1231231312312]', '2017-07-28 09:31:15', 'FOSO SOFT'),
(523, 'New video [ID: 16, 1231231312312]', '2017-07-28 09:31:24', 'FOSO SOFT'),
(524, 'New video [ID: 17, 12312312]', '2017-07-28 09:31:55', 'FOSO SOFT'),
(525, 'New video [ID: 18, 1231212312123123]', '2017-07-28 09:33:20', 'FOSO SOFT'),
(526, 'Staff Member Updated [ID: ,  ]', '2017-07-28 09:35:53', 'FOSO SOFT'),
(527, 'New video [ID: 19, ]', '2017-07-28 09:51:44', 'FOSO SOFT'),
(528, '[ID: 7] được xóa khỏi chủ sở hữu chính', '2017-07-28 10:00:17', 'FOSO SOFT'),
(529, 'cập nhật chủ sở hữu [ID: 7] thành chử sở hữu chính', '2017-07-28 10:00:21', 'FOSO SOFT'),
(530, '[ID: 7] được xóa khỏi chủ sở hữu chính', '2017-07-28 10:00:24', 'FOSO SOFT'),
(531, 'New video [ID: 20, ]', '2017-07-28 10:19:48', 'FOSO SOFT'),
(532, 'New video [ID: 21, ]', '2017-07-28 10:20:30', 'FOSO SOFT'),
(533, 'New video [ID: 22, ]', '2017-07-28 10:20:48', 'FOSO SOFT'),
(534, 'New video [ID: 23, ]', '2017-07-28 10:21:09', 'FOSO SOFT'),
(535, 'New video [ID: 24, ]', '2017-07-28 10:21:37', 'FOSO SOFT'),
(536, 'New video [ID: 25, ]', '2017-07-28 10:22:49', 'FOSO SOFT'),
(537, 'New video [ID: 26, ]', '2017-07-28 10:23:08', 'FOSO SOFT'),
(538, 'New video [ID: 27, ]', '2017-07-28 10:24:00', 'FOSO SOFT'),
(539, 'New video [ID: 28, ]', '2017-07-28 10:24:48', 'FOSO SOFT'),
(540, 'New video [ID: 29, ]', '2017-07-28 10:25:39', 'FOSO SOFT'),
(541, 'New video [ID: 30, ]', '2017-07-28 10:25:49', 'FOSO SOFT'),
(542, 'New video [ID: 31, ]', '2017-07-28 10:36:01', 'FOSO SOFT'),
(543, 'New video [ID: 32, ]', '2017-07-28 10:48:13', 'FOSO SOFT'),
(544, 'New video [ID: 33, ]', '2017-07-28 10:48:27', 'FOSO SOFT'),
(545, 'Staff Member Updated [ID: ,  ]', '2017-07-28 10:55:17', 'FOSO SOFT'),
(546, 'cập nhật chủ sở hữu [ID: 11] thành chử sở hữu chính', '2017-07-28 10:55:20', 'FOSO SOFT'),
(547, 'Cập nhật chủ sở hữu  [ID: 11] bởi1', '2017-07-28 10:56:35', 'FOSO SOFT'),
(548, 'Chuyển trạng thái bất động sản [ID: 52]', '2017-07-28 11:35:02', 'FOSO SOFT'),
(549, 'Chuyển trạng thái bất động sản [ID: 52]', '2017-07-28 11:35:06', 'FOSO SOFT'),
(550, 'Tax Deleted [ID: 86]', '2017-07-28 11:35:34', 'FOSO SOFT'),
(551, 'Tax Deleted [ID: 87]', '2017-07-28 11:35:36', 'FOSO SOFT'),
(552, 'Update menu bds [ID: 58]', '2017-07-28 11:37:32', 'FOSO SOFT'),
(553, 'Update menu bds [ID: 58]', '2017-07-28 11:41:50', 'FOSO SOFT'),
(554, 'Deleted images [ID: 20]', '2017-07-28 11:46:51', 'FOSO SOFT'),
(555, 'Deleted images [ID: 33]', '2017-07-28 11:47:18', 'FOSO SOFT'),
(556, 'Deleted images [ID: 32]', '2017-07-28 11:47:56', 'FOSO SOFT'),
(557, 'Deleted images [ID: 21]', '2017-07-28 11:48:41', 'FOSO SOFT'),
(558, 'Deleted images [ID: 22]', '2017-07-28 11:48:52', 'FOSO SOFT'),
(559, 'Deleted images [ID: 24]', '2017-07-28 11:49:05', 'FOSO SOFT'),
(560, 'Deleted images [ID: 26]', '2017-07-28 11:49:22', 'FOSO SOFT'),
(561, 'Deleted images [ID: 23]', '2017-07-28 11:50:32', 'FOSO SOFT'),
(562, 'Deleted images [ID: 25]', '2017-07-28 11:50:49', 'FOSO SOFT'),
(563, 'Deleted images [ID: 27]', '2017-07-28 11:50:54', 'FOSO SOFT'),
(564, 'Deleted images [ID: 28]', '2017-07-28 11:55:08', 'FOSO SOFT'),
(565, 'Deleted images [ID: 29]', '2017-07-28 11:55:44', 'FOSO SOFT'),
(566, 'Deleted images [ID: 30]', '2017-07-28 11:56:07', 'FOSO SOFT'),
(567, 'Deleted images [ID: 31]', '2017-07-28 11:58:47', 'FOSO SOFT'),
(568, 'New video [ID: 34, ]', '2017-07-28 11:59:08', 'FOSO SOFT'),
(569, 'New video [ID: 35, ]', '2017-07-28 11:59:08', 'FOSO SOFT'),
(570, 'New video [ID: 36, ]', '2017-07-28 11:59:20', 'FOSO SOFT'),
(571, 'New video [ID: 37, ]', '2017-07-28 11:59:21', 'FOSO SOFT'),
(572, 'Deleted images [ID: 34]', '2017-07-28 11:59:26', 'FOSO SOFT'),
(573, 'Deleted images [ID: 36]', '2017-07-28 11:59:28', 'FOSO SOFT'),
(574, 'Deleted images [ID: 35]', '2017-07-28 11:59:31', 'FOSO SOFT'),
(575, 'New video [ID: 38, ]', '2017-07-28 11:59:35', 'FOSO SOFT'),
(576, 'Deleted images [ID: 37]', '2017-07-28 11:59:37', 'FOSO SOFT'),
(577, 'New video [ID: 39, ]', '2017-07-28 11:59:41', 'FOSO SOFT'),
(578, 'Tax Deleted [ID: 88]', '2017-07-28 11:59:59', 'FOSO SOFT'),
(579, 'New video [ID: 40, ]', '2017-07-28 12:03:43', 'FOSO SOFT'),
(580, 'New video [ID: 41, ]', '2017-07-28 12:04:20', 'FOSO SOFT'),
(581, 'New video [ID: 42, ]', '2017-07-28 12:04:43', 'FOSO SOFT'),
(582, 'New video [ID: 43, ]', '2017-07-28 12:05:06', 'FOSO SOFT'),
(583, 'New video [ID: 44, ]', '2017-07-28 12:05:36', 'FOSO SOFT'),
(584, 'New video [ID: 45, ]', '2017-07-28 12:06:08', 'FOSO SOFT'),
(585, 'Deleted images [ID: 45]', '2017-07-28 12:07:14', 'FOSO SOFT'),
(586, 'Deleted images [ID: 44]', '2017-07-28 12:07:17', 'FOSO SOFT'),
(587, 'New video [ID: 46, ]', '2017-07-28 12:07:22', 'FOSO SOFT'),
(588, 'New video [ID: 47, ]', '2017-07-28 12:07:43', 'FOSO SOFT'),
(589, 'New video [ID: 48, ]', '2017-07-28 12:08:53', 'FOSO SOFT'),
(590, 'Deleted images [ID: 48]', '2017-07-28 12:08:55', 'FOSO SOFT'),
(591, 'Deleted images [ID: 47]', '2017-07-28 12:08:58', 'FOSO SOFT'),
(592, 'Deleted images [ID: 46]', '2017-07-28 12:09:00', 'FOSO SOFT'),
(593, 'Deleted images [ID: 43]', '2017-07-28 12:09:03', 'FOSO SOFT'),
(594, 'Deleted images [ID: 42]', '2017-07-28 12:09:05', 'FOSO SOFT'),
(595, '[ID: 11] được xóa khỏi chủ sở hữu chính', '2017-07-28 13:49:37', 'FOSO SOFT'),
(596, 'cập nhật chủ sở hữu [ID: 11] thành chử sở hữu chính', '2017-07-28 13:49:42', 'FOSO SOFT'),
(597, '[ID: 11] được xóa khỏi chủ sở hữu chính', '2017-07-28 13:49:44', 'FOSO SOFT'),
(598, 'cập nhật chủ sở hữu [ID: 11] thành chử sở hữu chính', '2017-07-28 13:49:55', 'FOSO SOFT'),
(599, '[ID: 11] được xóa khỏi chủ sở hữu chính', '2017-07-28 13:49:56', 'FOSO SOFT'),
(600, 'cập nhật chủ sở hữu [ID: 11] thành chử sở hữu chính', '2017-07-28 13:50:08', 'FOSO SOFT'),
(601, '[ID: 11] được xóa khỏi chủ sở hữu chính', '2017-07-28 13:50:10', 'FOSO SOFT'),
(602, 'New video [ID: 49, ]', '2017-07-28 13:54:48', 'FOSO SOFT');
INSERT INTO `tblactivitylog` (`id`, `description`, `date`, `staffid`) VALUES
(603, 'New video [ID: 50, ]', '2017-07-28 13:58:37', 'FOSO SOFT'),
(604, 'Deleted images [ID: 49]', '2017-07-28 13:59:02', 'FOSO SOFT'),
(605, 'Deleted images [ID: 50]', '2017-07-28 13:59:13', 'FOSO SOFT'),
(606, 'New video [ID: 51, ]', '2017-07-28 13:59:17', 'FOSO SOFT'),
(607, 'Deleted images [ID: 51]', '2017-07-28 13:59:21', 'FOSO SOFT'),
(608, 'New video [ID: 52, ]', '2017-07-28 13:59:32', 'FOSO SOFT'),
(609, 'New video [ID: 53, ]', '2017-07-28 13:59:52', 'FOSO SOFT'),
(610, 'Deleted images [ID: 53]', '2017-07-28 13:59:55', 'FOSO SOFT'),
(611, 'Deleted images [ID: 52]', '2017-07-28 13:59:57', 'FOSO SOFT'),
(612, 'New video [ID: 54, video nhạc]', '2017-07-28 14:02:06', 'FOSO SOFT'),
(613, 'Tax Deleted [ID: 89]', '2017-07-28 14:03:46', 'FOSO SOFT'),
(614, 'New video [ID: 55, nhạc hay]', '2017-07-28 14:05:51', 'FOSO SOFT'),
(615, 'New video [ID: 56, video hay]', '2017-07-28 14:30:47', 'FOSO SOFT'),
(616, 'New video [ID: 57, ABc]', '2017-07-28 14:32:16', 'FOSO SOFT'),
(617, 'New video [ID: 58, bbb]', '2017-07-28 14:32:41', 'FOSO SOFT'),
(618, 'Deleted images [ID: 38]', '2017-07-28 14:44:56', 'FOSO SOFT'),
(619, 'Deleted images [ID: 41]', '2017-07-28 14:44:58', 'FOSO SOFT'),
(620, 'New video [ID: 59, nhạc hoa]', '2017-07-28 15:12:09', 'FOSO SOFT'),
(621, 'New video [ID: 60, nhạc hoa]', '2017-07-28 15:12:33', 'FOSO SOFT'),
(622, 'New video [ID: 61, 213]', '2017-07-28 15:12:59', 'FOSO SOFT'),
(623, 'New video [ID: 62, ]', '2017-07-28 15:13:24', 'FOSO SOFT'),
(624, 'New video [ID: 63, ]', '2017-07-28 15:13:32', 'FOSO SOFT'),
(625, 'New video [ID: 64, ]', '2017-07-28 15:13:40', 'FOSO SOFT'),
(626, 'New video [ID: 65, nhạc]', '2017-07-28 15:14:46', 'FOSO SOFT'),
(627, 'Deleted images [ID: 64]', '2017-07-28 15:14:58', 'FOSO SOFT'),
(628, 'Deleted images [ID: 63]', '2017-07-28 15:15:01', 'FOSO SOFT'),
(629, 'Deleted images [ID: 62]', '2017-07-28 15:15:02', 'FOSO SOFT'),
(630, 'Deleted images [ID: 61]', '2017-07-28 15:15:04', 'FOSO SOFT'),
(631, 'Deleted images [ID: 65]', '2017-07-28 15:15:05', 'FOSO SOFT'),
(632, 'New video [ID: 66, abc]', '2017-07-28 15:15:11', 'FOSO SOFT'),
(633, 'Deleted images [ID: 60]', '2017-07-28 15:15:16', 'FOSO SOFT'),
(634, 'New video [ID: 67, nhạv]', '2017-07-28 15:16:00', 'FOSO SOFT'),
(635, 'New video [ID: 68, abc]', '2017-07-28 15:17:58', 'FOSO SOFT'),
(636, 'Deleted images [ID: 67]', '2017-07-28 15:20:56', 'FOSO SOFT'),
(637, 'Deleted images [ID: 68]', '2017-07-28 15:20:59', 'FOSO SOFT'),
(638, 'Deleted images [ID: 66]', '2017-07-28 15:21:00', 'FOSO SOFT'),
(639, 'New video [ID: 69, ABCXYZ1]', '2017-07-28 15:21:12', 'FOSO SOFT'),
(640, 'New video [ID: 70, ABc]', '2017-07-28 15:21:46', 'FOSO SOFT'),
(641, 'Deleted images [ID: 39]', '2017-07-28 15:45:07', 'FOSO SOFT'),
(642, 'New Customer Group Created [ID:1, Name:Khách hàng]', '2017-07-28 15:54:22', 'FOSO SOFT'),
(643, 'Customer Info Updated [abc]', '2017-07-28 15:56:42', 'FOSO SOFT'),
(644, 'cập nhật chủ sở hữu [ID: 11] thành chử sở hữu chính', '2017-07-28 16:08:15', 'FOSO SOFT'),
(645, 'New video [ID: 71, ]', '2017-07-28 16:25:25', 'FOSO SOFT'),
(646, 'New video [ID: 72, ]', '2017-07-28 16:27:23', 'FOSO SOFT'),
(647, 'Deleted images [ID: 72]', '2017-07-28 16:30:06', 'FOSO SOFT'),
(648, 'New video [ID: 73, ]', '2017-07-28 16:30:11', 'FOSO SOFT'),
(649, 'Deleted images [ID: 73]', '2017-07-28 16:30:14', 'FOSO SOFT'),
(650, 'Deleted images [ID: 71]', '2017-07-28 16:30:17', 'FOSO SOFT'),
(651, 'New video [ID: 74, ]', '2017-07-28 16:34:59', 'FOSO SOFT'),
(652, 'Chuyển trạng thái bất động sản [ID: 52]', '2017-07-28 16:42:02', 'FOSO SOFT'),
(653, 'Update project bds [ID: 52]', '2017-07-28 17:02:14', 'FOSO SOFT'),
(654, 'Deleted images [ID: 70]', '2017-07-28 17:11:06', 'FOSO SOFT'),
(655, 'Staff Member Updated [ID: 3,  Hà]', '2017-07-29 10:07:47', 'admin '),
(656, 'Staff Member Updated [ID: 3,  Hà]', '2017-07-29 10:21:46', 'admin '),
(657, 'Update project bds [ID: 52]', '2017-07-29 11:33:57', 'admin '),
(658, 'Update project bds [ID: 52]', '2017-07-29 11:37:02', 'admin '),
(659, 'Deleted images [ID: 40]', '2017-07-29 11:45:36', 'admin '),
(660, 'Deleted images [ID: 74]', '2017-07-29 11:51:17', 'admin '),
(661, 'New video [ID: 75, ]', '2017-07-29 11:51:49', 'admin '),
(662, 'Update project bds [ID: 52]', '2017-07-29 11:52:08', 'admin '),
(663, '[ID: 11] được xóa khỏi chủ sở hữu chính', '2017-07-29 11:52:24', 'admin '),
(664, 'cập nhật chủ sở hữu [ID: 7] thành chử sở hữu chính', '2017-07-29 11:52:26', 'admin '),
(665, '[ID: 7] được xóa khỏi chủ sở hữu chính', '2017-07-29 11:55:54', 'admin '),
(666, 'cập nhật chủ sở hữu [ID: 7] thành chử sở hữu chính', '2017-07-29 12:00:06', 'admin '),
(667, 'Chuyển trạng thái bất động sản [ID: 54]', '2017-07-29 12:03:56', 'admin '),
(668, 'Chuyển trạng thái bất động sản [ID: 52]', '2017-07-29 12:04:00', 'admin '),
(669, 'Chuyển trạng thái bất động sản [ID: 54]', '2017-07-29 12:14:00', 'admin '),
(670, 'Update menu bds [ID: 79]', '2017-07-29 12:18:52', 'admin '),
(671, 'Tax Deleted [ID: 83]', '2017-07-29 12:21:28', 'admin '),
(672, 'Chuyển trạng thái bất động sản [ID: 52]', '2017-07-29 12:21:45', 'admin '),
(673, 'Tax Deleted [ID: 85]', '2017-07-29 12:23:05', 'admin '),
(674, 'Tax Deleted [ID: 84]', '2017-07-29 12:23:10', 'admin '),
(675, 'Tax Deleted [ID: 89]', '2017-07-29 12:27:19', 'admin '),
(676, 'Tax Deleted [ID: 92]', '2017-07-29 12:27:23', 'admin '),
(677, 'Tax Deleted [ID: 90]', '2017-07-29 12:27:28', 'admin '),
(678, 'Tax Deleted [ID: 91]', '2017-07-29 12:27:30', 'admin '),
(679, 'Tax Deleted [ID: 87]', '2017-07-29 12:27:32', 'admin '),
(680, 'Tax Deleted [ID: 86]', '2017-07-29 12:27:34', 'admin '),
(681, 'Tax Deleted [ID: 88]', '2017-07-29 12:27:36', 'admin '),
(682, 'Tax Deleted [ID: 93]', '2017-07-29 12:30:06', 'admin '),
(683, 'Tax Deleted [ID: 94]', '2017-07-29 12:30:25', 'admin '),
(684, 'Tax Deleted [ID: 95]', '2017-07-29 12:32:03', 'admin '),
(685, 'Update menu bds [ID: 49]', '2017-07-29 12:45:33', 'admin '),
(686, 'Update menu bds [ID: 58]', '2017-07-29 12:45:47', 'admin '),
(687, 'Update menu bds [ID: 76]', '2017-07-29 12:46:09', 'admin '),
(688, 'Update menu bds [ID: 76]', '2017-07-29 12:46:16', 'admin '),
(689, 'Update menu bds [ID: 76]', '2017-07-29 12:46:22', 'admin '),
(690, 'Tax Deleted [ID: 82]', '2017-07-29 12:46:33', 'admin '),
(691, 'Tax Deleted [ID: 79]', '2017-07-29 12:46:38', 'admin '),
(692, 'Deleted images [ID: 75]', '2017-07-31 09:08:22', 'admin '),
(693, 'Chuyển trạng thái bất động sản [ID: 52]', '2017-07-31 09:21:47', 'admin '),
(694, 'Chuyển trạng thái bất động sản [ID: 52]', '2017-07-31 09:21:48', 'admin '),
(695, 'Update project bds [ID: 52]', '2017-07-31 10:12:02', 'admin '),
(696, 'Cập nhật Nhật ký cuộc gọi  [ID: 6] bởi1', '2017-07-31 16:10:30', 'admin '),
(697, 'Cập nhật Nhật ký cuộc gọi  [ID: 6] bởi1', '2017-07-31 16:10:36', 'admin '),
(698, 'Thêm nhật ký cuộc gọi [ID: ] bởi [1: admin ]', '2017-07-31 16:11:46', 'admin '),
(699, 'Thêm nhật ký cuộc gọi [ID: ] bởi [1: admin ]', '2017-07-31 17:09:54', 'admin '),
(700, 'Thêm nhật ký cuộc gọi [ID: ] bởi [1: admin ]', '2017-07-31 17:10:24', 'admin '),
(701, 'Thêm nhật ký cuộc gọi [ID: ] bởi [1: admin ]', '2017-07-31 17:10:26', 'admin '),
(702, 'Cập nhật Người quản trị cho bất động sản  [ID: 49] bởi1', '2017-07-31 17:14:57', 'admin '),
(703, 'Cập nhật Người quản trị cho bất động sản  [ID: 49] bởi1', '2017-07-31 17:15:14', 'admin '),
(704, 'Cập nhật Người quản trị cho bất động sản  [ID: 49] bởi1', '2017-07-31 17:15:24', 'admin '),
(705, 'Cập nhật Người quản trị cho bất động sản  [ID: 49] bởi1', '2017-07-31 17:17:59', 'admin '),
(706, 'Cập nhật Người quản trị cho bất động sản  [ID: 49] bởi1', '2017-07-31 17:24:01', 'admin '),
(707, 'Cập nhật Người quản trị cho bất động sản  [ID: 49] bởi1', '2017-07-31 17:24:09', 'admin '),
(708, 'Cập nhật Người quản trị cho bất động sản  [ID: 49] bởi1', '2017-07-31 17:24:20', 'admin '),
(709, 'Cập nhật Người quản trị cho bất động sản  [ID: 49] bởi1', '2017-07-31 17:24:59', 'admin '),
(710, 'Cập nhật Người quản trị cho bất động sản  [ID: 49] bởi1', '2017-07-31 17:26:53', 'admin '),
(711, 'Cập nhật Người quản trị cho bất động sản  [ID: 49] bởi1', '2017-07-31 17:27:21', 'admin '),
(712, 'Cập nhật Người quản trị cho bất động sản  [ID: 49] bởi1', '2017-07-31 17:28:08', 'admin '),
(713, 'Cập nhật Người quản trị cho bất động sản  [ID: 49] bởi1', '2017-07-31 17:28:16', 'admin '),
(714, 'Cập nhật Người quản trị cho bất động sản  [ID: 49] bởi1', '2017-07-31 17:28:25', 'admin '),
(715, 'Cập nhật Người quản trị cho bất động sản  [ID: 49] bởi1', '2017-07-31 17:31:03', 'admin '),
(716, 'Cập nhật Người quản trị cho bất động sản  [ID: 49] bởi1', '2017-07-31 17:32:28', 'admin '),
(717, 'Cập nhật Người quản trị cho bất động sản  [ID: 49] bởi1', '2017-07-31 17:34:02', 'admin '),
(718, 'Cập nhật Người quản trị cho bất động sản  [ID: 49] bởi1', '2017-07-31 17:34:46', 'admin '),
(719, 'Cập nhật Người quản trị cho bất động sản  [ID: 49] bởi1', '2017-07-31 17:35:09', 'admin '),
(720, 'Cập nhật Người quản trị cho bất động sản  [ID: 49] bởi1', '2017-07-31 17:37:47', 'admin '),
(721, 'Cập nhật Người quản trị cho bất động sản  [ID: 52] bởi1', '2017-08-01 08:21:06', 'admin '),
(722, 'Cập nhật Người quản trị cho bất động sản  [ID: 52] bởi1', '2017-08-01 08:27:28', 'admin '),
(723, 'Cập nhật Người quản trị cho bất động sản  [ID: 52] bởi1', '2017-08-01 08:27:32', 'admin '),
(724, 'Cập nhật Người quản trị cho bất động sản  [ID: 52] bởi1', '2017-08-01 08:27:38', 'admin '),
(725, 'Cập nhật Người quản trị cho bất động sản  [ID: 52] bởi1', '2017-08-01 08:28:06', 'admin '),
(726, 'Cập nhật Người quản trị cho bất động sản  [ID: 52] bởi1', '2017-08-01 08:28:11', 'admin '),
(727, 'Cập nhật Người quản trị cho bất động sản  [ID: 52] bởi1', '2017-08-01 08:30:17', 'admin '),
(728, 'Cập nhật Người quản trị cho bất động sản  [ID: 52] bởi1', '2017-08-01 08:30:25', 'admin '),
(729, 'Cập nhật Người quản trị cho bất động sản  [ID: 52] bởi1', '2017-08-01 08:30:37', 'admin '),
(730, 'Cập nhật Người quản trị cho bất động sản  [ID: 52] bởi1', '2017-08-01 08:34:50', 'admin '),
(731, 'Cập nhật Người quản trị cho bất động sản  [ID: 52] bởi1', '2017-08-01 08:35:05', 'admin '),
(732, 'Cập nhật Người quản trị cho bất động sản  [ID: 52] bởi1', '2017-08-01 08:35:10', 'admin '),
(733, 'Cập nhật Người quản trị cho bất động sản  [ID: 52] bởi1', '2017-08-01 08:35:12', 'admin '),
(734, 'Cập nhật Người quản trị cho bất động sản  [ID: 52] bởi1', '2017-08-01 08:35:17', 'admin '),
(735, 'Cập nhật Người quản trị cho bất động sản  [ID: 52] bởi1', '2017-08-01 08:35:23', 'admin '),
(736, 'Cập nhật Người quản trị cho bất động sản  [ID: 52] bởi1', '2017-08-01 08:35:30', 'admin '),
(737, 'Cập nhật Người quản trị cho bất động sản  [ID: 52] bởi1', '2017-08-01 08:50:29', 'admin '),
(738, 'Cập nhật Người quản trị cho bất động sản  [ID: 52] bởi1', '2017-08-01 08:50:35', 'admin '),
(739, 'Cập nhật Người quản trị cho bất động sản  [ID: 52] bởi1', '2017-08-01 08:50:40', 'admin '),
(740, 'Cập nhật Người quản trị cho bất động sản  [ID: 52] bởi1', '2017-08-01 08:50:45', 'admin '),
(741, 'Cập nhật Người quản trị cho bất động sản  [ID: 52] bởi1', '2017-08-01 08:51:00', 'admin '),
(742, 'Cập nhật Người quản trị cho bất động sản  [ID: 52] bởi1', '2017-08-01 08:51:04', 'admin '),
(743, 'Cập nhật Người quản trị cho bất động sản  [ID: 52] bởi1', '2017-08-01 08:51:41', 'admin '),
(744, 'Cập nhật Người quản trị cho bất động sản  [ID: 52] bởi1', '2017-08-01 08:52:15', 'admin '),
(745, 'Cập nhật Người quản trị cho bất động sản  [ID: 52] bởi1', '2017-08-01 08:52:26', 'admin '),
(746, 'Cập nhật Người quản trị cho bất động sản  [ID: 52] bởi1', '2017-08-01 08:53:19', 'admin '),
(747, 'Cập nhật Người quản trị cho bất động sản  [ID: 52] bởi1', '2017-08-01 08:53:31', 'admin '),
(748, 'Cập nhật Người quản trị cho bất động sản  [ID: 52] bởi1', '2017-08-01 08:54:24', 'admin '),
(749, 'Cập nhật Người quản trị cho bất động sản  [ID: 52] bởi1', '2017-08-01 08:54:34', 'admin '),
(750, 'Cập nhật Người quản trị cho bất động sản  [ID: 52] bởi1', '2017-08-01 08:55:02', 'admin '),
(751, 'Cập nhật Người quản trị cho bất động sản  [ID: 52] bởi1', '2017-08-01 08:57:01', 'admin '),
(752, 'Cập nhật Người quản trị cho bất động sản  [ID: 52] bởi1', '2017-08-01 09:00:19', 'admin '),
(753, 'Cập nhật Người quản trị cho bất động sản  [ID: 52] bởi1', '2017-08-01 09:00:27', 'admin '),
(754, 'Cập nhật Người quản trị cho bất động sản  [ID: 52] bởi1', '2017-08-01 09:00:38', 'admin '),
(755, 'Cập nhật Người quản trị cho bất động sản  [ID: 52] bởi1', '2017-08-01 09:03:32', 'admin '),
(756, 'Cập nhật Người quản trị cho bất động sản  [ID: 52] bởi1', '2017-08-01 09:04:12', 'admin '),
(757, 'Cập nhật Người quản trị cho bất động sản  [ID: 52] bởi1', '2017-08-01 09:04:55', 'admin '),
(758, 'Cập nhật Người quản trị cho bất động sản  [ID: 52] bởi1', '2017-08-01 09:05:02', 'admin '),
(759, 'Cập nhật Người quản trị cho bất động sản  [ID: 52] bởi1', '2017-08-01 09:05:06', 'admin '),
(760, 'Cập nhật Người quản trị cho bất động sản  [ID: 52] bởi1', '2017-08-01 09:05:09', 'admin '),
(761, 'Cập nhật Người quản trị cho bất động sản  [ID: 52] bởi1', '2017-08-01 09:05:13', 'admin '),
(762, 'Cập nhật Người quản trị cho bất động sản  [ID: 52] bởi1', '2017-08-01 09:05:16', 'admin '),
(763, 'Cập nhật Người quản trị cho bất động sản  [ID: 52] bởi1', '2017-08-01 09:05:20', 'admin '),
(764, 'Cập nhật Người quản trị cho bất động sản  [ID: 52] bởi1', '2017-08-01 09:05:24', 'admin '),
(765, 'Cập nhật Người quản trị cho bất động sản  [ID: 52] bởi1', '2017-08-01 09:06:02', 'admin '),
(766, 'Cập nhật Người quản trị cho bất động sản  [ID: 52] bởi1', '2017-08-01 09:06:04', 'admin '),
(767, 'Cập nhật Người quản trị cho bất động sản  [ID: 52] bởi1', '2017-08-01 09:06:14', 'admin '),
(768, 'Cập nhật Người quản trị cho bất động sản  [ID: 52] bởi1', '2017-08-01 09:06:29', 'admin '),
(769, 'Cập nhật Người quản trị cho bất động sản  [ID: 52] bởi1', '2017-08-01 09:07:32', 'admin '),
(770, 'Cập nhật Người quản trị cho bất động sản  [ID: 52] bởi1', '2017-08-01 09:07:35', 'admin '),
(771, 'Cập nhật Người quản trị cho bất động sản  [ID: 52] bởi1', '2017-08-01 09:11:51', 'admin '),
(772, 'Cập nhật Người quản trị cho bất động sản  [ID: 52] bởi1', '2017-08-01 09:12:02', 'admin '),
(773, 'Cập nhật Người quản trị cho bất động sản  [ID: 52] bởi1', '2017-08-01 09:12:15', 'admin '),
(774, 'Cập nhật Người quản trị cho bất động sản  [ID: 52] bởi1', '2017-08-01 09:13:10', 'admin '),
(775, 'Cập nhật Người quản trị cho bất động sản  [ID: 52] bởi1', '2017-08-01 09:13:36', 'admin '),
(776, 'Cập nhật Người quản trị cho bất động sản  [ID: 52] bởi1', '2017-08-01 09:13:52', 'admin '),
(777, 'Cập nhật Người quản trị cho bất động sản  [ID: 52] bởi1', '2017-08-01 09:14:01', 'admin '),
(778, 'Cập nhật Người quản trị cho bất động sản  [ID: 52] bởi1', '2017-08-01 09:14:35', 'admin '),
(779, 'Cập nhật Người quản trị cho bất động sản  [ID: 52] bởi1', '2017-08-01 09:14:40', 'admin '),
(780, 'Cập nhật Người quản trị cho bất động sản  [ID: 52] bởi1', '2017-08-01 09:14:45', 'admin '),
(781, 'Cập nhật Người quản trị cho bất động sản  [ID: 52] bởi1', '2017-08-01 09:14:52', 'admin '),
(782, 'Cập nhật Người quản trị cho bất động sản  [ID: 52] bởi1', '2017-08-01 09:14:58', 'admin '),
(783, 'Cập nhật Người quản trị cho bất động sản  [ID: 52] bởi1', '2017-08-01 09:15:15', 'admin '),
(784, 'Cập nhật Người quản trị cho bất động sản  [ID: 52] bởi1', '2017-08-01 09:15:20', 'admin '),
(785, 'Cập nhật Người quản trị cho bất động sản  [ID: 52] bởi1', '2017-08-01 09:15:24', 'admin '),
(786, 'Cập nhật Người quản trị cho bất động sản  [ID: 52] bởi1', '2017-08-01 09:15:42', 'admin '),
(787, 'Cập nhật Người quản trị cho bất động sản  [ID: 52] bởi1', '2017-08-01 09:15:49', 'admin '),
(788, 'Cập nhật Người quản trị cho bất động sản  [ID: 52] bởi1', '2017-08-01 09:15:53', 'admin '),
(789, 'Cập nhật Người quản trị cho bất động sản  [ID: 52] bởi1', '2017-08-01 09:15:56', 'admin '),
(790, 'Cập nhật Người quản trị cho bất động sản  [ID: 52] bởi1', '2017-08-01 09:16:00', 'admin '),
(791, 'Cập nhật Người quản trị cho bất động sản  [ID: 52] bởi1', '2017-08-01 09:16:29', 'admin '),
(792, 'Cập nhật Người quản trị cho bất động sản  [ID: 52] bởi1', '2017-08-01 09:48:48', 'admin '),
(793, 'Cập nhật Người quản trị cho bất động sản  [ID: 52] bởi1', '2017-08-01 09:48:57', 'admin '),
(794, 'Cập nhật Người quản trị cho bất động sản  [ID: 52] bởi1', '2017-08-01 09:49:02', 'admin '),
(795, 'Cập nhật Người quản trị cho bất động sản  [ID: 52] bởi1', '2017-08-01 09:49:06', 'admin '),
(796, 'Cập nhật Người quản trị cho bất động sản  [ID: 52] bởi1', '2017-08-01 09:49:11', 'admin '),
(797, 'Update project bds [ID: 52]', '2017-08-01 09:55:07', 'admin '),
(798, 'Tax Deleted [ID: 77]', '2017-08-01 10:19:06', 'admin '),
(799, 'New project bds [ID: 55, ]', '2017-08-01 10:37:45', 'admin '),
(800, 'Thêm đối tác [13] bởi 1[admin ]', '2017-08-02 08:46:30', 'admin '),
(801, 'Thêm đối tác [14] bởi 1[admin ]', '2017-08-02 08:46:43', 'admin '),
(802, 'Thêm đối tác [15] bởi 1[admin ]', '2017-08-02 08:47:12', 'admin '),
(803, 'Thêm đối tác [16] bởi 1[admin ]', '2017-08-02 08:48:22', 'admin '),
(804, 'Thêm đối tác [17] bởi 1[admin ]', '2017-08-02 08:50:07', 'admin '),
(805, 'Thêm đối tác [18] bởi 1[admin ]', '2017-08-02 09:10:11', 'admin '),
(806, 'Cập nhật đối tác [18] bởi 1[admin ]', '2017-08-02 09:16:34', 'admin '),
(807, 'Xóa đối tác [1] bởi 1[admin ]', '2017-08-02 09:29:53', 'admin '),
(808, 'Xóa đối tác [18] bởi 1[admin ]', '2017-08-02 09:30:30', 'admin '),
(809, 'Xóa đối tác [1] bởi 1[admin ]', '2017-08-02 10:20:01', 'admin '),
(810, 'Xóa đối tác [18] bởi 1[admin ]', '2017-08-02 10:20:01', 'admin '),
(811, 'Xóa đối tác [18] bởi 1[admin ]', '2017-08-02 10:20:59', 'admin '),
(812, 'Xóa đối tác [1] bởi 1[admin ]', '2017-08-02 10:20:59', 'admin '),
(813, 'Xóa đối tác [1] bởi 1[admin ]', '2017-08-02 10:21:32', 'admin '),
(814, 'Xóa đối tác [18] bởi 1[admin ]', '2017-08-02 10:21:32', 'admin '),
(815, 'Xóa đối tác [1] bởi 1[admin ]', '2017-08-02 10:22:35', 'admin '),
(816, 'Xóa đối tác [18] bởi 1[admin ]', '2017-08-02 10:22:36', 'admin '),
(817, 'Xóa đối tác [1] bởi 1[admin ]', '2017-08-02 10:23:03', 'admin '),
(818, 'Xóa đối tác [18] bởi 1[admin ]', '2017-08-02 10:23:04', 'admin '),
(819, 'Xóa đối tác [1] bởi 1[admin ]', '2017-08-02 10:24:49', 'admin '),
(820, 'Xóa đối tác [18] bởi 1[admin ]', '2017-08-02 10:24:49', 'admin '),
(821, 'Xóa đối tác [18] bởi 1[admin ]', '2017-08-02 10:26:55', 'admin '),
(822, 'Xóa đối tác [1] bởi 1[admin ]', '2017-08-02 10:26:55', 'admin '),
(823, 'Xóa đối tác [1] bởi 1[admin ]', '2017-08-02 10:27:48', 'admin '),
(824, 'Xóa đối tác [18] bởi 1[admin ]', '2017-08-02 10:27:48', 'admin '),
(825, 'Xóa đối tác [1] bởi 1[admin ]', '2017-08-02 10:28:45', 'admin '),
(826, 'Xóa đối tác [18] bởi 1[admin ]', '2017-08-02 10:28:45', 'admin '),
(827, 'Xóa đối tác [1] bởi 1[admin ]', '2017-08-02 10:29:10', 'admin '),
(828, 'Xóa đối tác [18] bởi 1[admin ]', '2017-08-02 10:29:10', 'admin '),
(829, 'Xóa đối tác [1] bởi 1[admin ]', '2017-08-02 10:30:00', 'admin '),
(830, 'Xóa đối tác [18] bởi 1[admin ]', '2017-08-02 10:30:00', 'admin '),
(831, 'Xóa đối tác [1] bởi 1[admin ]', '2017-08-02 10:31:37', 'admin '),
(832, 'Xóa đối tác [1] bởi 1[admin ]', '2017-08-02 10:32:09', 'admin '),
(833, 'Xóa đối tác [18] bởi 1[admin ]', '2017-08-02 10:32:09', 'admin '),
(834, 'Xóa đối tác [1] bởi 1[admin ]', '2017-08-02 10:39:43', 'admin '),
(835, 'Xóa đối tác [18] bởi 1[admin ]', '2017-08-02 10:39:43', 'admin '),
(836, 'Xóa đối tác [2] bởi 1[admin ]', '2017-08-02 10:40:06', 'admin '),
(837, 'Thêm nhật ký cuộc gọi [ID: ] bởi [1: admin ]', '2017-08-02 10:49:13', 'admin '),
(838, 'Xóa Chủ sỏ hữu thành công [ID: 7]', '2017-08-02 11:15:48', 'admin '),
(839, 'Xóa Chủ sỏ hữu thành công [ID: 11]', '2017-08-02 11:21:10', 'admin '),
(840, 'Xóa nhật ký cuộc gọi thành công [ID: 63]', '2017-08-02 11:38:21', 'admin '),
(841, 'Xóa nhật ký cuộc gọi thành công [ID: 63]', '2017-08-02 11:38:24', 'admin '),
(842, 'Xóa Chủ sỏ hữu thành công [ID: 11]', '2017-08-02 11:39:27', 'admin '),
(843, 'Xóa nhật ký cuộc gọi thành công [ID: 63]', '2017-08-02 11:39:31', 'admin '),
(844, 'Xóa nhật ký cuộc gọi [ID: 63]', '2017-08-02 13:38:31', 'admin '),
(845, 'Xóa nhật ký cuộc gọi [ID: 63]', '2017-08-02 13:40:00', 'admin '),
(846, 'Xóa Chủ sỏ hữu [ID: 7]', '2017-08-02 13:40:08', 'admin '),
(847, 'Xóa quyền quản trị của nhân viên [ID: 3]- Hà tại bất động sản52', '2017-08-02 13:45:12', 'admin '),
(848, 'Xóa quyền quản trị của nhân viên [ID: 1]-admin  tại bất động sản52', '2017-08-02 13:45:40', 'admin '),
(849, 'Cập nhật Người quản trị cho bất động sản  [ID: 52] bởi1', '2017-08-02 13:45:46', 'admin '),
(850, 'Xóa quyền quản trị của nhân viên [ID: 2]-Tân Nguyễn tại bất động sản52', '2017-08-02 13:45:51', 'admin '),
(851, 'Xóa Chủ sỏ hữu [ID: 7]', '2017-08-02 13:58:42', 'admin '),
(852, 'Xóa Chủ sỏ hữu [ID: 11]', '2017-08-02 13:58:51', 'admin '),
(853, 'Xóa nhật ký cuộc gọi [ID: 63]', '2017-08-02 14:00:06', 'admin '),
(854, 'Xóa Chủ sỏ hữu [ID: 7]', '2017-08-02 14:01:26', 'admin '),
(855, 'Xóa Chủ sỏ hữu [ID: 11]', '2017-08-02 14:01:26', 'admin '),
(856, 'Xóa Chủ sỏ hữu [ID: 7]', '2017-08-02 14:02:22', 'admin '),
(857, 'Xóa Chủ sỏ hữu [ID: 11]', '2017-08-02 14:03:06', 'admin '),
(858, 'Xóa Chủ sỏ hữu [ID: 7]', '2017-08-02 14:04:30', 'admin '),
(859, 'Xóa Chủ sỏ hữu [ID: 11]', '2017-08-02 14:05:42', 'admin '),
(860, 'Xóa Chủ sỏ hữu [ID: 7]', '2017-08-02 14:06:03', 'admin '),
(861, 'Xóa Chủ sỏ hữu [ID: 11]', '2017-08-02 14:07:23', 'admin '),
(862, 'Xóa Chủ sỏ hữu [ID: 11]', '2017-08-02 14:09:59', 'admin '),
(863, 'Xóa Chủ sỏ hữu [ID: 7]', '2017-08-02 14:10:21', 'admin '),
(864, 'Xóa nhật ký cuộc gọi [ID: 63]', '2017-08-02 14:11:00', 'admin '),
(865, 'Cập nhật đối tác [1] bởi 1[admin ]', '2017-08-02 14:14:32', 'admin '),
(866, 'Xóa đối tác [1] bởi 1[admin ]', '2017-08-02 14:14:38', 'admin '),
(867, 'Xóa đối tác [18] bởi 1[admin ]', '2017-08-02 14:14:38', 'admin '),
(868, 'Thêm đối tác [19] bởi 1[admin ]', '2017-08-02 14:36:25', 'admin '),
(869, 'Thêm nhật ký cuộc gọi [ID: ] bởi [1: admin ]', '2017-08-02 14:54:13', 'admin '),
(870, 'Update project bds [ID: 52]', '2017-08-02 16:30:47', 'admin '),
(871, 'Update project bds [ID: 54]', '2017-08-02 16:30:54', 'admin '),
(872, 'New project bds [ID: 56, ]', '2017-08-02 16:35:17', 'admin '),
(873, 'Update project bds [ID: 56]', '2017-08-02 16:47:17', 'admin '),
(874, 'Thêm nhật ký cuộc gọi [ID: ] bởi [1: admin ]', '2017-08-02 17:07:27', 'admin '),
(875, 'Thêm nhật ký cuộc gọi [ID: ] bởi [1: admin ]', '2017-08-02 17:08:48', 'admin '),
(876, 'Thêm nhật ký cuộc gọi [ID: ] bởi [1: admin ]', '2017-08-03 08:27:25', 'admin '),
(877, 'New video [ID: 70, ]', '2017-08-03 08:51:20', 'admin '),
(878, 'Deleted images [ID: 70]', '2017-08-03 08:51:47', 'admin '),
(879, 'Cập nhật đối tác [19] bởi 1[admin ]', '2017-08-03 14:01:25', 'admin '),
(880, 'Cập nhật đối tác [19] bởi 1[admin ]', '2017-08-03 14:02:06', 'admin '),
(881, 'Thêm đối tác [20] bởi 1[admin ]', '2017-08-03 14:02:45', 'admin '),
(882, 'Update project bds [ID: 55]', '2017-08-03 17:12:23', 'admin '),
(883, 'Update project bds [ID: 55]', '2017-08-03 17:13:08', 'admin '),
(884, 'Update project bds [ID: 55]', '2017-08-03 17:17:49', 'admin '),
(885, 'New project bds [ID: 57, ]', '2017-08-03 17:18:25', 'admin '),
(886, 'New project bds [ID: 58, ]', '2017-08-03 17:20:47', 'admin '),
(887, 'Thêm khách hàng Lê chí công [13]', '2017-08-04 14:04:41', 'admin '),
(888, 'Cập nhật khách hàng [13]', '2017-08-04 14:13:24', 'admin '),
(889, 'Cập nhật khách hàng [12]', '2017-08-04 14:54:47', 'admin '),
(890, 'Cập nhật khách hàng [12]', '2017-08-04 14:55:00', 'admin '),
(891, 'Cập nhật khách hàng [12]', '2017-08-04 14:59:13', 'admin '),
(892, 'Cập nhật khách hàng [12]', '2017-08-04 14:59:28', 'admin '),
(893, 'Thêm khách hàng khách hàng A [14]', '2017-08-04 16:16:54', 'admin '),
(894, 'Cập nhật khách hàng [13]', '2017-08-05 09:03:52', 'admin '),
(895, 'Cập nhật khách hàng [13]', '2017-08-05 09:05:24', 'admin '),
(896, 'Cập nhật khách hàng [13]', '2017-08-05 09:19:42', 'admin '),
(897, 'Cập nhật khách hàng [13]', '2017-08-05 09:20:46', 'admin '),
(898, 'Cập nhật khách hàng [13]', '2017-08-05 09:30:49', 'admin '),
(899, 'New video [ID: 70, ]', '2017-08-05 09:36:37', 'admin '),
(900, 'Cập nhật khách hàng [13]', '2017-08-05 10:38:08', 'admin '),
(901, 'Chuyển trạng thái bất động sản [ID: 55]', '2017-08-05 10:49:24', 'admin '),
(902, 'Update menu bds [ID: 77]', '2017-08-05 11:42:27', 'admin '),
(903, 'Tax Deleted [ID: 77]', '2017-08-05 11:58:44', 'admin '),
(904, 'Chuyển trạng thái bất động sản [ID: 56]', '2017-08-05 12:10:53', 'admin '),
(905, 'Project Deleted [ID: 4, Name: Dự án 1]', '2017-08-07 08:53:24', 'admin '),
(906, 'Project Deleted [ID: 3, Name: LONG HAI HOTEL]', '2017-08-07 08:53:27', 'admin '),
(907, 'Project Deleted [ID: 2, Name: dcb]', '2017-08-07 08:53:29', 'admin '),
(908, 'Project Deleted [ID: 1, Name: ABC]', '2017-08-07 08:53:32', 'admin '),
(909, 'New Project Created [ID: 5]', '2017-08-07 09:45:47', 'admin '),
(910, 'New Project Created [ID: 6]', '2017-08-07 09:51:40', 'admin '),
(911, 'New Project Created [ID: 7]', '2017-08-07 09:53:29', 'admin '),
(912, 'New Project Created [ID: 8]', '2017-08-07 09:53:58', 'admin '),
(913, 'New Project Created [ID: 9]', '2017-08-07 09:54:13', 'admin '),
(914, 'New Project Created [ID: 10]', '2017-08-07 09:54:34', 'admin '),
(915, 'New Project Created [ID: 11]', '2017-08-07 09:54:38', 'admin '),
(916, 'New Project Created [ID: 12]', '2017-08-07 09:56:47', 'admin '),
(917, 'Thêm đối tác [21] bởi 1[admin ]', '2017-08-07 10:00:35', 'admin '),
(918, 'New Project Created [ID: 13]', '2017-08-07 10:02:35', 'admin '),
(919, 'New Project Created [ID: 14]', '2017-08-07 10:04:10', 'admin '),
(920, 'New Project Created [ID: 15]', '2017-08-07 10:07:53', 'admin '),
(921, 'New Project Created [ID: 16]', '2017-08-07 10:08:12', 'admin '),
(922, 'New Project Created [ID: 17]', '2017-08-07 10:08:31', 'admin '),
(923, 'New Project Created [ID: 18]', '2017-08-07 10:08:50', 'admin '),
(924, 'Project Deleted [ID: 5, Name: 213]', '2017-08-07 10:08:56', 'admin '),
(925, 'Project Deleted [ID: 6, Name: 123]', '2017-08-07 10:08:58', 'admin '),
(926, 'Project Deleted [ID: 7, Name: ]', '2017-08-07 10:09:00', 'admin '),
(927, 'Project Deleted [ID: 8, Name: ]', '2017-08-07 10:09:02', 'admin '),
(928, 'Project Deleted [ID: 9, Name: ]', '2017-08-07 10:09:04', 'admin '),
(929, 'Project Deleted [ID: 10, Name: ]', '2017-08-07 10:09:05', 'admin '),
(930, 'Project Deleted [ID: 11, Name: ]', '2017-08-07 10:09:08', 'admin '),
(931, 'Project Deleted [ID: 12, Name: ]', '2017-08-07 10:09:09', 'admin '),
(932, 'Project Deleted [ID: 13, Name: ]', '2017-08-07 10:09:11', 'admin '),
(933, 'Project Deleted [ID: 14, Name: ]', '2017-08-07 10:09:13', 'admin '),
(934, 'Project Deleted [ID: 15, Name: 123123]', '2017-08-07 10:09:15', 'admin '),
(935, 'Project Deleted [ID: 16, Name: 123]', '2017-08-07 10:09:17', 'admin '),
(936, 'Project Updated [ID: 17]', '2017-08-07 10:22:52', 'admin '),
(937, 'Project Updated [ID: 17]', '2017-08-07 10:25:36', 'admin '),
(938, 'Project Deleted [ID: 18, Name: 312312]', '2017-08-07 10:25:44', 'admin '),
(939, 'Project Deleted [ID: 17, Name: 1231231233]', '2017-08-07 10:25:47', 'admin '),
(940, 'New Project Created [ID: 19]', '2017-08-07 10:26:04', 'admin '),
(941, 'New Project Created [ID: 20]', '2017-08-07 10:26:20', 'admin '),
(942, 'Update project bds [ID: 55]', '2017-08-07 11:28:55', 'admin '),
(943, 'Custom Field Updated [Tình trạng doanh nghiệp]', '2017-08-07 13:44:35', 'admin '),
(944, 'Tax Deleted [ID: 122]', '2017-08-08 11:23:13', 'admin '),
(945, 'Tax Deleted [ID: 126]', '2017-08-08 11:23:17', 'admin '),
(946, 'Tax Deleted [ID: 125]', '2017-08-08 11:23:21', 'admin '),
(947, 'Tax Deleted [ID: 124]', '2017-08-08 11:23:25', 'admin '),
(948, 'Tax Deleted [ID: 121]', '2017-08-08 11:23:28', 'admin '),
(949, 'Tax Deleted [ID: 123]', '2017-08-08 11:23:31', 'admin '),
(950, 'Update menu bds [ID: 129]', '2017-08-08 12:04:07', 'admin '),
(951, 'Update menu bds [ID: 129]', '2017-08-08 12:04:16', 'admin '),
(952, 'Tax Deleted [ID: 49]', '2017-08-08 12:06:06', 'admin '),
(953, 'Tax Deleted [ID: 127]', '2017-08-08 12:06:09', 'admin '),
(954, 'Tax Deleted [ID: 128]', '2017-08-08 12:06:12', 'admin '),
(955, 'Update menu bds [ID: 58]', '2017-08-08 15:53:47', 'admin '),
(956, 'Chuyển trạng thái bất động sản [ID: 55]', '2017-08-09 08:48:33', 'admin '),
(957, 'Chuyển trạng thái bất động sản [ID: 55]', '2017-08-09 08:48:43', 'admin '),
(958, 'Thêm trạng thái bất động sản [ID: 57]', '2017-08-09 09:30:34', 'admin '),
(959, 'Thêm trạng thái bất động sản [ID: 55]', '2017-08-09 09:30:47', 'admin '),
(960, 'Thêm trạng thái bất động sản [ID: 55]', '2017-08-09 10:44:00', 'admin '),
(961, 'Xóa nhu cầu [ID:3, Tên: nhu cầu mới2]', '2017-08-09 10:44:17', 'admin '),
(962, 'Update menu bds [ID: 58]', '2017-08-09 11:49:45', 'admin '),
(963, 'New project bds [ID: 59, ]', '2017-08-09 13:51:25', 'admin '),
(964, 'New project bds [ID: 60, ]', '2017-08-09 13:58:37', 'admin '),
(965, 'Update project bds [ID: 60]', '2017-08-09 15:11:19', 'admin '),
(966, 'Update project bds [ID: 60]', '2017-08-09 15:18:42', 'admin '),
(967, 'Update project bds [ID: 60]', '2017-08-09 15:38:48', 'admin '),
(968, 'Update project bds [ID: 60]', '2017-08-09 15:42:38', 'admin '),
(969, 'New project bds [ID: 61, ]', '2017-08-09 15:45:41', 'admin '),
(970, 'New project bds [ID: 62, ]', '2017-08-09 15:48:17', 'admin '),
(971, 'New project bds [ID: 63, ]', '2017-08-09 15:50:02', 'admin '),
(972, 'Update project bds [ID: 63]', '2017-08-09 15:53:13', 'admin '),
(973, 'Update project bds [ID: 63]', '2017-08-09 15:55:46', 'admin '),
(974, 'Thêm nhật ký cuộc gọi [ID: ] bởi [1: admin ]', '2017-08-09 16:03:30', 'admin '),
(975, 'Update menu bds [ID: 58]', '2017-08-09 17:03:36', 'admin '),
(976, 'Thêm trạng thái bất động sản [ID: 56]', '2017-08-09 17:03:54', 'admin '),
(977, 'Thêm trạng thái bất động sản [ID: 55]', '2017-08-10 10:48:30', 'admin '),
(978, 'New video [ID: 71, ]', '2017-08-10 11:57:01', 'admin '),
(979, 'Deleted images [ID: 71]', '2017-08-10 11:57:03', 'admin '),
(980, 'Deleted images [ID: 70]', '2017-08-10 11:57:06', 'admin '),
(981, 'Thêm trạng thái bất động sản [ID: 55]', '2017-08-10 15:50:40', 'admin '),
(982, 'New project bds [ID: 64, ]', '2017-08-10 16:32:16', 'admin '),
(983, 'Thêm trạng thái bất động sản [ID: 57]', '2017-08-10 16:40:55', 'admin '),
(984, 'Thêm trạng thái bất động sản [ID: 60]', '2017-08-10 16:42:42', 'admin '),
(985, 'Thêm trạng thái bất động sản [ID: 60]', '2017-08-10 16:42:43', 'admin '),
(986, 'Thêm trạng thái bất động sản [ID: 60]', '2017-08-10 16:42:43', 'admin '),
(987, 'Thêm trạng thái bất động sản [ID: 62]', '2017-08-11 14:49:29', 'admin '),
(988, 'Thêm trạng thái bất động sản [ID: 63]', '2017-08-11 14:49:59', 'admin '),
(989, 'Thêm trạng thái bất động sản [ID: 62]', '2017-08-11 14:50:36', 'admin '),
(990, 'Update project bds [ID: 60]', '2017-08-11 15:50:34', 'admin '),
(991, 'Update project bds [ID: 60]', '2017-08-11 15:50:46', 'admin '),
(992, 'Update project bds [ID: 60]', '2017-08-11 15:51:40', 'admin '),
(993, 'Thêm trạng thái bất động sản [ID: 58]', '2017-08-11 17:38:12', 'admin '),
(994, 'Thêm trạng thái bất động sản [ID: 57]', '2017-08-12 10:26:30', 'admin '),
(995, 'Thêm trạng thái bất động sản [ID: 55]', '2017-08-12 12:19:40', 'admin '),
(996, 'Tax Deleted [ID: 129]', '2017-08-14 10:50:19', 'admin '),
(997, 'Thêm trạng thái bất động sản [ID: 56]', '2017-08-14 11:02:39', 'admin '),
(998, 'Thêm trạng thái bất động sản [ID: 56]', '2017-08-14 11:02:51', 'admin '),
(999, 'Thêm trạng thái bất động sản [ID: 56]', '2017-08-14 11:04:27', 'admin '),
(1000, 'Thêm trạng thái bất động sản [ID: 58]', '2017-08-14 11:06:10', 'admin '),
(1001, 'Thêm trạng thái bất động sản [ID: 58]', '2017-08-14 11:06:11', 'admin '),
(1002, 'New video [ID: 70, ]', '2017-08-14 11:36:50', 'admin '),
(1003, 'New video [ID: 71, ]', '2017-08-14 11:37:08', 'admin '),
(1004, 'Thêm trạng thái bất động sản [ID: 57]', '2017-08-14 14:19:18', 'admin '),
(1005, 'New video [ID: 72, ]', '2017-08-14 15:12:22', 'admin '),
(1006, 'New video [ID: 73, ]', '2017-08-14 15:14:59', 'admin '),
(1007, 'New video [ID: 74, ]', '2017-08-14 15:23:38', 'admin '),
(1008, 'New video [ID: 75, ]', '2017-08-14 15:23:42', 'admin '),
(1009, 'New video [ID: 76, ]', '2017-08-14 15:23:47', 'admin '),
(1010, 'New video [ID: 77, ]', '2017-08-14 15:28:12', 'admin '),
(1011, 'New video [ID: 78, ]', '2017-08-14 15:28:33', 'admin '),
(1012, 'New video [ID: 79, ]', '2017-08-14 15:30:49', 'admin '),
(1013, 'New video [ID: 80, ]', '2017-08-14 15:30:56', 'admin '),
(1014, 'New video [ID: 81, ]', '2017-08-14 15:32:18', 'admin '),
(1015, 'New video [ID: 82, ]', '2017-08-14 15:35:54', 'admin '),
(1016, 'New video [ID: 83, ]', '2017-08-14 15:37:51', 'admin '),
(1017, 'New video [ID: 84, ]', '2017-08-14 15:38:32', 'admin '),
(1018, 'Deleted images [ID: 80]', '2017-08-14 15:38:36', 'admin '),
(1019, 'Deleted images [ID: 83]', '2017-08-14 15:38:40', 'admin '),
(1020, 'Deleted images [ID: 81]', '2017-08-14 15:38:46', 'admin '),
(1021, 'Deleted images [ID: 82]', '2017-08-14 15:38:47', 'admin '),
(1022, 'Deleted images [ID: 79]', '2017-08-14 15:38:49', 'admin '),
(1023, 'New video [ID: 85, ]', '2017-08-14 15:43:02', 'admin '),
(1024, 'Deleted images [ID: 84]', '2017-08-14 15:44:04', 'admin '),
(1025, 'New video [ID: 86, ]', '2017-08-14 15:45:05', 'admin '),
(1026, 'New video [ID: 87, 12312]', '2017-08-14 15:45:18', 'admin '),
(1027, 'New video [ID: 88, ]', '2017-08-14 15:55:58', 'admin '),
(1028, 'New video [ID: 89, ]', '2017-08-14 16:18:07', 'admin '),
(1029, 'New video [ID: 90, ]', '2017-08-14 16:18:07', 'admin '),
(1030, 'New video [ID: 91, ]', '2017-08-14 16:18:21', 'admin '),
(1031, 'New video [ID: 92, ]', '2017-08-14 16:18:21', 'admin '),
(1032, 'Deleted images [ID: 91]', '2017-08-14 16:18:28', 'admin '),
(1033, 'Deleted images [ID: 92]', '2017-08-14 16:18:29', 'admin '),
(1034, 'Deleted images [ID: 90]', '2017-08-14 16:18:31', 'admin '),
(1035, 'Deleted images [ID: 89]', '2017-08-14 16:18:32', 'admin '),
(1036, 'Deleted images [ID: 88]', '2017-08-14 16:18:34', 'admin '),
(1037, 'Deleted images [ID: 71]', '2017-08-14 16:18:36', 'admin '),
(1038, 'New video [ID: 93, ]', '2017-08-14 16:19:41', 'admin '),
(1039, 'New video [ID: 94, ]', '2017-08-14 16:19:41', 'admin '),
(1040, 'Deleted images [ID: 93]', '2017-08-14 16:19:56', 'admin '),
(1041, 'Deleted images [ID: 70]', '2017-08-14 16:19:57', 'admin '),
(1042, 'Deleted images [ID: 94]', '2017-08-14 16:19:58', 'admin '),
(1043, 'New video [ID: 95, ]', '2017-08-14 16:20:05', 'admin '),
(1044, 'New video [ID: 96, ]', '2017-08-14 16:20:05', 'admin '),
(1045, 'New video [ID: 97, ]', '2017-08-14 16:20:05', 'admin '),
(1046, 'New video [ID: 98, ]', '2017-08-14 16:22:09', 'admin '),
(1047, 'New video [ID: 99, ]', '2017-08-14 16:22:09', 'admin '),
(1048, 'New video [ID: 100, ]', '2017-08-14 16:22:44', 'admin '),
(1049, 'New video [ID: 101, ]', '2017-08-14 16:22:45', 'admin '),
(1050, 'Deleted images [ID: 98]', '2017-08-14 16:23:09', 'admin '),
(1051, 'Deleted images [ID: 99]', '2017-08-14 16:23:10', 'admin '),
(1052, 'Deleted images [ID: 100]', '2017-08-14 16:23:10', 'admin '),
(1053, 'Deleted images [ID: 101]', '2017-08-14 16:23:12', 'admin '),
(1054, 'Deleted images [ID: 97]', '2017-08-14 16:23:13', 'admin '),
(1055, 'Deleted images [ID: 96]', '2017-08-14 16:23:14', 'admin '),
(1056, 'Deleted images [ID: 95]', '2017-08-14 16:23:15', 'admin '),
(1057, 'New video [ID: 102, ]', '2017-08-14 16:23:21', 'admin '),
(1058, 'New video [ID: 103, ]', '2017-08-14 16:23:21', 'admin '),
(1059, 'New video [ID: 104, ]', '2017-08-14 16:23:22', 'admin '),
(1060, 'New video [ID: 105, ]', '2017-08-14 16:24:18', 'admin '),
(1061, 'New video [ID: 106, ]', '2017-08-14 16:24:18', 'admin '),
(1062, 'Deleted images [ID: 104]', '2017-08-14 16:24:27', 'admin '),
(1063, 'Deleted images [ID: 106]', '2017-08-14 16:24:29', 'admin '),
(1064, 'Deleted images [ID: 103]', '2017-08-14 16:24:30', 'admin '),
(1065, 'Deleted images [ID: 102]', '2017-08-14 16:24:32', 'admin '),
(1066, 'New video [ID: 107, ]', '2017-08-14 16:25:07', 'admin '),
(1067, 'New video [ID: 108, ]', '2017-08-14 16:25:07', 'admin '),
(1068, 'Deleted images [ID: 107]', '2017-08-14 16:25:22', 'admin '),
(1069, 'Deleted images [ID: 105]', '2017-08-14 16:25:23', 'admin '),
(1070, 'Deleted images [ID: 108]', '2017-08-14 16:25:24', 'admin '),
(1071, 'New video [ID: 109, ]', '2017-08-14 16:26:00', 'admin '),
(1072, 'New video [ID: 110, ]', '2017-08-14 16:26:00', 'admin '),
(1073, 'New video [ID: 111, ]', '2017-08-14 16:26:16', 'admin '),
(1074, 'New video [ID: 112, ]', '2017-08-14 16:26:16', 'admin '),
(1075, 'Deleted images [ID: 112]', '2017-08-14 16:26:20', 'admin '),
(1076, 'Deleted images [ID: 111]', '2017-08-14 16:26:21', 'admin '),
(1077, 'Deleted images [ID: 110]', '2017-08-14 16:26:22', 'admin '),
(1078, 'Deleted images [ID: 109]', '2017-08-14 16:26:24', 'admin '),
(1079, 'New video [ID: 113, ]', '2017-08-14 16:30:52', 'admin '),
(1080, 'New video [ID: 114, ]', '2017-08-14 16:30:52', 'admin '),
(1081, 'New video [ID: 115, video nhạc]', '2017-08-15 08:24:45', 'admin '),
(1082, 'Cập nhật Người quản trị cho bất động sản  [ID: 55] bởi1', '2017-08-15 09:37:30', 'admin '),
(1083, 'Cập nhật Người quản trị cho bất động sản  [ID: 55] bởi1', '2017-08-15 09:39:27', 'admin '),
(1084, 'New video [ID: 116, ]', '2017-08-15 09:41:39', 'admin '),
(1085, 'Xóa quyền quản trị của nhân viên [ID: 2]-Tân Nguyễn tại bất động sản55', '2017-08-15 09:41:58', 'admin '),
(1086, 'Cập nhật Người quản trị cho bất động sản  [ID: 55] bởi1', '2017-08-15 09:43:24', 'admin '),
(1087, 'Thêm chủ sở hữu [ID: ,  ]', '2017-08-15 09:46:29', 'admin '),
(1088, 'Thêm nhật ký cuộc gọi [ID: ] bởi [1: admin ]', '2017-08-15 09:47:37', 'admin '),
(1089, 'Project Updated [ID: 19]', '2017-08-16 09:40:01', 'admin '),
(1090, 'Project Updated [ID: 19]', '2017-08-16 09:40:06', 'admin '),
(1091, 'Thêm trạng thái bất động sản [ID: 56]', '2017-08-16 11:31:44', 'admin '),
(1092, 'Thêm chủ sở hữu [ID: ,  ]', '2017-08-16 11:43:42', 'admin '),
(1093, 'Thêm trạng thái bất động sản [ID: 59]', '2017-08-16 11:48:37', 'admin '),
(1094, 'Thêm trạng thái bất động sản [ID: 59]', '2017-08-16 11:48:50', 'admin '),
(1095, 'Update menu bds [ID: 130]', '2017-08-16 16:49:18', 'admin '),
(1096, 'Tax Deleted [ID: 143]', '2017-08-16 16:51:33', 'admin '),
(1097, 'Deleted images [ID: 116]', '2017-08-18 08:51:40', 'admin '),
(1098, 'Deleted images [ID: 114]', '2017-08-18 08:51:41', 'admin '),
(1099, 'Tax Deleted [ID: 145]', '2017-08-18 12:30:13', 'admin '),
(1100, 'New video [ID: 116, ]', '2017-08-19 09:26:25', 'admin '),
(1101, 'New video [ID: 117, ]', '2017-08-19 09:26:36', 'admin '),
(1102, 'New video [ID: 118, ]', '2017-08-19 11:54:35', 'admin '),
(1103, 'New video [ID: 119, ]', '2017-08-19 12:00:36', 'admin '),
(1104, 'Update menu bds [ID: 142]', '2017-08-24 08:56:46', 'admin '),
(1105, 'New project bds [ID: 65, ]', '2017-08-24 10:01:41', 'admin '),
(1106, 'Update project bds [ID: 60]', '2017-08-24 10:45:13', 'admin '),
(1107, 'Update project bds [ID: 60]', '2017-08-24 14:36:13', 'admin '),
(1108, 'Update project bds [ID: 65]', '2017-08-24 14:36:29', 'admin '),
(1109, 'New video [ID: 120, ]', '2017-08-24 15:05:23', 'admin '),
(1110, 'New project bds [ID: 66, ]', '2017-08-24 15:34:29', 'admin '),
(1111, 'Thêm chủ sở hữu [ID: ,  ]', '2017-08-25 09:33:11', 'admin '),
(1112, 'Thêm chủ sở hữu [ID: ,  ]', '2017-08-25 09:35:41', 'admin '),
(1113, 'Update project bds [ID: 56]', '2017-08-25 09:53:27', 'admin '),
(1114, 'Update project bds [ID: 66]', '2017-08-25 09:53:42', 'admin '),
(1115, 'Thêm chủ sở hữu [ID: ,  ]', '2017-08-25 12:00:43', 'admin '),
(1116, 'Thêm chủ sở hữu [ID: ,  ]', '2017-08-25 12:05:36', 'admin '),
(1117, 'Thêm chủ sở hữu [ID: ,  ]', '2017-08-25 12:08:15', 'admin '),
(1118, 'cập nhật chủ sở hữu [ID: 13] thành chử sở hữu chính', '2017-08-25 13:36:39', 'admin '),
(1119, 'cập nhật chủ sở hữu [ID: 13] thành chử sở hữu chính', '2017-08-25 13:36:42', 'admin '),
(1120, '[ID: 13] được xóa khỏi chủ sở hữu chính', '2017-08-25 13:36:49', 'admin '),
(1121, 'cập nhật chủ sở hữu [ID: 13] thành chử sở hữu chính', '2017-08-25 13:37:43', 'admin '),
(1122, 'Thêm chủ sở hữu [ID: ,  ]', '2017-08-25 13:49:51', 'admin '),
(1123, 'Thêm chủ sở hữu [ID: ,  ]', '2017-08-25 13:50:04', 'admin '),
(1124, 'Xóa Chủ sỏ hữu [ID: 19]', '2017-08-25 13:50:10', 'admin '),
(1125, 'Xóa Chủ sỏ hữu [ID: 20]', '2017-08-25 13:53:28', 'admin '),
(1126, 'Cập nhật chủ sở hữu  [ID: 13] bởi1', '2017-08-25 14:16:37', 'admin '),
(1127, 'Cập nhật chủ sở hữu  [ID: 14] bởi1', '2017-08-25 14:17:16', 'admin '),
(1128, 'Cập nhật chủ sở hữu  [ID: 14] bởi1', '2017-08-25 14:19:25', 'admin '),
(1129, 'Cập nhật Người quản trị cho bất động sản  [ID: 60] bởi1', '2017-08-25 16:25:15', 'admin '),
(1130, 'Staff Member Updated [ID: 2,  Nguyễn]', '2017-08-25 16:38:02', 'admin '),
(1131, 'Xóa nhật ký cuộc gọi [ID: 67]', '2017-08-28 09:26:19', 'admin '),
(1132, 'Xóa nhật ký cuộc gọi [ID: 69]', '2017-08-28 09:26:19', 'admin '),
(1133, 'Cập nhật chủ sở hữu  [ID: 14] bởi1', '2017-08-29 11:17:59', 'admin '),
(1134, 'Cập nhật chủ sở hữu  [ID: 14] bởi1', '2017-08-29 11:41:30', 'admin '),
(1135, 'Update project bds [ID: 56]', '2017-08-29 14:53:02', 'admin '),
(1136, 'cập nhật chủ sở hữu [ID: 14] thành chử sở hữu chính', '2017-08-31 08:36:14', 'admin '),
(1137, 'Cập nhật chủ sở hữu  [ID: 13] bởi1', '2017-08-31 09:04:41', 'admin '),
(1138, 'Cập nhật chủ sở hữu  [ID: 13] bởi1', '2017-08-31 09:04:58', 'admin '),
(1139, 'Cập nhật chủ sở hữu  [ID: 14] bởi1', '2017-08-31 11:23:45', 'admin '),
(1140, 'Cập nhật chủ sở hữu  [ID: 13] bởi1', '2017-08-31 11:25:26', 'admin '),
(1141, 'Cập nhật chủ sở hữu  [ID: 15] bởi1', '2017-08-31 14:15:49', 'admin '),
(1142, 'Cập nhật chủ sở hữu  [ID: 13] bởi1', '2017-08-31 14:27:52', 'admin '),
(1143, 'cập nhật chủ sở hữu [ID: 15] thành chử sở hữu chính', '2017-08-31 14:51:50', 'admin '),
(1144, 'Cập nhật chủ sở hữu  [ID: 15] bởi1', '2017-08-31 16:25:36', 'admin '),
(1145, 'Cập nhật chủ sở hữu  [ID: 15] bởi1', '2017-08-31 16:33:57', 'admin '),
(1146, 'Cập nhật chủ sở hữu  [ID: 15] bởi1', '2017-08-31 16:35:34', 'admin '),
(1147, 'Cập nhật chủ sở hữu  [ID: 15] bởi1', '2017-08-31 16:36:59', 'admin '),
(1148, 'Cập nhật chủ sở hữu  [ID: 15] bởi1', '2017-08-31 16:39:00', 'admin '),
(1149, 'Cập nhật chủ sở hữu  [ID: 15] bởi1', '2017-08-31 16:40:07', 'admin '),
(1150, 'Cập nhật chủ sở hữu  [ID: 15] bởi1', '2017-08-31 16:40:41', 'admin '),
(1151, 'Cập nhật chủ sở hữu  [ID: 15] bởi1', '2017-08-31 16:41:24', 'admin '),
(1152, 'Cập nhật chủ sở hữu  [ID: 15] bởi1', '2017-08-31 16:42:40', 'admin '),
(1153, 'Cập nhật chủ sở hữu  [ID: 15] bởi1', '2017-08-31 16:44:12', 'admin '),
(1154, 'Cập nhật chủ sở hữu  [ID: 18] bởi1', '2017-08-31 16:51:30', 'admin '),
(1155, 'Cập nhật chủ sở hữu  [ID: 18] bởi1', '2017-08-31 16:51:48', 'admin '),
(1156, 'Thêm chủ sở hữu [ID: ,  ]', '2017-08-31 16:54:49', 'admin '),
(1157, 'Thêm chủ sở hữu [ID: ,  ]', '2017-08-31 16:57:47', 'admin '),
(1158, 'Thêm chủ sở hữu [ID: ,  ]', '2017-08-31 16:59:47', 'admin '),
(1159, 'Cập nhật chủ sở hữu  [ID: 23] bởi1', '2017-08-31 17:00:12', 'admin '),
(1160, 'Cập nhật chủ sở hữu  [ID: 23] bởi1', '2017-08-31 17:00:18', 'admin '),
(1161, 'Thêm chủ sở hữu [ID: ,  ]', '2017-08-31 17:05:43', 'admin '),
(1162, 'Thêm chủ sở hữu [ID: ,  ]', '2017-08-31 17:07:06', 'admin '),
(1163, 'Thêm chủ sở hữu [ID: ,  ]', '2017-08-31 17:08:41', 'admin '),
(1164, 'Tax Deleted [ID: 147]', '2017-08-31 17:10:54', 'admin '),
(1165, 'Copied Invoice INV-000005', '2017-09-01 09:20:34', 'admin '),
(1166, 'Failed Login Attempt [Email:admin@admin.com, Is Staff Member:Yes, IP:192.168.1.3]', '2017-09-01 09:45:56', NULL),
(1167, 'Thêm chủ sở hữu [ID: ,  ]', '2017-09-05 09:40:19', 'admin '),
(1168, 'Thêm chủ sở hữu [ID: ,  ]', '2017-09-05 09:40:46', 'admin '),
(1169, 'Thêm chủ sở hữu [ID: ,  ]', '2017-09-05 09:41:50', 'admin '),
(1170, 'Thêm chủ sở hữu [ID: ,  ]', '2017-09-05 09:46:28', 'admin '),
(1171, 'Thêm chủ sở hữu [ID: ,  ]', '2017-09-05 09:59:33', 'admin '),
(1172, 'Thêm chủ sở hữu [ID: ,  ]', '2017-09-05 09:59:50', 'admin '),
(1173, 'Thêm chủ sở hữu [ID: ,  ]', '2017-09-05 10:00:31', 'admin '),
(1174, 'Thêm chủ sở hữu [ID: ,  ]', '2017-09-05 10:00:43', 'admin '),
(1175, 'Thêm chủ sở hữu [ID: ,  ]', '2017-09-05 10:05:56', 'admin '),
(1176, 'Thêm chủ sở hữu [ID: ,  ]', '2017-09-05 10:06:20', 'admin '),
(1177, 'Thêm chủ sở hữu [ID: ,  ]', '2017-09-05 10:21:17', 'admin '),
(1178, 'Thêm chủ sở hữu [ID: ,  ]', '2017-09-05 10:37:07', 'admin '),
(1179, 'Thêm chủ sở hữu [ID: ,  ]', '2017-09-05 10:45:44', 'admin '),
(1180, 'cập nhật chủ sở hữu [ID: 2] thành chử sở hữu chính', '2017-09-05 10:45:50', 'admin '),
(1181, '[ID: 2] được xóa khỏi chủ sở hữu chính', '2017-09-05 10:51:35', 'admin '),
(1182, 'cập nhật chủ sở hữu [ID: 2] thành chử sở hữu chính', '2017-09-05 10:51:39', 'admin '),
(1183, '[ID: 2] được xóa khỏi chủ sở hữu chính', '2017-09-05 10:54:20', 'admin '),
(1184, 'cập nhật chủ sở hữu [ID: 2] thành chử sở hữu chính', '2017-09-05 11:04:37', 'admin '),
(1185, '[ID: 2] được xóa khỏi chủ sở hữu chính', '2017-09-05 11:05:24', 'admin '),
(1186, 'cập nhật chủ sở hữu [ID: 2] thành chử sở hữu chính', '2017-09-05 11:05:27', 'admin '),
(1187, 'Thêm chủ sở hữu [ID: ,  ]', '2017-09-05 11:25:07', 'admin '),
(1188, 'Thêm chủ sở hữu [ID: ,  ]', '2017-09-05 11:26:18', 'admin '),
(1189, 'Thêm chủ sở hữu [ID: ,  ]', '2017-09-05 11:38:20', 'admin '),
(1190, 'Thêm chủ sở hữu [ID: ,  ]', '2017-09-05 11:38:30', 'admin '),
(1191, 'Thêm chủ sở hữu [ID: ,  ]', '2017-09-05 11:52:50', 'admin '),
(1192, 'Thêm chủ sở hữu [ID: ,  ]', '2017-09-05 14:11:50', 'admin '),
(1193, 'Thêm chủ sở hữu [ID: ,  ]', '2017-09-05 14:18:47', 'admin '),
(1194, 'Thêm chủ sở hữu [ID: ,  ]', '2017-09-05 14:20:10', 'admin '),
(1195, 'Thêm chủ sở hữu [ID: ,  ]', '2017-09-05 14:21:10', 'admin '),
(1196, 'Thêm chủ sở hữu [ID: ,  ]', '2017-09-05 14:22:47', 'admin '),
(1197, 'Cập nhật chủ sở hữu  [ID: 8] bởi1', '2017-09-05 14:26:48', 'admin '),
(1198, 'Cập nhật chủ sở hữu  [ID: 8] bởi1', '2017-09-05 14:27:08', 'admin '),
(1199, 'cập nhật chủ sở hữu [ID: 12] thành chử sở hữu chính', '2017-09-05 14:31:47', 'admin '),
(1200, '[ID: 12] được xóa khỏi chủ sở hữu chính', '2017-09-05 14:31:51', 'admin '),
(1201, 'cập nhật chủ sở hữu [ID: 12] thành chử sở hữu chính', '2017-09-05 14:31:54', 'admin '),
(1202, 'Thêm chủ sở hữu [ID: ,  ]', '2017-09-05 14:35:11', 'admin '),
(1203, 'cập nhật chủ sở hữu [ID: 2] thành chử sở hữu chính', '2017-09-05 14:35:19', 'admin '),
(1204, 'cập nhật chủ sở hữu [ID: 5] thành chử sở hữu chính', '2017-09-05 14:35:47', 'admin '),
(1205, '[ID: 5] được xóa khỏi chủ sở hữu chính', '2017-09-05 14:35:49', 'admin '),
(1206, 'Cập nhật chủ sở hữu  [ID: 1] bởi1', '2017-09-05 14:45:24', 'admin '),
(1207, 'Cập nhật chủ sở hữu  [ID: 1] bởi1', '2017-09-05 14:45:45', 'admin '),
(1208, 'Cập nhật chủ sở hữu  [ID: 2] bởi1', '2017-09-05 14:47:22', 'admin '),
(1209, 'Thêm chủ sở hữu [ID: ,  ]', '2017-09-05 14:51:09', 'admin '),
(1210, 'cập nhật chủ sở hữu [ID: 14] thành chử sở hữu chính', '2017-09-05 14:51:16', 'admin '),
(1211, '[ID: 14] được xóa khỏi chủ sở hữu chính', '2017-09-05 14:51:19', 'admin '),
(1212, 'Thêm chủ sở hữu [ID: ,  ]', '2017-09-05 15:12:06', 'admin '),
(1213, 'Thêm chủ sở hữu [ID: ,  ]', '2017-09-05 15:21:52', 'admin '),
(1214, 'Thêm chủ sở hữu [ID: ,  ]', '2017-09-05 15:22:17', 'admin '),
(1215, 'Thêm chủ sở hữu [ID: ,  ]', '2017-09-05 15:23:21', 'admin '),
(1216, 'Thêm chủ sở hữu [ID: ,  ]', '2017-09-05 15:24:38', 'admin '),
(1217, 'Thêm chủ sở hữu [ID: ,  ]', '2017-09-05 15:27:17', 'admin '),
(1218, 'Thêm chủ sở hữu [ID: ,  ]', '2017-09-05 15:33:17', 'admin '),
(1219, 'Thêm chủ sở hữu [ID: ,  ]', '2017-09-05 15:35:35', 'admin '),
(1220, 'Thêm chủ sở hữu [ID: ,  ]', '2017-09-05 15:39:38', 'admin '),
(1221, 'Thêm chủ sở hữu [ID: ,  ]', '2017-09-05 15:42:37', 'admin '),
(1222, 'Thêm chủ sở hữu [ID: ,  ]', '2017-09-05 15:43:22', 'admin '),
(1223, 'cập nhật chủ sở hữu [ID: 27] thành chử sở hữu chính', '2017-09-05 15:46:42', 'admin '),
(1224, 'Thêm chủ sở hữu [ID: 32,  ]', '2017-09-05 15:50:34', 'admin '),
(1225, 'Thêm chủ sở hữu [ID: 33,  ]', '2017-09-05 15:55:34', 'admin '),
(1226, 'Thêm chủ sở hữu [ID: 34,  ]', '2017-09-05 16:01:44', 'admin '),
(1227, 'Thêm chủ sở hữu [ID: 35,  ]', '2017-09-05 16:02:41', 'admin '),
(1228, 'Thêm chủ sở hữu [ID: 36,  ]', '2017-09-05 16:05:01', 'admin '),
(1229, 'Thêm chủ sở hữu [ID: 37,  ]', '2017-09-05 16:05:49', 'admin '),
(1230, 'Thêm chủ sở hữu [ID: 38,  ]', '2017-09-05 16:06:06', 'admin '),
(1231, 'Thêm chủ sở hữu [ID: ,  ]', '2017-09-05 16:06:30', 'admin '),
(1232, 'Thêm chủ sở hữu [ID: 40,  ]', '2017-09-05 16:06:56', 'admin '),
(1233, 'Thêm chủ sở hữu [ID: ,  ]', '2017-09-05 16:09:15', 'admin '),
(1234, 'Thêm chủ sở hữu [ID: 42,  ]', '2017-09-05 16:15:21', 'admin '),
(1235, 'Thêm chủ sở hữu [ID: 43,  ]', '2017-09-05 16:16:50', 'admin '),
(1236, 'Thêm chủ sở hữu [ID: 44,  ]', '2017-09-05 16:18:31', 'admin '),
(1237, 'Thêm chủ sở hữu [ID: 45,  ]', '2017-09-05 16:19:23', 'admin '),
(1238, 'Thêm chủ sở hữu [ID: 46,  ]', '2017-09-05 16:19:41', 'admin '),
(1239, 'Thêm chủ sở hữu [ID: ,  ]', '2017-09-05 16:20:49', 'admin '),
(1240, 'Thêm chủ sở hữu [ID: 48,  ]', '2017-09-05 16:22:51', 'admin '),
(1241, 'Thêm chủ sở hữu [ID: 49,  ]', '2017-09-05 16:24:43', 'admin '),
(1242, 'Thêm chủ sở hữu [ID: 50,  ]', '2017-09-05 16:26:16', 'admin '),
(1243, 'Thêm chủ sở hữu [ID: 51,  ]', '2017-09-05 16:26:30', 'admin '),
(1244, 'Thêm chủ sở hữu [ID: 52,  ]', '2017-09-05 16:27:20', 'admin '),
(1245, 'Thêm chủ sở hữu [ID: ,  ]', '2017-09-05 16:28:52', 'admin '),
(1246, 'Thêm chủ sở hữu [ID: ,  ]', '2017-09-05 16:33:50', 'admin '),
(1247, 'Thêm chủ sở hữu [ID: ,  ]', '2017-09-05 16:34:47', 'admin '),
(1248, 'Thêm chủ sở hữu [ID: 56,  ]', '2017-09-05 16:35:28', 'admin '),
(1249, 'Thêm chủ sở hữu [ID: 57,  ]', '2017-09-05 16:37:35', 'admin '),
(1250, 'Thêm chủ sở hữu [ID: 58,  ]', '2017-09-05 16:39:19', 'admin '),
(1251, 'Thêm chủ sở hữu [ID: 59,  ]', '2017-09-05 16:39:35', 'admin '),
(1252, 'Thêm chủ sở hữu [ID: 60,  ]', '2017-09-05 16:40:16', 'admin '),
(1253, 'Thêm chủ sở hữu [ID: ,  ]', '2017-09-05 16:41:14', 'admin '),
(1254, 'Thêm chủ sở hữu [ID: ,  ]', '2017-09-05 16:41:33', 'admin '),
(1255, 'Thêm chủ sở hữu [ID: ,  ]', '2017-09-05 16:52:55', 'admin '),
(1256, 'Thêm chủ sở hữu [ID: ,  ]', '2017-09-05 16:54:51', 'admin '),
(1257, 'Thêm chủ sở hữu [ID: 65,  ]', '2017-09-05 16:55:35', 'admin '),
(1258, 'cập nhật chủ sở hữu [ID: 65] thành chử sở hữu chính', '2017-09-05 16:55:39', 'admin '),
(1259, 'Thêm chủ sở hữu [ID: 66,  ]', '2017-09-05 17:06:26', 'admin '),
(1260, 'New video [ID: 121, ]', '2017-09-06 10:26:00', 'admin '),
(1261, 'New video [ID: 122, ]', '2017-09-06 10:26:04', 'admin '),
(1262, 'New video [ID: 123, ]', '2017-09-06 10:26:06', 'admin '),
(1263, 'Deleted images apartment_for_rent_honeycomb_house-1-1.png,apartment_for_rent_honeycomb_house-2-1.png to 60', '2017-09-06 11:04:06', 'admin '),
(1264, 'Deleted images apartment_for_rent_honeycomb_house-38.png to 60', '2017-09-06 11:06:46', 'admin '),
(1265, 'New video [ID: 124, ]', '2017-09-06 11:07:02', 'admin ');
INSERT INTO `tblactivitylog` (`id`, `description`, `date`, `staffid`) VALUES
(1266, 'New video [ID: 125, ]', '2017-09-06 11:07:04', 'admin '),
(1267, 'New video [ID: 126, ]', '2017-09-06 11:07:06', 'admin '),
(1268, 'Deleted images apartment_for_rent_honeycomb_house-39.png,apartment_for_rent_honeycomb_house-2-2.png to 60', '2017-09-06 11:07:09', 'admin '),
(1269, 'Deleted images apartment_for_rent_honeycomb_house-1-2.png to 60', '2017-09-06 11:07:51', 'admin '),
(1270, 'New video [ID: 127, ]', '2017-09-06 11:09:57', 'admin '),
(1271, 'New video [ID: 128, ]', '2017-09-06 11:09:59', 'admin '),
(1272, 'Deleted images apartment_for_rent_honeycomb_house-40.png to 60', '2017-09-06 11:10:04', 'admin '),
(1273, 'Deleted images apartment_for_rent_honeycomb_house-2-3.png to 60', '2017-09-06 11:10:16', 'admin '),
(1274, 'New video [ID: 129, ]', '2017-09-06 11:10:56', 'admin '),
(1275, 'New video [ID: 130, ]', '2017-09-06 11:10:58', 'admin '),
(1276, 'New video [ID: 131, ]', '2017-09-06 11:11:01', 'admin '),
(1277, 'Deleted images apartment_for_rent_honeycomb_house-1-3.png to 60', '2017-09-06 11:11:58', 'admin '),
(1278, 'Deleted images apartment_for_rent_honeycomb_house-2-4.png to 60', '2017-09-06 11:12:04', 'admin '),
(1279, 'New video [ID: 132, ]', '2017-09-06 11:13:03', 'admin '),
(1280, 'Deleted images apartment_for_rent_honeycomb_house-2-5.png to 60', '2017-09-06 11:13:07', 'admin '),
(1281, 'New video [ID: 133, ]', '2017-09-06 11:14:11', 'admin '),
(1282, 'New video [ID: 134, ]', '2017-09-06 11:14:14', 'admin '),
(1283, 'Deleted images apartment_for_rent_honeycomb_house-41.png to 60', '2017-09-06 11:14:18', 'admin '),
(1284, 'Deleted images apartment_for_rent_honeycomb_house-2-6.png to 60', '2017-09-06 11:15:15', 'admin '),
(1285, 'New video [ID: 135, ]', '2017-09-06 11:16:07', 'admin '),
(1286, 'Deleted images apartment_for_rent_honeycomb_house-2-7.png to 60', '2017-09-06 11:18:16', 'admin '),
(1287, 'Deleted images apartment_for_rent_honeycomb_house-1-4.png to 60', '2017-09-06 11:25:45', 'admin '),
(1288, 'New video [ID: 136, ]', '2017-09-06 11:25:48', 'admin '),
(1289, 'New video [ID: 137, ]', '2017-09-06 11:25:50', 'admin '),
(1290, 'New video [ID: 138, ]', '2017-09-06 11:25:52', 'admin '),
(1291, 'New video [ID: 139, ]', '2017-09-06 11:25:54', 'admin '),
(1292, 'Deleted images apartment_for_rent_honeycomb_house-42.png,apartment_for_rent_honeycomb_house-2-8.png to 60', '2017-09-06 11:25:57', 'admin '),
(1293, 'Deleted images apartment_for_rent_honeycomb_house-1-5.png to 60', '2017-09-06 11:26:22', 'admin '),
(1294, 'New video [ID: 140, ]', '2017-09-06 11:27:43', 'admin '),
(1295, 'Deleted images apartment_for_rent_honeycomb_house-2-9.png to 60', '2017-09-06 11:27:46', 'admin '),
(1296, 'Deleted images apartment_for_rent_honeycomb_house-43.png to 60', '2017-09-06 11:30:05', 'admin '),
(1297, 'New video [ID: 141, ]', '2017-09-06 17:01:44', 'admin '),
(1298, 'New video [ID: 142, ]', '2017-09-06 17:01:47', 'admin '),
(1299, 'Thêm chủ sở hữu [ID: 67,  ]', '2017-09-08 17:14:08', 'admin '),
(1300, 'Thêm chủ sở hữu [ID: 68,  ]', '2017-09-08 17:14:55', 'admin '),
(1301, 'Thêm chủ sở hữu [ID: 69,  ]', '2017-09-08 17:20:02', 'admin '),
(1302, 'Cập nhật chủ sở hữu  [ID: 68] bởi1', '2017-09-08 17:20:33', 'admin '),
(1303, 'Cập nhật chủ sở hữu  [ID: 67] bởi1', '2017-09-08 17:22:17', 'admin '),
(1304, 'Cập nhật chủ sở hữu  [ID: 67] bởi1', '2017-09-08 17:22:34', 'admin '),
(1305, 'Update project bds [ID: 55]', '2017-09-11 13:26:38', 'admin '),
(1306, 'Thêm chủ sở hữu [ID: 70,  ]', '2017-09-11 14:39:13', 'admin '),
(1307, 'cập nhật chủ sở hữu [ID: 70] thành chử sở hữu chính', '2017-09-11 14:39:37', 'admin '),
(1308, 'Thêm chủ sở hữu [ID: 71,  ]', '2017-09-11 15:22:39', 'admin '),
(1309, 'Thêm khách hàng abcccc [15]', '2017-09-13 16:49:20', 'admin '),
(1310, 'Cập nhật khách hàng [12]', '2017-09-13 17:14:51', 'admin '),
(1311, 'Cập nhật khách hàng [12]', '2017-09-13 17:18:44', 'admin '),
(1312, 'Cập nhật khách hàng [13]', '2017-09-13 17:36:25', 'admin '),
(1313, 'Cập nhật khách hàng [12]', '2017-09-13 17:37:18', 'admin '),
(1314, 'Thêm khách hàng  [16]', '2017-09-14 09:21:37', 'admin '),
(1315, 'Project Updated [ID: 19]', '2017-09-15 09:16:55', 'admin '),
(1316, 'Project Updated [ID: 20]', '2017-09-15 09:18:17', 'admin '),
(1317, 'Project Updated [ID: 19]', '2017-09-15 09:20:07', 'admin '),
(1318, 'Project Updated [ID: 20]', '2017-09-15 09:26:26', 'admin '),
(1319, 'Project Updated [ID: 19]', '2017-09-15 09:26:36', 'admin '),
(1320, 'Project Updated [ID: 19]', '2017-09-15 11:28:46', 'admin '),
(1321, 'Cập nhật khách hàng [14]', '2017-09-15 16:42:24', 'admin '),
(1322, 'Cập nhật khách hàng [14]', '2017-09-15 16:45:10', 'admin '),
(1323, 'Cập nhật khách hàng [14]', '2017-09-15 16:46:14', 'admin '),
(1324, 'Cập nhật khách hàng [14]', '2017-09-15 16:47:43', 'admin '),
(1325, 'Cập nhật khách hàng [16]', '2017-09-16 08:17:51', 'admin '),
(1326, 'Cập nhật khách hàng [16]', '2017-09-16 08:17:56', 'admin '),
(1327, 'Cập nhật khách hàng [16]', '2017-09-16 08:18:01', 'admin '),
(1328, 'Cập nhật khách hàng [16]', '2017-09-16 08:18:02', 'admin '),
(1329, 'Cập nhật khách hàng [16]', '2017-09-16 08:18:02', 'admin '),
(1330, 'Cập nhật khách hàng [16]', '2017-09-16 08:18:11', 'admin '),
(1331, 'Cập nhật khách hàng [16]', '2017-09-16 08:18:11', 'admin '),
(1332, 'Cập nhật khách hàng [16]', '2017-09-16 08:21:04', 'admin '),
(1333, 'Thêm khách hàng Khách hàng mớil [17]', '2017-09-18 11:16:00', 'admin '),
(1334, 'New Task Added [ID:7, Name: d]', '2017-09-18 11:40:30', 'admin '),
(1335, 'New Task Added [ID:8, Name: test cong viec]', '2017-09-18 11:47:00', 'admin '),
(1336, 'New Task Added [ID:9, Name: Kho hàng nhập]', '2017-09-18 12:00:22', 'admin '),
(1337, 'New Task Added [ID:10, Name: 34123123213213]', '2017-09-18 14:00:31', 'admin '),
(1338, 'New Task Added [ID:11, Name: 12312312312312312312]', '2017-09-18 14:14:42', 'admin '),
(1339, 'Thêm chủ sở hữu [ID: ,  ]', '2017-09-18 16:29:59', 'admin '),
(1340, 'Cập nhật chủ sở hữu  [ID: 72] bởi1', '2017-09-18 16:47:30', 'admin '),
(1341, 'New Task Added [ID:12, Name: chăm sóc khách hàng]', '2017-09-18 17:42:02', 'admin '),
(1342, 'Cập nhật khách hàng [17]', '2017-09-19 11:01:02', 'admin '),
(1343, 'Cập nhật khách hàng [17]', '2017-09-19 11:01:36', 'admin '),
(1344, 'Cập nhật khách hàng [17]', '2017-09-19 11:13:44', 'admin '),
(1345, 'Cập nhật khách hàng [17]', '2017-09-19 11:21:16', 'admin '),
(1346, 'Cập nhật khách hàng [17]', '2017-09-19 11:21:24', 'admin '),
(1347, 'Cập nhật khách hàng [17]', '2017-09-19 11:21:41', 'admin '),
(1348, 'Cập nhật khách hàng [17]', '2017-09-19 13:50:50', 'admin '),
(1349, 'Cập nhật khách hàng [17]', '2017-09-19 13:55:29', 'admin '),
(1350, 'Cập nhật khách hàng [17]', '2017-09-19 13:55:56', 'admin '),
(1351, 'Cập nhật khách hàng [17]', '2017-09-19 13:56:19', 'admin '),
(1352, 'Cập nhật khách hàng [17]', '2017-09-19 14:00:33', 'admin '),
(1353, 'Thêm khách hàng test delete [18]', '2017-09-19 14:54:12', 'admin '),
(1354, 'Client Deleted [18]', '2017-09-19 15:43:43', 'admin '),
(1355, 'Cập nhật khách hàng [17]', '2017-09-21 16:44:03', 'admin '),
(1356, 'Cập nhật khách hàng [17]', '2017-09-21 16:52:23', 'admin '),
(1357, 'Cập nhật khách hàng [17]', '2017-09-21 17:10:39', 'admin '),
(1358, 'New Task Added [ID:13, Name: d]', '2017-09-22 08:19:42', 'admin '),
(1359, 'New Reminder Added [CustomerID: 14 Description: testtttt]', '2017-09-22 09:43:23', 'admin '),
(1360, 'New project bds [ID: 67, ]', '2017-09-22 14:36:30', 'admin '),
(1361, 'New project bds [ID: 68, ]', '2017-09-22 14:39:55', 'admin '),
(1362, 'Thêm chủ sở hữu [ID: 73,  ]', '2017-09-22 16:55:27', 'admin '),
(1363, 'Thêm chủ sở hữu [ID: 74,  ]', '2017-09-22 16:55:58', 'admin '),
(1364, 'Xóa Chủ sỏ hữu [ID: 72]', '2017-09-22 17:01:00', 'admin '),
(1365, 'Thêm chủ sở hữu [ID: 75,  ]', '2017-09-23 09:09:19', 'admin '),
(1366, 'Thêm chủ sở hữu [ID: 76,  ]', '2017-09-23 09:18:03', 'admin '),
(1367, 'Thêm chủ sở hữu [ID: 77,  ]', '2017-09-23 09:25:22', 'admin '),
(1368, 'Thêm chủ sở hữu [ID: 78,  ]', '2017-09-23 09:30:54', 'admin '),
(1369, 'Thêm chủ sở hữu [ID: ,  ]', '2017-09-23 09:45:17', 'admin '),
(1370, 'cập nhật chủ sở hữu [ID: 65] thành chử sở hữu chính', '2017-10-09 08:51:48', 'admin '),
(1371, 'Xóa Chủ sỏ hữu [ID: 65]', '2017-10-09 16:55:06', 'admin '),
(1372, 'Xóa Chủ sỏ hữu [ID: 66]', '2017-10-09 16:55:12', 'admin '),
(1373, 'Xóa Chủ sỏ hữu [ID: 71]', '2017-10-09 16:55:25', 'admin '),
(1374, 'Xóa Chủ sỏ hữu [ID: 65]', '2017-10-09 16:59:41', 'admin '),
(1375, 'Xóa Chủ sỏ hữu [ID: 66]', '2017-10-09 17:00:12', 'admin '),
(1376, 'Thêm chủ sở hữu [ID: 80,  ]', '2017-10-10 08:54:09', 'admin '),
(1377, 'Thêm chủ sở hữu [ID: 81,  ]', '2017-10-10 09:40:29', 'admin '),
(1378, 'Update project bds [ID: 62]', '2017-10-10 10:23:09', 'admin '),
(1379, 'Update project bds [ID: 55]', '2017-10-10 14:37:16', 'admin '),
(1380, 'New video [ID: 143, TRƯƠNG THỊ THÚYt]', '2017-10-11 08:54:35', 'admin '),
(1381, 'Thêm khách hàng test [19]', '2017-10-11 09:31:40', 'admin '),
(1382, 'Thêm khách hàng test [20]', '2017-10-11 09:41:50', 'admin '),
(1383, 'Client Deleted [16]', '2017-10-11 11:11:28', 'admin '),
(1384, 'Client Deleted [20]', '2017-10-11 11:13:20', 'admin '),
(1385, 'Thêm khách hàng test [21]', '2017-10-11 11:14:43', 'admin '),
(1386, 'Client Deleted [21]', '2017-10-11 11:19:09', 'admin '),
(1387, 'Cập nhật khách hàng [12]', '2017-10-11 16:37:22', 'admin '),
(1388, 'Cập nhật khách hàng [17]', '2017-10-11 16:42:35', 'admin '),
(1389, 'Cập nhật khách hàng [17]', '2017-10-11 16:45:19', 'admin '),
(1390, 'Cập nhật khách hàng [17]', '2017-10-12 09:25:26', 'admin '),
(1391, 'Cập nhật khách hàng [17]', '2017-10-12 09:25:31', 'admin '),
(1392, 'Cập nhật khách hàng [12]', '2017-10-12 11:34:29', 'admin '),
(1393, 'Thêm khách hàng new [22]', '2017-10-13 12:12:26', 'admin '),
(1394, 'Cập nhật khách hàng [22]', '2017-10-13 13:58:16', 'admin '),
(1395, 'Cập nhật khách hàng [17]', '2017-10-13 14:09:15', 'admin '),
(1396, 'Client Deleted [22]', '2017-10-13 14:15:17', 'admin '),
(1397, 'Thêm khách hàng new [23]', '2017-10-13 14:22:10', 'admin '),
(1398, 'Contact Created [test test]', '2017-10-13 16:10:25', 'admin '),
(1399, 'Cập nhật khách hàng [23]', '2017-10-13 16:35:19', 'admin '),
(1400, 'Cập nhật khách hàng [23]', '2017-10-13 16:35:31', 'admin '),
(1401, 'Chat Message [From (Staff): admin - Message: \'abc\']', '2017-10-16 08:34:30', 'admin '),
(1402, 'Cập nhật khách hàng [23]', '2017-10-16 08:45:20', 'admin '),
(1403, 'Cập nhật khách hàng [23]', '2017-10-16 08:45:31', 'admin '),
(1404, 'Cập nhật khách hàng [23]', '2017-10-16 08:45:53', 'admin '),
(1405, 'Cập nhật khách hàng [23]', '2017-10-16 08:49:16', 'admin '),
(1406, 'Cập nhật khách hàng [23]', '2017-10-16 08:55:14', 'admin '),
(1407, 'Cập nhật khách hàng [23]', '2017-10-16 08:57:06', 'admin '),
(1408, 'Cập nhật khách hàng [23]', '2017-10-16 09:56:40', 'admin '),
(1409, 'Cập nhật khách hàng [23]', '2017-10-16 09:56:52', 'admin '),
(1410, 'Cập nhật khách hàng [23]', '2017-10-16 09:58:57', 'admin '),
(1411, 'Cập nhật khách hàng [23]', '2017-10-16 09:59:05', 'admin '),
(1412, 'Thêm đối tác [22] bởi 1[admin ]', '2017-10-16 14:20:37', 'admin '),
(1413, 'Cập nhật đối tác [22] bởi 1[admin ]', '2017-10-16 14:41:20', 'admin '),
(1414, 'Thêm khách hàng test [1]', '2017-10-16 17:39:06', 'admin '),
(1415, 'Cập nhật khách hàng [1]', '2017-10-16 18:01:23', 'admin '),
(1416, 'Cập nhật khách hàng [24]', '2017-10-16 19:58:12', 'admin '),
(1417, 'Thêm khách hàng test [25]', '2017-10-19 09:06:45', 'admin '),
(1418, 'Cập nhật khách hàng [25]', '2017-10-19 09:07:40', 'admin '),
(1419, 'Thêm khách hàng đa [26]', '2017-10-19 09:11:13', 'admin '),
(1420, 'Thêm khách hàng đa [27]', '2017-10-19 09:11:13', 'admin '),
(1421, 'Thêm khách hàng đa [28]', '2017-10-19 09:11:14', 'admin '),
(1422, 'Thêm khách hàng đa [29]', '2017-10-19 09:11:14', 'admin '),
(1423, 'Thêm khách hàng đa [30]', '2017-10-19 09:11:14', 'admin '),
(1424, 'Cập nhật khách hàng [30]', '2017-10-19 09:11:55', 'admin '),
(1425, 'Cập nhật khách hàng [30]', '2017-10-19 09:11:56', 'admin '),
(1426, 'Cập nhật khách hàng [30]', '2017-10-19 09:11:57', 'admin '),
(1427, 'Cập nhật khách hàng [30]', '2017-10-19 09:11:58', 'admin '),
(1428, 'Cập nhật khách hàng [30]', '2017-10-19 09:11:59', 'admin '),
(1429, 'Thêm khách hàng test 2 [31]', '2017-10-19 10:14:20', 'admin '),
(1430, 'Thêm khách hàng test [32]', '2017-10-20 08:44:28', 'admin '),
(1431, 'Thêm khách hàng test [33]', '2017-10-20 08:44:28', 'admin '),
(1432, 'Client Deleted [32]', '2017-10-20 08:44:39', 'admin '),
(1433, 'Thêm khách hàng test [34]', '2017-10-20 09:58:53', 'admin '),
(1434, 'Thêm khách hàng  [35]', '2017-10-20 10:06:38', 'admin '),
(1435, 'Thêm khách hàng  [36]', '2017-10-20 10:06:38', 'admin '),
(1436, 'Client Deleted [36]', '2017-10-20 10:06:47', 'admin '),
(1437, 'Client Deleted [35]', '2017-10-20 10:06:53', 'admin '),
(1438, 'Thêm khách hàng  [37]', '2017-10-20 10:08:41', 'admin '),
(1439, 'Thêm khách hàng  [38]', '2017-10-20 10:08:46', 'admin '),
(1440, 'Thêm khách hàng  [39]', '2017-10-20 10:08:46', 'admin '),
(1441, 'Thêm khách hàng  [40]', '2017-10-20 10:08:52', 'admin '),
(1442, 'Thêm khách hàng  [41]', '2017-10-20 10:08:52', 'admin '),
(1443, 'Thêm khách hàng  [42]', '2017-10-20 10:08:52', 'admin '),
(1444, 'Client Deleted [42]', '2017-10-20 10:09:03', 'admin '),
(1445, 'Client Deleted [41]', '2017-10-20 10:09:07', 'admin '),
(1446, 'Client Deleted [40]', '2017-10-20 10:09:15', 'admin '),
(1447, 'Client Deleted [39]', '2017-10-20 10:09:19', 'admin '),
(1448, 'Client Deleted [38]', '2017-10-20 10:09:23', 'admin '),
(1449, 'Client Deleted [37]', '2017-10-20 10:09:26', 'admin '),
(1450, 'Thêm khách hàng  [43]', '2017-10-20 10:10:46', 'admin '),
(1451, 'Thêm khách hàng  [44]', '2017-10-20 10:10:51', 'admin '),
(1452, 'Thêm khách hàng  [45]', '2017-10-20 10:10:56', 'admin '),
(1453, 'Client Deleted [45]', '2017-10-20 10:11:00', 'admin '),
(1454, 'Client Deleted [44]', '2017-10-20 10:11:04', 'admin '),
(1455, 'Client Deleted [43]', '2017-10-20 10:11:09', 'admin '),
(1456, 'Thêm khách hàng  [46]', '2017-10-20 10:11:30', 'admin '),
(1457, 'Thêm khách hàng  [47]', '2017-10-20 10:11:30', 'admin '),
(1458, 'Thêm khách hàng  [48]', '2017-10-20 10:11:30', 'admin '),
(1459, 'Client Deleted [48]', '2017-10-20 10:11:35', 'admin '),
(1460, 'Client Deleted [47]', '2017-10-20 10:11:39', 'admin '),
(1461, 'Client Deleted [46]', '2017-10-20 10:11:43', 'admin '),
(1462, 'Thêm khách hàng  [49]', '2017-10-20 10:12:38', 'admin '),
(1463, 'Thêm khách hàng  [50]', '2017-10-20 10:12:39', 'admin '),
(1464, 'Thêm khách hàng  [51]', '2017-10-20 10:12:39', 'admin '),
(1465, 'Thêm khách hàng  [52]', '2017-10-20 10:12:39', 'admin '),
(1466, 'Thêm khách hàng  [53]', '2017-10-20 10:12:40', 'admin '),
(1467, 'Thêm khách hàng  [54]', '2017-10-20 10:12:40', 'admin '),
(1468, 'Thêm khách hàng  [55]', '2017-10-20 10:16:08', 'admin '),
(1469, 'Thêm khách hàng  [56]', '2017-10-20 10:16:27', 'admin '),
(1470, 'Client Deleted [56]', '2017-10-20 10:44:01', 'admin '),
(1471, 'Client Deleted [55]', '2017-10-20 10:44:06', 'admin '),
(1472, 'Thêm khách hàng test [57]', '2017-10-20 14:12:19', 'admin '),
(1473, 'Client Deleted [57]', '2017-10-20 14:12:38', 'admin '),
(1474, 'Client Deleted [34]', '2017-10-20 14:12:42', 'admin '),
(1475, 'Thêm khách hàng test [58]', '2017-10-20 14:13:32', 'admin '),
(1476, 'Cập nhật khách hàng [58]', '2017-10-20 15:41:09', 'admin '),
(1477, 'Cập nhật khách hàng [58]', '2017-10-21 08:15:50', 'admin '),
(1478, 'Cập nhật khách hàng [58]', '2017-10-21 08:45:49', 'admin '),
(1479, 'Cập nhật khách hàng [58]', '2017-10-21 09:05:38', 'admin '),
(1480, 'Cập nhật khách hàng [58]', '2017-10-21 09:28:07', 'admin '),
(1481, 'Cập nhật khách hàng [24]', '2017-10-24 13:56:25', 'admin '),
(1482, 'Cập nhật khách hàng [58]', '2017-10-26 11:13:35', 'admin '),
(1483, 'Cập nhật khách hàng [58]', '2017-10-26 11:14:46', 'admin '),
(1484, 'Cập nhật khách hàng [58]', '2017-10-26 11:18:20', 'admin '),
(1485, 'Cập nhật khách hàng [58]', '2017-10-26 11:18:37', 'admin '),
(1486, 'Cập nhật khách hàng [58]', '2017-10-26 11:19:54', 'admin '),
(1487, 'Cập nhật khách hàng [17]', '2017-10-26 11:28:39', 'admin '),
(1488, 'Cập nhật khách hàng [17]', '2017-10-26 11:30:35', 'admin '),
(1489, 'Cập nhật đối tác [19] bởi 1[admin ]', '2017-10-26 11:46:06', 'admin '),
(1490, 'Cập nhật đối tác [19] bởi 1[admin ]', '2017-10-26 11:46:58', 'admin '),
(1491, 'Cập nhật đối tác [19] bởi 1[admin ]', '2017-10-26 11:47:05', 'admin '),
(1492, 'Contact Created [y y]', '2017-10-26 11:52:07', 'admin '),
(1493, 'Cập nhật khách hàng [58]', '2017-10-26 11:57:49', 'admin '),
(1494, 'Đã Hủy Đính Kèm của Khách Hàng [CustomerID: 58]', '2017-10-26 14:39:04', 'admin '),
(1495, 'Cập nhật khách hàng [58]', '2017-10-26 17:09:24', 'admin '),
(1496, 'Cập nhật khách hàng [58]', '2017-10-26 17:09:43', 'admin '),
(1497, 'Cập nhật khách hàng [58]', '2017-10-26 17:15:35', 'admin '),
(1498, 'Cập nhật khách hàng [58]', '2017-10-26 17:19:54', 'admin '),
(1499, 'Cập nhật khách hàng [58]', '2017-10-26 17:20:59', 'admin '),
(1500, 'Cập nhật khách hàng [58]', '2017-10-27 14:27:24', 'admin '),
(1501, 'Thêm khách hàng  [4]', '2017-10-27 15:19:08', 'admin '),
(1502, 'New Task Added [ID:14, Name: 512]', '2017-10-28 09:40:48', 'admin '),
(1503, 'New Task Added [ID:15, Name: 12]', '2017-10-30 13:51:19', 'admin '),
(1504, 'New Task Added [ID:16, Name: ]', '2017-10-30 14:55:52', 'admin '),
(1505, 'cập nhật chủ sở hữu [ID: 71] thành chử sở hữu chính', '2017-10-31 09:16:05', 'admin '),
(1506, 'cập nhật chủ sở hữu [ID: 80] thành chử sở hữu chính', '2017-10-31 11:49:30', 'admin '),
(1507, 'Cập nhật khách hàng [58]', '2017-10-31 15:55:01', 'admin '),
(1508, 'Cập nhật khách hàng [58]', '2017-10-31 15:56:18', 'admin '),
(1509, 'Cập nhật chủ sở hữu  [ID: 71] bởi1', '2017-11-01 10:37:43', 'admin '),
(1510, 'Xóa Chủ sỏ hữu [ID: 71]', '2017-11-01 10:38:17', 'admin '),
(1511, 'Cập nhật chủ sở hữu  [ID: 70] bởi1', '2017-11-01 10:38:35', 'admin '),
(1512, 'cập nhật chủ sở hữu [ID: 70] thành chử sở hữu chính', '2017-11-01 10:40:25', 'admin '),
(1513, 'Database Backup [database_backup_2017-11-01-11-50-48.zip]', '2017-11-01 11:50:48', 'admin '),
(1514, 'Task Attachment Deleted [TaskID: 13]', '2017-11-01 14:48:05', 'admin '),
(1515, 'Task Attachment Deleted [TaskID: 13]', '2017-11-01 14:48:08', 'admin '),
(1516, 'New video [ID: 144, ]', '2017-11-01 15:33:53', 'admin '),
(1517, 'Cập nhật khách hàng [58]', '2017-11-01 15:58:53', 'admin ');

-- --------------------------------------------------------

--
-- Cấu trúc bảng cho bảng `tblagencies`
--

CREATE TABLE `tblagencies` (
  `id` int(11) NOT NULL,
  `agencyName` text COLLATE utf8_unicode_ci NOT NULL,
  `agencyPhone` text COLLATE utf8_unicode_ci NOT NULL,
  `agencyEmail` text COLLATE utf8_unicode_ci NOT NULL,
  `agencyAddress` text COLLATE utf8_unicode_ci NOT NULL
) ENGINE=InnoDB DEFAULT CHARSET=utf8 COLLATE=utf8_unicode_ci;

--
-- Đang đổ dữ liệu cho bảng `tblagencies`
--

INSERT INTO `tblagencies` (`id`, `agencyName`, `agencyPhone`, `agencyEmail`, `agencyAddress`) VALUES
(6, 'test', '869019421', 'nguyenhuutuananh2@gmail.com', 'Q123');

-- --------------------------------------------------------

--
-- Cấu trúc bảng cho bảng `tblannouncements`
--

CREATE TABLE `tblannouncements` (
  `announcementid` int(11) NOT NULL,
  `name` varchar(300) NOT NULL,
  `message` text,
  `showtousers` int(11) NOT NULL,
  `showtostaff` int(11) NOT NULL,
  `showname` int(11) NOT NULL,
  `dateadded` datetime NOT NULL,
  `userid` varchar(100) NOT NULL
) ENGINE=MyISAM DEFAULT CHARSET=utf8;

-- --------------------------------------------------------

--
-- Cấu trúc bảng cho bảng `tblcall_logs`
--

CREATE TABLE `tblcall_logs` (
  `ID` int(11) NOT NULL,
  `id_project_bds` int(11) NOT NULL,
  `name` varchar(500) CHARACTER SET utf8 COLLATE utf8_unicode_ci DEFAULT NULL,
  `date_call` datetime DEFAULT NULL,
  `checkout` int(11) DEFAULT NULL,
  `reason` text CHARACTER SET utf8 COLLATE utf8_unicode_ci,
  `next_job` text CHARACTER SET utf8 COLLATE utf8_unicode_ci,
  `assigned` varchar(250) DEFAULT NULL,
  `time` datetime DEFAULT NULL,
  `time_width` datetime DEFAULT NULL,
  `_delete` int(11) DEFAULT '0' COMMENT '1= delete,0= hiện',
  `date_delete` datetime DEFAULT NULL,
  `document` text CHARACTER SET utf8 COLLATE utf8_unicode_ci,
  `note` text CHARACTER SET utf8 COLLATE utf8_unicode_ci
) ENGINE=InnoDB DEFAULT CHARSET=latin1;

--
-- Đang đổ dữ liệu cho bảng `tblcall_logs`
--

INSERT INTO `tblcall_logs` (`ID`, `id_project_bds`, `name`, `date_call`, `checkout`, `reason`, `next_job`, `assigned`, `time`, `time_width`, `_delete`, `date_delete`, `document`, `note`) VALUES
(6, 49, 'ABCXYZ1', '2017-07-13 16:10:00', 1, 'reason', 'next_job', '1', '2017-06-03 00:00:00', '2017-06-05 00:00:00', 0, '0000-00-00 00:00:00', 'công tác xa chưa trở về', '2'),
(59, 49, NULL, '2017-07-12 16:11:00', NULL, NULL, NULL, NULL, NULL, NULL, 0, NULL, NULL, '123'),
(60, 0, NULL, NULL, NULL, NULL, NULL, '1', NULL, NULL, 0, NULL, NULL, NULL),
(61, 0, NULL, NULL, NULL, NULL, NULL, '1', NULL, NULL, 0, NULL, NULL, NULL),
(62, 0, NULL, NULL, NULL, NULL, NULL, '1', NULL, NULL, 0, NULL, NULL, NULL),
(63, 52, NULL, '2017-08-01 10:49:00', NULL, NULL, NULL, '1', NULL, NULL, 1, '2017-08-02 14:11:00', NULL, 'Nhật ký cuộc gọi'),
(64, 52, NULL, '2017-08-11 14:54:00', NULL, NULL, NULL, '1', NULL, NULL, 0, NULL, NULL, 'tt'),
(65, 54, NULL, '2017-08-17 17:07:00', NULL, NULL, NULL, '1', NULL, NULL, 0, NULL, NULL, '123123'),
(66, 54, NULL, '2017-08-17 17:08:00', NULL, NULL, NULL, '1', NULL, NULL, 0, NULL, NULL, '123123'),
(67, 55, NULL, '2017-08-09 08:27:00', NULL, NULL, NULL, '1', NULL, NULL, 1, '2017-08-28 09:26:18', NULL, 'Goi y'),
(68, 60, NULL, '2017-08-09 16:03:00', NULL, NULL, NULL, '1', NULL, NULL, 0, NULL, NULL, 'TT'),
(69, 55, NULL, '2017-08-09 09:47:00', NULL, NULL, NULL, '1', NULL, NULL, 1, '2017-08-28 09:26:19', NULL, '12312312');

-- --------------------------------------------------------

--
-- Cấu trúc bảng cho bảng `tblcategory`
--

CREATE TABLE `tblcategory` (
  `Id_category` int(11) NOT NULL,
  `name_category` varchar(255) COLLATE utf8_unicode_ci NOT NULL
) ENGINE=InnoDB DEFAULT CHARSET=utf8 COLLATE=utf8_unicode_ci;

--
-- Đang đổ dữ liệu cho bảng `tblcategory`
--

INSERT INTO `tblcategory` (`Id_category`, `name_category`) VALUES
(1, 'tập tin'),
(2, 'hình ảnh');

-- --------------------------------------------------------

--
-- Cấu trúc bảng cho bảng `tblclass_client`
--

CREATE TABLE `tblclass_client` (
  `id` int(11) NOT NULL,
  `name` varchar(250) CHARACTER SET utf8 COLLATE utf8_unicode_ci NOT NULL
) ENGINE=InnoDB DEFAULT CHARSET=latin1;

--
-- Đang đổ dữ liệu cho bảng `tblclass_client`
--

INSERT INTO `tblclass_client` (`id`, `name`) VALUES
(1, 'Khách hàng Víp'),
(2, 'Khách hàng cao cấp');

-- --------------------------------------------------------

--
-- Cấu trúc bảng cho bảng `tblclients`
--

CREATE TABLE `tblclients` (
  `userid` int(11) NOT NULL,
  `company` varchar(100) DEFAULT NULL,
  `source` int(11) DEFAULT NULL,
  `vat` varchar(50) DEFAULT NULL,
  `phonenumber` varchar(30) DEFAULT NULL,
  `email` varchar(250) DEFAULT NULL,
  `country` int(11) DEFAULT '0',
  `class_type` int(11) DEFAULT NULL COMMENT 'đẳng cấp khách hàng',
  `city` varchar(100) DEFAULT NULL,
  `zip` varchar(15) DEFAULT NULL,
  `state` varchar(50) DEFAULT NULL,
  `address` varchar(100) DEFAULT NULL,
  `website` varchar(150) DEFAULT NULL,
  `datecreated` datetime NOT NULL DEFAULT CURRENT_TIMESTAMP,
  `date_contact` date DEFAULT NULL COMMENT 'Ngày liên hệ',
  `active` int(11) DEFAULT '1',
  `leadid` int(11) DEFAULT NULL,
  `billing_street` varchar(200) DEFAULT NULL,
  `billing_city` varchar(100) DEFAULT NULL,
  `billing_state` varchar(100) DEFAULT NULL,
  `billing_zip` varchar(100) DEFAULT NULL,
  `billing_country` int(11) DEFAULT '0',
  `shipping_street` varchar(200) DEFAULT NULL,
  `shipping_city` varchar(100) DEFAULT NULL,
  `shipping_state` varchar(100) DEFAULT NULL,
  `shipping_zip` varchar(100) DEFAULT NULL,
  `shipping_country` int(11) DEFAULT '0',
  `longitude` varchar(300) DEFAULT NULL,
  `latitude` varchar(300) DEFAULT NULL,
  `default_language` varchar(40) DEFAULT NULL,
  `default_currency` int(11) DEFAULT '0',
  `show_primary_contact` int(11) DEFAULT '0',
  `master_bds` int(11) DEFAULT NULL COMMENT 'chủ sở hữu',
  `type_client` int(11) DEFAULT NULL COMMENT 'loại khách hàng 1= care,2= mua,3=fail',
  `exigency` int(11) DEFAULT NULL COMMENT 'nhu cầu',
  `purpose` varchar(250) DEFAULT NULL COMMENT 'mục đích',
  `type_bds` int(11) DEFAULT NULL COMMENT 'loại bds',
  `province` varchar(5) DEFAULT NULL COMMENT 'thành phố',
  `district` varchar(5) DEFAULT NULL COMMENT 'quận',
  `bds` int(11) DEFAULT NULL COMMENT 'Dự án',
  `area` decimal(50,0) DEFAULT NULL COMMENT 'diện tích',
  `pn` int(11) DEFAULT NULL,
  `budget` decimal(50,0) DEFAULT NULL COMMENT 'ngân sách',
  `date_movein` date DEFAULT NULL COMMENT 'ngày xem',
  `date_tax` varchar(200) DEFAULT NULL COMMENT 'thời hạn thuê',
  `requirements` text COMMENT 'yêu cầu',
  `status` int(11) DEFAULT NULL,
  `nvgd` int(11) DEFAULT NULL,
  `dksp` int(11) DEFAULT NULL,
  `dkkh` int(11) DEFAULT NULL,
  `id_contract` text COMMENT 'mã hợp đồng',
  `date_deal` date DEFAULT NULL COMMENT 'ngày giao dịch',
  `id_project_bds` int(11) DEFAULT NULL COMMENT 'thông tin sản phẩm bds',
  `id_partner` int(11) DEFAULT NULL COMMENT 'đối tác',
  `status_bonus` varchar(250) CHARACTER SET utf8 COLLATE utf8_unicode_ci DEFAULT NULL,
  `num_bonus` varchar(250) CHARACTER SET utf8 COLLATE utf8_unicode_ci DEFAULT NULL COMMENT 'hoa hồng',
  `time_bonus` varchar(250) CHARACTER SET utf8 COLLATE utf8_unicode_ci DEFAULT NULL,
  `note` text CHARACTER SET utf8 COLLATE utf8_unicode_ci,
  `bonus_period` text NOT NULL COMMENT 'Hoa hồng gia hạn',
  `rent_project_name` text NOT NULL COMMENT 'DA/ KV đã thuê',
  `duration_of_contract_expiration` text NOT NULL COMMENT 'Khoảng thời hạn HHD',
  `reason_fail` text NOT NULL COMMENT 'Lý do Fail',
  `expire_contract` date NOT NULL COMMENT 'Ngày HHĐ',
  `tags` text NOT NULL,
  `clientFrom` text NOT NULL,
  `clientType` text NOT NULL,
  `companyName` text NOT NULL,
  `companyOfficeAddress` text NOT NULL,
  `companyPaymentAddress` text NOT NULL,
  `companyPhoneNumber` text NOT NULL,
  `companyTaxCode` text NOT NULL,
  `companyWebiste` text NOT NULL,
  `companyBusinessLines` text NOT NULL,
  `companyNote` text NOT NULL,
  `idAgency` int(11) NOT NULL,
  `WhatsAgencyHave` text NOT NULL,
  `priority` int(11) NOT NULL DEFAULT '5',
  `career` text NOT NULL,
  `position` text NOT NULL,
  `hobbies` text NOT NULL,
  `dateOfBirth` datetime DEFAULT NULL,
  `maritalStatus` text NOT NULL,
  `facebook` text NOT NULL,
  `relationship` text NOT NULL,
  `avatar` text NOT NULL,
  `gender` text NOT NULL,
  `contactBy` text NOT NULL,
  `review` text NOT NULL
) ENGINE=MyISAM DEFAULT CHARSET=utf8;

--
-- Đang đổ dữ liệu cho bảng `tblclients`
--

INSERT INTO `tblclients` (`userid`, `company`, `source`, `vat`, `phonenumber`, `email`, `country`, `class_type`, `city`, `zip`, `state`, `address`, `website`, `datecreated`, `date_contact`, `active`, `leadid`, `billing_street`, `billing_city`, `billing_state`, `billing_zip`, `billing_country`, `shipping_street`, `shipping_city`, `shipping_state`, `shipping_zip`, `shipping_country`, `longitude`, `latitude`, `default_language`, `default_currency`, `show_primary_contact`, `master_bds`, `type_client`, `exigency`, `purpose`, `type_bds`, `province`, `district`, `bds`, `area`, `pn`, `budget`, `date_movein`, `date_tax`, `requirements`, `status`, `nvgd`, `dksp`, `dkkh`, `id_contract`, `date_deal`, `id_project_bds`, `id_partner`, `status_bonus`, `num_bonus`, `time_bonus`, `note`, `bonus_period`, `rent_project_name`, `duration_of_contract_expiration`, `reason_fail`, `expire_contract`, `tags`, `clientFrom`, `clientType`, `companyName`, `companyOfficeAddress`, `companyPaymentAddress`, `companyPhoneNumber`, `companyTaxCode`, `companyWebiste`, `companyBusinessLines`, `companyNote`, `idAgency`, `WhatsAgencyHave`, `priority`, `career`, `position`, `hobbies`, `dateOfBirth`, `maritalStatus`, `facebook`, `relationship`, `avatar`, `gender`, `contactBy`, `review`) VALUES
(12, 'Công ty A234', 1, NULL, '01245530024', 'email@gmail.com', 1, 1, '2', NULL, NULL, 'bạc liêu', 'google.com', '2017-08-03 00:00:00', '2017-08-01', 1, NULL, NULL, NULL, NULL, NULL, 0, NULL, NULL, NULL, NULL, 0, NULL, NULL, NULL, 0, 0, 11, 1, 1, '1', NULL, NULL, NULL, NULL, '1000000', 3, '1000000', '2017-08-03', '1 năm', 'giá giảm 10%', 1, 1, 1, 1, '', '0000-00-00', 0, 19, '', '', '', '', '', '', '', '', '0000-00-00', '', '', '', '', '', '', '', '', '', '', '', 0, '', 5, '', '', '', NULL, '', '', '', '', '', '', ''),
(13, 'Lê chí công', 1, NULL, '01245530024', 'lechiconglechicong@gmail.com', 243, 1, NULL, NULL, NULL, NULL, NULL, '2017-08-04 00:00:00', '2017-08-10', 1, NULL, NULL, NULL, NULL, NULL, 0, NULL, NULL, NULL, NULL, 0, NULL, NULL, NULL, 0, 0, NULL, 3, 1, '1', 0, '01', '', NULL, '10000', 100000, '20000000', '2017-08-16', '2 năm1', 'không', 1, 1, 1, 1, NULL, NULL, 0, 2, 'ok', NULL, NULL, NULL, '', '', '', '', '0000-00-00', '', '', '', '', '', '', '', '', '', '', '', 0, '', 5, '', '', '', NULL, '', '', '', '', '', '', ''),
(14, 'khách hàng A', 1, NULL, '01245530024', '1bc@gmail.com', 0, 1, NULL, NULL, NULL, NULL, NULL, '2017-08-04 00:00:00', '2017-08-11', 1, NULL, NULL, NULL, NULL, NULL, 0, NULL, NULL, NULL, NULL, 0, NULL, NULL, NULL, 0, 0, NULL, 2, 1, '1', 49, '01', '006', NULL, '10000', 0, '0', '0000-00-00', '', '', 2, 1, 1, 1, '', '0000-00-00', 55, 2, '', '', '', '', '', '', '', '', '0000-00-00', '', '', '', '', '', '', '', '', '', '', '', 0, '', 5, '', '', '', NULL, '', '', '', '', '', '', ''),
(15, 'abcccc', 1, NULL, '090909', 'a@g.com', 243, 1, NULL, NULL, NULL, NULL, NULL, '2017-09-13 00:00:00', '2017-09-13', 1, NULL, NULL, NULL, NULL, NULL, 0, NULL, NULL, NULL, NULL, 0, NULL, NULL, NULL, 0, 0, NULL, 3, 1, '1', 58, '12', '104', NULL, '0', 0, '0', '2017-09-13', '1t', 'Yêu cầu khác', 1, 2, NULL, NULL, NULL, NULL, 55, 2, NULL, NULL, NULL, NULL, '', 'DA/KV đã thuê', 'Khoảng Thời hạn HHD', 'Lý do Fail', '0000-00-00', '', '', '', '', '', '', '', '', '', '', '', 0, '', 5, '', '', '', NULL, '', '', '', '', '', '', ''),
(17, 'Khách hàng mới new 6', 2, NULL, '01245550024', 'khachhangmoi@gmail.com', 243, 1, NULL, NULL, NULL, NULL, NULL, '2017-09-18 00:00:00', '2017-09-14', 1, NULL, NULL, NULL, NULL, NULL, 0, NULL, NULL, NULL, NULL, 0, NULL, NULL, NULL, 0, 0, NULL, 1, 1, '2', 58, '01', '001', 55, '12', 12, '12', '2017-09-07', '12', 'Yêu cầu khác', 1, 2, NULL, NULL, '', '0000-00-00', NULL, 0, '', NULL, NULL, '', '', 'test care to fail', '2 tháng', 'test', '0000-00-00', 'tag1,tag2', 'moigioi', 'canhan', '', '', '', '', '', '', '', '', 0, '', 5, '', '', '', '0000-00-00 00:00:00', '', '', '', '', 'nam', '', ''),
(23, 'new', 1, NULL, '09090909', 'new@new', 243, 1, NULL, NULL, NULL, NULL, NULL, '2017-10-13 00:00:00', '2017-10-13', 1, NULL, NULL, NULL, NULL, NULL, 0, NULL, NULL, NULL, NULL, 0, NULL, NULL, NULL, 0, 0, NULL, 3, 1, '1', NULL, NULL, NULL, NULL, '1', 1, '1', '2017-10-13', '', '1', 1, 3, NULL, 1, NULL, NULL, NULL, 2, NULL, NULL, NULL, NULL, '', '', '', 'abc', '0000-00-00', '', 'honeycomb', 'canhan', '', '', '', '', '', '', '', '', 0, '', 5, '', '', '', NULL, '', '', '', '', '', '', ''),
(24, 'test từ database kh', 1, NULL, '0909222222', 'abc@abc.com', 243, 1, NULL, NULL, NULL, NULL, NULL, '2017-10-16 00:00:00', '0000-00-00', 1, NULL, NULL, NULL, NULL, NULL, 0, NULL, NULL, NULL, NULL, 0, NULL, NULL, NULL, 0, 0, NULL, 3, 1, '1', NULL, NULL, NULL, NULL, '1', 1, '1', '0000-00-00', '1', '', 1, 13, NULL, 1, '', '0000-00-00', NULL, 0, '', NULL, NULL, '', '', '', '', 'abc', '0000-00-00', '', 'honeycomb', 'canhan', '', '', '', '', '', '', '', '', 6, 'cochunha', 5, '', '', '', NULL, '', '', '', '', 'nam', '', ''),
(25, 'test', 1, NULL, '123123123', 'test@email.com', 243, 1, NULL, NULL, NULL, NULL, NULL, '2017-10-19 00:00:00', '0000-00-00', 1, NULL, NULL, NULL, NULL, NULL, 0, NULL, NULL, NULL, NULL, 0, NULL, NULL, NULL, 0, 0, NULL, 2, 1, '1', NULL, NULL, NULL, NULL, '1', 1, '1', '0000-00-00', '', '', 1, 2, NULL, 1, '111', '0000-00-00', NULL, 22, '', NULL, NULL, '11111', '1111', '', '', '', '0000-00-00', '', '', 'canhan', '', '', '', '', '', '', '', '', 0, '', 5, '', '', '', NULL, '', '', '', '', '', '', ''),
(58, 'test', 1, NULL, '090909', 'test@test.com', 243, 1, NULL, NULL, NULL, NULL, NULL, '2017-10-20 14:13:32', '0000-00-00', 1, NULL, NULL, NULL, NULL, NULL, 0, NULL, NULL, NULL, NULL, 0, NULL, NULL, NULL, 0, 0, NULL, 2, 1, '1', 58, '01', '001', 55, '0', 0, '0', NULL, '', '', 0, NULL, NULL, 1, '', '0000-00-00', 56, 0, NULL, NULL, NULL, '', '', '', '', '', '0000-00-00', '', 'moigioi', 'canhan', '', '', '', '', '', '', '', '', 0, '', 5, '', '', '', '1990-10-31 00:00:00', '', '', '', 'uploads/client_profile_images/58/ndt-1.jpg', 'nam', '', 'abcccc'),
(59, NULL, 1, NULL, '09090909', 'test@test', 1, 1, NULL, NULL, NULL, NULL, NULL, '2017-10-27 00:00:00', '0000-00-00', 1, NULL, NULL, NULL, NULL, NULL, 0, NULL, NULL, NULL, NULL, 0, NULL, NULL, NULL, 0, 0, NULL, 1, NULL, '1', 58, '01', '001', 55, '1', 1, '1', '0000-00-00', NULL, 'test', 1, NULL, NULL, 1, NULL, NULL, NULL, NULL, NULL, NULL, NULL, NULL, '', '', '', '', '0000-00-00', 'test', 'honeycomb', 'canhan', '', '', '', '', '', '', '', '', 0, '', 5, 'test', 'test', 'test', '0000-00-00 00:00:00', 'test', 'test', 'test', '', 'nam', 'dienthoai', '');

-- --------------------------------------------------------

--
-- Cấu trúc bảng cho bảng `tblclients_assignment`
--

CREATE TABLE `tblclients_assignment` (
  `id` int(11) NOT NULL,
  `idClient` int(11) NOT NULL,
  `idStaff` int(11) NOT NULL,
  `type` text COLLATE utf8_unicode_ci NOT NULL,
  `dateCreated` timestamp NOT NULL DEFAULT CURRENT_TIMESTAMP
) ENGINE=InnoDB DEFAULT CHARSET=utf8 COLLATE=utf8_unicode_ci;

--
-- Đang đổ dữ liệu cho bảng `tblclients_assignment`
--

INSERT INTO `tblclients_assignment` (`id`, `idClient`, `idStaff`, `type`, `dateCreated`) VALUES
(14, 58, 2, 'dangky', '2017-10-30 07:45:14'),
(15, 58, 3, 'sale', '2017-10-30 07:45:18'),
(16, 58, 4, 'supporter', '2017-10-30 07:45:28');

-- --------------------------------------------------------

--
-- Cấu trúc bảng cho bảng `tblclients_simple`
--

CREATE TABLE `tblclients_simple` (
  `userid` int(11) NOT NULL,
  `company` varchar(100) DEFAULT NULL,
  `source` int(11) DEFAULT NULL,
  `vat` varchar(50) DEFAULT NULL,
  `phonenumber` varchar(30) DEFAULT NULL,
  `email` varchar(250) DEFAULT NULL,
  `country` int(11) DEFAULT '0',
  `class_type` int(11) DEFAULT NULL COMMENT 'đẳng cấp khách hàng',
  `city` varchar(100) DEFAULT NULL,
  `zip` varchar(15) DEFAULT NULL,
  `state` varchar(50) DEFAULT NULL,
  `address` varchar(100) DEFAULT NULL,
  `website` varchar(150) DEFAULT NULL,
  `datecreated` datetime NOT NULL DEFAULT CURRENT_TIMESTAMP,
  `date_contact` date DEFAULT NULL COMMENT 'Ngày liên hệ',
  `active` int(11) DEFAULT '1',
  `leadid` int(11) DEFAULT NULL,
  `billing_street` varchar(200) DEFAULT NULL,
  `billing_city` varchar(100) DEFAULT NULL,
  `billing_state` varchar(100) DEFAULT NULL,
  `billing_zip` varchar(100) DEFAULT NULL,
  `billing_country` int(11) DEFAULT '0',
  `shipping_street` varchar(200) DEFAULT NULL,
  `shipping_city` varchar(100) DEFAULT NULL,
  `shipping_state` varchar(100) DEFAULT NULL,
  `shipping_zip` varchar(100) DEFAULT NULL,
  `shipping_country` int(11) DEFAULT '0',
  `longitude` varchar(300) DEFAULT NULL,
  `latitude` varchar(300) DEFAULT NULL,
  `default_language` varchar(40) DEFAULT NULL,
  `default_currency` int(11) DEFAULT '0',
  `show_primary_contact` int(11) DEFAULT '0',
  `master_bds` int(11) DEFAULT NULL COMMENT 'chủ sở hữu',
  `type_client` int(11) DEFAULT NULL COMMENT 'loại khách hàng 1= care,2= mua,3=fail',
  `exigency` int(11) DEFAULT NULL COMMENT 'nhu cầu',
  `purpose` varchar(250) DEFAULT NULL COMMENT 'mục đích',
  `type_bds` int(11) DEFAULT NULL COMMENT 'loại bds',
  `province` varchar(5) DEFAULT NULL COMMENT 'thành phố',
  `district` varchar(5) DEFAULT NULL COMMENT 'quận',
  `bds` int(11) DEFAULT NULL COMMENT 'Dự án',
  `area` decimal(50,0) DEFAULT NULL COMMENT 'diện tích',
  `pn` int(11) DEFAULT NULL,
  `budget` decimal(50,0) DEFAULT NULL COMMENT 'ngân sách',
  `date_movein` date DEFAULT NULL COMMENT 'ngày xem',
  `date_tax` varchar(200) DEFAULT NULL COMMENT 'thời hạn thuê',
  `requirements` text COMMENT 'yêu cầu',
  `status` int(11) DEFAULT NULL,
  `nvgd` int(11) DEFAULT NULL,
  `dksp` int(11) DEFAULT NULL,
  `dkkh` int(11) DEFAULT NULL,
  `id_contract` text COMMENT 'mã hợp đồng',
  `date_deal` date DEFAULT NULL COMMENT 'ngày giao dịch',
  `id_project_bds` int(11) DEFAULT NULL COMMENT 'thông tin sản phẩm bds',
  `id_partner` int(11) DEFAULT NULL COMMENT 'đối tác',
  `status_bonus` varchar(250) CHARACTER SET utf8 COLLATE utf8_unicode_ci DEFAULT NULL,
  `num_bonus` varchar(250) CHARACTER SET utf8 COLLATE utf8_unicode_ci DEFAULT NULL COMMENT 'hoa hồng',
  `time_bonus` varchar(250) CHARACTER SET utf8 COLLATE utf8_unicode_ci DEFAULT NULL,
  `note` text CHARACTER SET utf8 COLLATE utf8_unicode_ci,
  `bonus_period` text NOT NULL COMMENT 'Hoa hồng gia hạn',
  `rent_project_name` text NOT NULL COMMENT 'DA/ KV đã thuê',
  `duration_of_contract_expiration` text NOT NULL COMMENT 'Khoảng thời hạn HHD',
  `reason_fail` text NOT NULL COMMENT 'Lý do Fail',
  `expire_contract` date NOT NULL COMMENT 'Ngày HHĐ',
  `tags` text NOT NULL,
  `clientFrom` text NOT NULL,
  `clientType` text NOT NULL,
  `companyName` text NOT NULL,
  `companyOfficeAddress` text NOT NULL,
  `companyPaymentAddress` text NOT NULL,
  `companyPhoneNumber` text NOT NULL,
  `companyTaxCode` text NOT NULL,
  `companyWebiste` text NOT NULL,
  `companyBusinessLines` text NOT NULL,
  `companyNote` text NOT NULL,
  `idAgency` int(11) NOT NULL,
  `WhatsAgencyHave` text NOT NULL,
  `priority` int(11) NOT NULL DEFAULT '5',
  `career` text NOT NULL,
  `position` text NOT NULL,
  `hobbies` text NOT NULL,
  `dateOfBirth` datetime DEFAULT NULL,
  `maritalStatus` text NOT NULL,
  `facebook` text NOT NULL,
  `relationship` text NOT NULL,
  `avatar` text NOT NULL,
  `gender` text NOT NULL,
  `contactBy` text NOT NULL,
  `review` text NOT NULL
) ENGINE=MyISAM DEFAULT CHARSET=utf8;

-- --------------------------------------------------------

--
-- Cấu trúc bảng cho bảng `tblclient_bds`
--

CREATE TABLE `tblclient_bds` (
  `id` int(11) NOT NULL,
  `clientId` int(11) NOT NULL COMMENT 'ID Khách hàng',
  `projectBdsId` int(11) NOT NULL COMMENT 'ID projectbds',
  `menuBdsId` int(11) NOT NULL,
  `type` int(11) NOT NULL COMMENT 'Loại mua(1) hoặc thuê(2)',
  `price` bigint(15) NOT NULL COMMENT 'Giá theo loại mua hoặc thuê',
  `realPrice` bigint(15) NOT NULL,
  `dateCreated` timestamp NOT NULL DEFAULT CURRENT_TIMESTAMP COMMENT 'Ngày tạo',
  `rentalPeriod` int(11) NOT NULL COMMENT 'Thời hạn thuê nếu loại là thuê',
  `dateStart` timestamp NOT NULL DEFAULT '0000-00-00 00:00:00' COMMENT 'Ngày bắt đầu mua hoặc bán',
  `city` int(11) NOT NULL,
  `district` int(11) NOT NULL,
  `isFail` tinyint(1) NOT NULL DEFAULT '0',
  `contractCode` text COLLATE utf8_unicode_ci NOT NULL,
  `contractStartDate` timestamp NOT NULL DEFAULT '0000-00-00 00:00:00',
  `contractExpiryDate` timestamp NOT NULL DEFAULT '0000-00-00 00:00:00',
  `id_partner` int(11) NOT NULL,
  `WhatsAgencyHave` text COLLATE utf8_unicode_ci NOT NULL,
  `commissionPartner` int(11) NOT NULL,
  `otherCosts` bigint(20) NOT NULL,
  `noteOtherCosts` text COLLATE utf8_unicode_ci NOT NULL
) ENGINE=InnoDB DEFAULT CHARSET=utf8 COLLATE=utf8_unicode_ci;

--
-- Đang đổ dữ liệu cho bảng `tblclient_bds`
--

INSERT INTO `tblclient_bds` (`id`, `clientId`, `projectBdsId`, `menuBdsId`, `type`, `price`, `realPrice`, `dateCreated`, `rentalPeriod`, `dateStart`, `city`, `district`, `isFail`, `contractCode`, `contractStartDate`, `contractExpiryDate`, `id_partner`, `WhatsAgencyHave`, `commissionPartner`, `otherCosts`, `noteOtherCosts`) VALUES
(58, 58, 55, 58, 1, 3000000000, 10000000000, '2017-10-26 08:03:01', 0, '2017-10-25 17:00:00', 1, 1, 0, 'hd001', '2017-10-25 17:00:00', '2017-10-25 17:00:00', 22, 'cokhachhang', 100000000, 0, '');

-- --------------------------------------------------------

--
-- Cấu trúc bảng cho bảng `tblclient_bds_payment`
--

CREATE TABLE `tblclient_bds_payment` (
  `id` int(11) NOT NULL,
  `idClientBds` int(11) NOT NULL COMMENT 'ID BDS mua/thuê',
  `value` bigint(20) NOT NULL COMMENT 'Tiền phải thu',
  `dateCreated` timestamp NOT NULL DEFAULT CURRENT_TIMESTAMP,
  `datePay` timestamp NOT NULL DEFAULT '0000-00-00 00:00:00' COMMENT 'Hạn phải trả',
  `status` tinyint(1) NOT NULL COMMENT 'Trạng thái ( 0: chưa nhận, 1: đã đủ, 2: chưa nhận đủ)'
) ENGINE=InnoDB DEFAULT CHARSET=utf8 COLLATE=utf8_unicode_ci;

--
-- Đang đổ dữ liệu cho bảng `tblclient_bds_payment`
--

INSERT INTO `tblclient_bds_payment` (`id`, `idClientBds`, `value`, `dateCreated`, `datePay`, `status`) VALUES
(50, 58, 1000000000, '2017-10-26 08:06:48', '2017-10-26 08:06:48', 2);

-- --------------------------------------------------------

--
-- Cấu trúc bảng cho bảng `tblclient_bds_payment_details`
--

CREATE TABLE `tblclient_bds_payment_details` (
  `id` int(11) NOT NULL,
  `idClientBdsPayment` int(11) NOT NULL COMMENT 'ID Đợt thanh toán BDS',
  `realValue` bigint(20) NOT NULL COMMENT 'Số tiền thanh toán của Đợt thanh toán',
  `dateCreate` timestamp NOT NULL DEFAULT CURRENT_TIMESTAMP,
  `datePay` timestamp NOT NULL DEFAULT '0000-00-00 00:00:00' COMMENT 'Ngày thanh toán',
  `idPaymentMethod` int(11) NOT NULL COMMENT 'ID Phương thức thanh toán',
  `idStaff` int(11) NOT NULL
) ENGINE=InnoDB DEFAULT CHARSET=utf8 COLLATE=utf8_unicode_ci;

--
-- Đang đổ dữ liệu cho bảng `tblclient_bds_payment_details`
--

INSERT INTO `tblclient_bds_payment_details` (`id`, `idClientBdsPayment`, `realValue`, `dateCreate`, `datePay`, `idPaymentMethod`, `idStaff`) VALUES
(11, 50, 500000, '2017-10-26 08:16:40', '2017-10-26 17:00:00', 1, 2),
(12, 50, 1000000, '2017-10-27 05:12:53', '2017-10-26 17:00:00', 1, 4),
(13, 50, 2000000, '2017-10-27 07:30:39', '2017-10-27 17:00:00', 1, 0);

-- --------------------------------------------------------

--
-- Cấu trúc bảng cho bảng `tblclient_care_history`
--

CREATE TABLE `tblclient_care_history` (
  `id` int(11) NOT NULL,
  `idClient` int(11) NOT NULL,
  `dateMeeting` timestamp NOT NULL DEFAULT CURRENT_TIMESTAMP,
  `status` text COLLATE utf8_unicode_ci NOT NULL,
  `solutions` text COLLATE utf8_unicode_ci NOT NULL,
  `dateCreated` timestamp NOT NULL DEFAULT CURRENT_TIMESTAMP
) ENGINE=InnoDB DEFAULT CHARSET=utf8 COLLATE=utf8_unicode_ci ROW_FORMAT=COMPACT;

--
-- Đang đổ dữ liệu cho bảng `tblclient_care_history`
--

INSERT INTO `tblclient_care_history` (`id`, `idClient`, `dateMeeting`, `status`, `solutions`, `dateCreated`) VALUES
(61, 58, '2017-10-23 10:31:50', '', '', '2017-10-23 10:31:54'),
(62, 58, '2017-10-23 10:31:51', '', '', '2017-10-23 10:31:57'),
(68, 24, '2017-10-23 11:11:28', 'ffdsfdsf', 'sf', '2017-10-23 11:11:44'),
(70, 24, '2017-10-23 11:11:28', 'dsada', 'dd', '2017-10-23 11:11:54'),
(71, 24, '2017-10-23 11:11:28', 'tinh hinh', 'hd 1', '2017-10-23 11:12:29'),
(74, 24, '2017-10-23 11:11:11', 'shadga', 'gdag', '2017-10-23 11:12:41'),
(84, 25, '2017-10-25 10:27:34', '', '', '2017-10-25 10:27:37'),
(89, 58, '2017-10-30 09:40:33', 'abc', '123', '2017-10-30 09:43:05');

-- --------------------------------------------------------

--
-- Cấu trúc bảng cho bảng `tblcommentlikes`
--

CREATE TABLE `tblcommentlikes` (
  `id` int(11) NOT NULL,
  `postid` int(11) NOT NULL,
  `commentid` int(11) NOT NULL,
  `userid` int(11) NOT NULL,
  `dateliked` datetime NOT NULL
) ENGINE=MyISAM DEFAULT CHARSET=utf8;

-- --------------------------------------------------------

--
-- Cấu trúc bảng cho bảng `tblcontactpermissions`
--

CREATE TABLE `tblcontactpermissions` (
  `id` int(11) NOT NULL,
  `permission_id` int(11) NOT NULL,
  `userid` int(11) NOT NULL
) ENGINE=MyISAM DEFAULT CHARSET=utf8;

--
-- Đang đổ dữ liệu cho bảng `tblcontactpermissions`
--

INSERT INTO `tblcontactpermissions` (`id`, `permission_id`, `userid`) VALUES
(1, 1, 1),
(2, 2, 1),
(3, 3, 1),
(4, 4, 1),
(5, 5, 1),
(6, 6, 1),
(7, 1, 2),
(8, 2, 2),
(9, 3, 2),
(10, 4, 2),
(11, 5, 2),
(12, 6, 2),
(13, 1, 3),
(14, 2, 3),
(15, 3, 3),
(16, 4, 3),
(17, 5, 3),
(18, 6, 3),
(19, 1, 4),
(20, 2, 4),
(21, 3, 4),
(22, 4, 4),
(23, 5, 4),
(24, 6, 4),
(25, 1, 5),
(26, 2, 5),
(27, 3, 5),
(28, 4, 5),
(29, 5, 5),
(30, 6, 5),
(31, 1, 6),
(32, 2, 6),
(33, 3, 6),
(34, 4, 6),
(35, 5, 6),
(36, 6, 6),
(37, 1, 7),
(38, 2, 7),
(39, 3, 7),
(40, 4, 7),
(41, 5, 7),
(42, 6, 7);

-- --------------------------------------------------------

--
-- Cấu trúc bảng cho bảng `tblcontacts`
--

CREATE TABLE `tblcontacts` (
  `id` int(11) NOT NULL,
  `userid` int(11) NOT NULL,
  `is_primary` int(11) NOT NULL DEFAULT '1',
  `firstname` varchar(300) NOT NULL,
  `lastname` varchar(300) NOT NULL,
  `email` varchar(100) NOT NULL,
  `phonenumber` varchar(100) NOT NULL,
  `title` varchar(200) NOT NULL,
  `datecreated` datetime NOT NULL,
  `password` varchar(255) DEFAULT NULL,
  `new_pass_key` varchar(32) DEFAULT NULL,
  `new_pass_key_requested` datetime DEFAULT NULL,
  `last_ip` varchar(40) DEFAULT NULL,
  `last_login` datetime DEFAULT NULL,
  `last_password_change` datetime DEFAULT NULL,
  `active` tinyint(1) NOT NULL DEFAULT '1',
  `profile_image` varchar(300) DEFAULT NULL,
  `direction` varchar(3) DEFAULT NULL,
  `last_active_time` int(11) NOT NULL
) ENGINE=MyISAM DEFAULT CHARSET=utf8;

--
-- Đang đổ dữ liệu cho bảng `tblcontacts`
--

INSERT INTO `tblcontacts` (`id`, `userid`, `is_primary`, `firstname`, `lastname`, `email`, `phonenumber`, `title`, `datecreated`, `password`, `new_pass_key`, `new_pass_key_requested`, `last_ip`, `last_login`, `last_password_change`, `active`, `profile_image`, `direction`, `last_active_time`) VALUES
(1, 2, 1, 'Khách', 'hàng 1', 'lechicong.fososoft@gmail.com', '01216479974', '', '2017-03-30 20:53:19', '$2a$08$yHIgEwB0.zVynvHhKjfVJOIKWLVihAiUzUuKoYvnJ4JC0DfVJBXSe', NULL, NULL, '14.161.12.55', '2017-06-02 18:00:03', '2017-05-31 16:15:40', 1, NULL, '', 0),
(2, 1, 1, 'FO', 'SO', 'companyfoso@gmail.com', '01216479974', '', '2017-03-30 20:57:05', '$2a$08$Zl8fqSKqaHwIHIS2GIKiT.jVstXMq8twTYHpEMnn5xjvHb.wBlWTS', NULL, NULL, '14.169.252.140', '2017-05-31 16:38:29', '2017-05-31 16:17:47', 1, NULL, 'ltr', 0),
(3, 3, 1, 'Nguyễn', 'Văn A', 'amin@admin.com', '', '', '2017-05-30 16:29:58', '$2a$08$jOhvu6Aw4VPWt83/xxBQte3wD2mRpnyRVilRYCK8sAv.c/JS/M4Ve', '8bd96b9f0900f072bf1c551ffeb2c891', '2017-05-30 16:29:59', NULL, NULL, NULL, 1, NULL, NULL, 0),
(4, 4, 1, 'Nguyễn', 'Văn B', 'infor@foso.com', '0999334728', '', '2017-05-30 17:04:37', '$2a$08$Zd9gDXLsWCvInYhe5Qb0V.4rk9at4dLGGthehiZM/CODItNt788fu', NULL, NULL, NULL, NULL, NULL, 1, NULL, NULL, 0),
(5, 5, 1, 'Nguyễn', 'văn c', 'vanc@gmail.com', '', '', '2017-05-31 16:13:16', '$2a$08$vsVL65RglU6GagMaD4130uYX3K7pCAGtNDOqEdS40kYrYX6tQxGC.', NULL, NULL, '14.169.252.140', '2017-05-31 16:13:43', NULL, 1, NULL, NULL, 0),
(6, 6, 1, 'tounkara', 'Abdrahamane', 'buiphamthanhthuy@gmail.com', '22375400016', '', '2017-06-10 17:54:19', '$2a$08$/Zn0hXHrcn8EQXNhjUrlP.dxlQIeaGn6JXPonjAkHY/4lClHvnaIW', NULL, NULL, '217.64.98.101', '2017-06-10 17:54:20', NULL, 1, NULL, '', 0),
(7, 7, 1, 'Dũng', 'Trương', '654321@gmail.com', '0148793251', 'giám đốc', '2017-06-10 18:01:56', '$2a$08$JMXJ64LAmOkLoiBJUfD9YuKenboe402mDZCq/KyBaFSYf2sbc84iG', NULL, NULL, NULL, NULL, NULL, 1, NULL, 'rtl', 0),
(8, 23, 1, 'test', 'test', 'test@test.com', '09090909', 'Thư ký', '0000-00-00 00:00:00', NULL, NULL, NULL, NULL, NULL, NULL, 1, 'beetailer-icon-1.png', NULL, 0),
(9, 58, 1, 'y', 'y', '543@gmail.com', '666', 'y', '0000-00-00 00:00:00', NULL, NULL, NULL, NULL, NULL, NULL, 1, NULL, NULL, 0);

-- --------------------------------------------------------

--
-- Cấu trúc bảng cho bảng `tblcontractrenewals`
--

CREATE TABLE `tblcontractrenewals` (
  `id` int(11) NOT NULL,
  `contractid` int(11) NOT NULL,
  `old_start_date` date NOT NULL,
  `new_start_date` date NOT NULL,
  `old_end_date` date DEFAULT NULL,
  `new_end_date` date DEFAULT NULL,
  `old_value` decimal(11,2) DEFAULT NULL,
  `new_value` decimal(11,2) DEFAULT NULL,
  `date_renewed` datetime NOT NULL,
  `renewed_by` varchar(100) NOT NULL,
  `renewed_by_staff_id` int(11) NOT NULL DEFAULT '0',
  `is_on_old_expiry_notified` int(11) DEFAULT '0'
) ENGINE=MyISAM DEFAULT CHARSET=utf8;

-- --------------------------------------------------------

--
-- Cấu trúc bảng cho bảng `tblcontracts`
--

CREATE TABLE `tblcontracts` (
  `id` int(11) NOT NULL,
  `content` longtext,
  `description` text,
  `subject` varchar(300) DEFAULT NULL,
  `client` int(11) NOT NULL,
  `datestart` date DEFAULT NULL,
  `dateend` date DEFAULT NULL,
  `contract_type` int(11) DEFAULT NULL,
  `addedfrom` int(11) NOT NULL,
  `dateadded` datetime NOT NULL,
  `isexpirynotified` int(11) NOT NULL DEFAULT '0',
  `contract_value` decimal(11,2) DEFAULT NULL,
  `trash` tinyint(1) DEFAULT '0',
  `not_visible_to_client` tinyint(1) NOT NULL DEFAULT '0'
) ENGINE=MyISAM DEFAULT CHARSET=utf8;

--
-- Đang đổ dữ liệu cho bảng `tblcontracts`
--

INSERT INTO `tblcontracts` (`id`, `content`, `description`, `subject`, `client`, `datestart`, `dateend`, `contract_type`, `addedfrom`, `dateadded`, `isexpirynotified`, `contract_value`, `trash`, `not_visible_to_client`) VALUES
(1, NULL, '', 'Báo cáo thuế', 2, '2017-03-31', '2017-05-19', 0, 1, '2017-03-31 00:14:42', 0, '8000000.00', 0, 0),
(2, NULL, '', 'a', 1, '2017-05-30', NULL, 0, 1, '2017-05-30 17:08:28', 0, '0.00', 0, 0),
(3, NULL, '', 'Mua bán phần mềm', 5, '2017-06-22', '2017-07-22', 0, 1, '2017-06-22 12:04:48', 0, '20000.00', 0, 0);

-- --------------------------------------------------------

--
-- Cấu trúc bảng cho bảng `tblcontracttypes`
--

CREATE TABLE `tblcontracttypes` (
  `id` int(11) NOT NULL,
  `name` mediumtext NOT NULL
) ENGINE=MyISAM DEFAULT CHARSET=utf8;

-- --------------------------------------------------------

--
-- Cấu trúc bảng cho bảng `tblconversations`
--

CREATE TABLE `tblconversations` (
  `id` int(11) NOT NULL,
  `type` varchar(50) COLLATE utf8_unicode_ci NOT NULL,
  `title` varchar(255) COLLATE utf8_unicode_ci NOT NULL,
  `user1` int(11) NOT NULL,
  `user2` int(11) NOT NULL,
  `is_contact` int(11) NOT NULL DEFAULT '0',
  `last_updated` int(11) NOT NULL
) ENGINE=InnoDB DEFAULT CHARSET=utf8 COLLATE=utf8_unicode_ci;

--
-- Đang đổ dữ liệu cho bảng `tblconversations`
--

INSERT INTO `tblconversations` (`id`, `type`, `title`, `user1`, `user2`, `is_contact`, `last_updated`) VALUES
(1, 'single', '', 2, 1, 0, 1508117670);

-- --------------------------------------------------------

--
-- Cấu trúc bảng cho bảng `tblconversations_members`
--

CREATE TABLE `tblconversations_members` (
  `id` int(11) NOT NULL,
  `cid` int(11) NOT NULL,
  `member_id` int(11) NOT NULL,
  `contact_id` int(11) NOT NULL
) ENGINE=InnoDB DEFAULT CHARSET=latin1;

--
-- Đang đổ dữ liệu cho bảng `tblconversations_members`
--

INSERT INTO `tblconversations_members` (`id`, `cid`, `member_id`, `contact_id`) VALUES
(1, 1, 2, 0),
(2, 1, 1, 0);

-- --------------------------------------------------------

--
-- Cấu trúc bảng cho bảng `tblconversation_messages`
--

CREATE TABLE `tblconversation_messages` (
  `id` int(11) NOT NULL,
  `cid` int(11) NOT NULL,
  `member_id` int(11) NOT NULL,
  `contact_id` int(11) NOT NULL,
  `message` text COLLATE utf8_unicode_ci NOT NULL,
  `file_path` varchar(255) COLLATE utf8_unicode_ci NOT NULL,
  `image_path` varchar(255) COLLATE utf8_unicode_ci NOT NULL,
  `sticker_path` varchar(255) COLLATE utf8_unicode_ci NOT NULL,
  `gif_path` int(11) NOT NULL,
  `send_like` int(11) NOT NULL DEFAULT '0',
  `time_created` int(11) NOT NULL
) ENGINE=InnoDB DEFAULT CHARSET=utf8 COLLATE=utf8_unicode_ci;

--
-- Đang đổ dữ liệu cho bảng `tblconversation_messages`
--

INSERT INTO `tblconversation_messages` (`id`, `cid`, `member_id`, `contact_id`, `message`, `file_path`, `image_path`, `sticker_path`, `gif_path`, `send_like`, `time_created`) VALUES
(1, 1, 1, 0, 'abc', '', '', '', 0, 0, 1508117670);

-- --------------------------------------------------------

--
-- Cấu trúc bảng cho bảng `tblconversation_message_read`
--

CREATE TABLE `tblconversation_message_read` (
  `id` int(11) NOT NULL,
  `message_id` int(11) NOT NULL,
  `staff_id` int(11) NOT NULL,
  `contact_id` int(11) NOT NULL
) ENGINE=InnoDB DEFAULT CHARSET=latin1;

--
-- Đang đổ dữ liệu cho bảng `tblconversation_message_read`
--

INSERT INTO `tblconversation_message_read` (`id`, `message_id`, `staff_id`, `contact_id`) VALUES
(1, 1, 1, 0);

-- --------------------------------------------------------

--
-- Cấu trúc bảng cho bảng `tblcountries`
--

CREATE TABLE `tblcountries` (
  `country_id` int(5) NOT NULL,
  `iso2` char(2) DEFAULT NULL,
  `short_name` varchar(80) NOT NULL DEFAULT '',
  `long_name` varchar(80) NOT NULL DEFAULT '',
  `iso3` char(3) DEFAULT NULL,
  `numcode` varchar(6) DEFAULT NULL,
  `un_member` varchar(12) DEFAULT NULL,
  `calling_code` varchar(8) DEFAULT NULL,
  `cctld` varchar(5) DEFAULT NULL
) ENGINE=MyISAM DEFAULT CHARSET=utf8;

--
-- Đang đổ dữ liệu cho bảng `tblcountries`
--

INSERT INTO `tblcountries` (`country_id`, `iso2`, `short_name`, `long_name`, `iso3`, `numcode`, `un_member`, `calling_code`, `cctld`) VALUES
(1, 'AF', 'Afghanistan', 'Islamic Republic of Afghanistan', 'AFG', '004', 'yes', '93', '.af'),
(2, 'AX', 'Aland Islands', '&Aring;land Islands', 'ALA', '248', 'no', '358', '.ax'),
(3, 'AL', 'Albania', 'Republic of Albania', 'ALB', '008', 'yes', '355', '.al'),
(4, 'DZ', 'Algeria', 'People\'s Democratic Republic of Algeria', 'DZA', '012', 'yes', '213', '.dz'),
(5, 'AS', 'American Samoa', 'American Samoa', 'ASM', '016', 'no', '1+684', '.as'),
(6, 'AD', 'Andorra', 'Principality of Andorra', 'AND', '020', 'yes', '376', '.ad'),
(7, 'AO', 'Angola', 'Republic of Angola', 'AGO', '024', 'yes', '244', '.ao'),
(8, 'AI', 'Anguilla', 'Anguilla', 'AIA', '660', 'no', '1+264', '.ai'),
(9, 'AQ', 'Antarctica', 'Antarctica', 'ATA', '010', 'no', '672', '.aq'),
(10, 'AG', 'Antigua and Barbuda', 'Antigua and Barbuda', 'ATG', '028', 'yes', '1+268', '.ag'),
(11, 'AR', 'Argentina', 'Argentine Republic', 'ARG', '032', 'yes', '54', '.ar'),
(12, 'AM', 'Armenia', 'Republic of Armenia', 'ARM', '051', 'yes', '374', '.am'),
(13, 'AW', 'Aruba', 'Aruba', 'ABW', '533', 'no', '297', '.aw'),
(14, 'AU', 'Australia', 'Commonwealth of Australia', 'AUS', '036', 'yes', '61', '.au'),
(15, 'AT', 'Austria', 'Republic of Austria', 'AUT', '040', 'yes', '43', '.at'),
(16, 'AZ', 'Azerbaijan', 'Republic of Azerbaijan', 'AZE', '031', 'yes', '994', '.az'),
(17, 'BS', 'Bahamas', 'Commonwealth of The Bahamas', 'BHS', '044', 'yes', '1+242', '.bs'),
(18, 'BH', 'Bahrain', 'Kingdom of Bahrain', 'BHR', '048', 'yes', '973', '.bh'),
(19, 'BD', 'Bangladesh', 'People\'s Republic of Bangladesh', 'BGD', '050', 'yes', '880', '.bd'),
(20, 'BB', 'Barbados', 'Barbados', 'BRB', '052', 'yes', '1+246', '.bb'),
(21, 'BY', 'Belarus', 'Republic of Belarus', 'BLR', '112', 'yes', '375', '.by'),
(22, 'BE', 'Belgium', 'Kingdom of Belgium', 'BEL', '056', 'yes', '32', '.be'),
(23, 'BZ', 'Belize', 'Belize', 'BLZ', '084', 'yes', '501', '.bz'),
(24, 'BJ', 'Benin', 'Republic of Benin', 'BEN', '204', 'yes', '229', '.bj'),
(25, 'BM', 'Bermuda', 'Bermuda Islands', 'BMU', '060', 'no', '1+441', '.bm'),
(26, 'BT', 'Bhutan', 'Kingdom of Bhutan', 'BTN', '064', 'yes', '975', '.bt'),
(27, 'BO', 'Bolivia', 'Plurinational State of Bolivia', 'BOL', '068', 'yes', '591', '.bo'),
(28, 'BQ', 'Bonaire, Sint Eustatius and Saba', 'Bonaire, Sint Eustatius and Saba', 'BES', '535', 'no', '599', '.bq'),
(29, 'BA', 'Bosnia and Herzegovina', 'Bosnia and Herzegovina', 'BIH', '070', 'yes', '387', '.ba'),
(30, 'BW', 'Botswana', 'Republic of Botswana', 'BWA', '072', 'yes', '267', '.bw'),
(31, 'BV', 'Bouvet Island', 'Bouvet Island', 'BVT', '074', 'no', 'NONE', '.bv'),
(32, 'BR', 'Brazil', 'Federative Republic of Brazil', 'BRA', '076', 'yes', '55', '.br'),
(33, 'IO', 'British Indian Ocean Territory', 'British Indian Ocean Territory', 'IOT', '086', 'no', '246', '.io'),
(34, 'BN', 'Brunei', 'Brunei Darussalam', 'BRN', '096', 'yes', '673', '.bn'),
(35, 'BG', 'Bulgaria', 'Republic of Bulgaria', 'BGR', '100', 'yes', '359', '.bg'),
(36, 'BF', 'Burkina Faso', 'Burkina Faso', 'BFA', '854', 'yes', '226', '.bf'),
(37, 'BI', 'Burundi', 'Republic of Burundi', 'BDI', '108', 'yes', '257', '.bi'),
(38, 'KH', 'Cambodia', 'Kingdom of Cambodia', 'KHM', '116', 'yes', '855', '.kh'),
(39, 'CM', 'Cameroon', 'Republic of Cameroon', 'CMR', '120', 'yes', '237', '.cm'),
(40, 'CA', 'Canada', 'Canada', 'CAN', '124', 'yes', '1', '.ca'),
(41, 'CV', 'Cape Verde', 'Republic of Cape Verde', 'CPV', '132', 'yes', '238', '.cv'),
(42, 'KY', 'Cayman Islands', 'The Cayman Islands', 'CYM', '136', 'no', '1+345', '.ky'),
(43, 'CF', 'Central African Republic', 'Central African Republic', 'CAF', '140', 'yes', '236', '.cf'),
(44, 'TD', 'Chad', 'Republic of Chad', 'TCD', '148', 'yes', '235', '.td'),
(45, 'CL', 'Chile', 'Republic of Chile', 'CHL', '152', 'yes', '56', '.cl'),
(46, 'CN', 'China', 'People\'s Republic of China', 'CHN', '156', 'yes', '86', '.cn'),
(47, 'CX', 'Christmas Island', 'Christmas Island', 'CXR', '162', 'no', '61', '.cx'),
(48, 'CC', 'Cocos (Keeling) Islands', 'Cocos (Keeling) Islands', 'CCK', '166', 'no', '61', '.cc'),
(49, 'CO', 'Colombia', 'Republic of Colombia', 'COL', '170', 'yes', '57', '.co'),
(50, 'KM', 'Comoros', 'Union of the Comoros', 'COM', '174', 'yes', '269', '.km'),
(51, 'CG', 'Congo', 'Republic of the Congo', 'COG', '178', 'yes', '242', '.cg'),
(52, 'CK', 'Cook Islands', 'Cook Islands', 'COK', '184', 'some', '682', '.ck'),
(53, 'CR', 'Costa Rica', 'Republic of Costa Rica', 'CRI', '188', 'yes', '506', '.cr'),
(54, 'CI', 'Cote d\'ivoire (Ivory Coast)', 'Republic of C&ocirc;te D\'Ivoire (Ivory Coast)', 'CIV', '384', 'yes', '225', '.ci'),
(55, 'HR', 'Croatia', 'Republic of Croatia', 'HRV', '191', 'yes', '385', '.hr'),
(56, 'CU', 'Cuba', 'Republic of Cuba', 'CUB', '192', 'yes', '53', '.cu'),
(57, 'CW', 'Curacao', 'Cura&ccedil;ao', 'CUW', '531', 'no', '599', '.cw'),
(58, 'CY', 'Cyprus', 'Republic of Cyprus', 'CYP', '196', 'yes', '357', '.cy'),
(59, 'CZ', 'Czech Republic', 'Czech Republic', 'CZE', '203', 'yes', '420', '.cz'),
(60, 'CD', 'Democratic Republic of the Congo', 'Democratic Republic of the Congo', 'COD', '180', 'yes', '243', '.cd'),
(61, 'DK', 'Denmark', 'Kingdom of Denmark', 'DNK', '208', 'yes', '45', '.dk'),
(62, 'DJ', 'Djibouti', 'Republic of Djibouti', 'DJI', '262', 'yes', '253', '.dj'),
(63, 'DM', 'Dominica', 'Commonwealth of Dominica', 'DMA', '212', 'yes', '1+767', '.dm'),
(64, 'DO', 'Dominican Republic', 'Dominican Republic', 'DOM', '214', 'yes', '1+809, 8', '.do'),
(65, 'EC', 'Ecuador', 'Republic of Ecuador', 'ECU', '218', 'yes', '593', '.ec'),
(66, 'EG', 'Egypt', 'Arab Republic of Egypt', 'EGY', '818', 'yes', '20', '.eg'),
(67, 'SV', 'El Salvador', 'Republic of El Salvador', 'SLV', '222', 'yes', '503', '.sv'),
(68, 'GQ', 'Equatorial Guinea', 'Republic of Equatorial Guinea', 'GNQ', '226', 'yes', '240', '.gq'),
(69, 'ER', 'Eritrea', 'State of Eritrea', 'ERI', '232', 'yes', '291', '.er'),
(70, 'EE', 'Estonia', 'Republic of Estonia', 'EST', '233', 'yes', '372', '.ee'),
(71, 'ET', 'Ethiopia', 'Federal Democratic Republic of Ethiopia', 'ETH', '231', 'yes', '251', '.et'),
(72, 'FK', 'Falkland Islands (Malvinas)', 'The Falkland Islands (Malvinas)', 'FLK', '238', 'no', '500', '.fk'),
(73, 'FO', 'Faroe Islands', 'The Faroe Islands', 'FRO', '234', 'no', '298', '.fo'),
(74, 'FJ', 'Fiji', 'Republic of Fiji', 'FJI', '242', 'yes', '679', '.fj'),
(75, 'FI', 'Finland', 'Republic of Finland', 'FIN', '246', 'yes', '358', '.fi'),
(76, 'FR', 'France', 'French Republic', 'FRA', '250', 'yes', '33', '.fr'),
(77, 'GF', 'French Guiana', 'French Guiana', 'GUF', '254', 'no', '594', '.gf'),
(78, 'PF', 'French Polynesia', 'French Polynesia', 'PYF', '258', 'no', '689', '.pf'),
(79, 'TF', 'French Southern Territories', 'French Southern Territories', 'ATF', '260', 'no', NULL, '.tf'),
(80, 'GA', 'Gabon', 'Gabonese Republic', 'GAB', '266', 'yes', '241', '.ga'),
(81, 'GM', 'Gambia', 'Republic of The Gambia', 'GMB', '270', 'yes', '220', '.gm'),
(82, 'GE', 'Georgia', 'Georgia', 'GEO', '268', 'yes', '995', '.ge'),
(83, 'DE', 'Germany', 'Federal Republic of Germany', 'DEU', '276', 'yes', '49', '.de'),
(84, 'GH', 'Ghana', 'Republic of Ghana', 'GHA', '288', 'yes', '233', '.gh'),
(85, 'GI', 'Gibraltar', 'Gibraltar', 'GIB', '292', 'no', '350', '.gi'),
(86, 'GR', 'Greece', 'Hellenic Republic', 'GRC', '300', 'yes', '30', '.gr'),
(87, 'GL', 'Greenland', 'Greenland', 'GRL', '304', 'no', '299', '.gl'),
(88, 'GD', 'Grenada', 'Grenada', 'GRD', '308', 'yes', '1+473', '.gd'),
(89, 'GP', 'Guadaloupe', 'Guadeloupe', 'GLP', '312', 'no', '590', '.gp'),
(90, 'GU', 'Guam', 'Guam', 'GUM', '316', 'no', '1+671', '.gu'),
(91, 'GT', 'Guatemala', 'Republic of Guatemala', 'GTM', '320', 'yes', '502', '.gt'),
(92, 'GG', 'Guernsey', 'Guernsey', 'GGY', '831', 'no', '44', '.gg'),
(93, 'GN', 'Guinea', 'Republic of Guinea', 'GIN', '324', 'yes', '224', '.gn'),
(94, 'GW', 'Guinea-Bissau', 'Republic of Guinea-Bissau', 'GNB', '624', 'yes', '245', '.gw'),
(95, 'GY', 'Guyana', 'Co-operative Republic of Guyana', 'GUY', '328', 'yes', '592', '.gy'),
(96, 'HT', 'Haiti', 'Republic of Haiti', 'HTI', '332', 'yes', '509', '.ht'),
(97, 'HM', 'Heard Island and McDonald Islands', 'Heard Island and McDonald Islands', 'HMD', '334', 'no', 'NONE', '.hm'),
(98, 'HN', 'Honduras', 'Republic of Honduras', 'HND', '340', 'yes', '504', '.hn'),
(99, 'HK', 'Hong Kong', 'Hong Kong', 'HKG', '344', 'no', '852', '.hk'),
(100, 'HU', 'Hungary', 'Hungary', 'HUN', '348', 'yes', '36', '.hu'),
(101, 'IS', 'Iceland', 'Republic of Iceland', 'ISL', '352', 'yes', '354', '.is'),
(102, 'IN', 'India', 'Republic of India', 'IND', '356', 'yes', '91', '.in'),
(103, 'ID', 'Indonesia', 'Republic of Indonesia', 'IDN', '360', 'yes', '62', '.id'),
(104, 'IR', 'Iran', 'Islamic Republic of Iran', 'IRN', '364', 'yes', '98', '.ir'),
(105, 'IQ', 'Iraq', 'Republic of Iraq', 'IRQ', '368', 'yes', '964', '.iq'),
(106, 'IE', 'Ireland', 'Ireland', 'IRL', '372', 'yes', '353', '.ie'),
(107, 'IM', 'Isle of Man', 'Isle of Man', 'IMN', '833', 'no', '44', '.im'),
(108, 'IL', 'Israel', 'State of Israel', 'ISR', '376', 'yes', '972', '.il'),
(109, 'IT', 'Italy', 'Italian Republic', 'ITA', '380', 'yes', '39', '.jm'),
(110, 'JM', 'Jamaica', 'Jamaica', 'JAM', '388', 'yes', '1+876', '.jm'),
(111, 'JP', 'Japan', 'Japan', 'JPN', '392', 'yes', '81', '.jp'),
(112, 'JE', 'Jersey', 'The Bailiwick of Jersey', 'JEY', '832', 'no', '44', '.je'),
(113, 'JO', 'Jordan', 'Hashemite Kingdom of Jordan', 'JOR', '400', 'yes', '962', '.jo'),
(114, 'KZ', 'Kazakhstan', 'Republic of Kazakhstan', 'KAZ', '398', 'yes', '7', '.kz'),
(115, 'KE', 'Kenya', 'Republic of Kenya', 'KEN', '404', 'yes', '254', '.ke'),
(116, 'KI', 'Kiribati', 'Republic of Kiribati', 'KIR', '296', 'yes', '686', '.ki'),
(117, 'XK', 'Kosovo', 'Republic of Kosovo', '---', '---', 'some', '381', ''),
(118, 'KW', 'Kuwait', 'State of Kuwait', 'KWT', '414', 'yes', '965', '.kw'),
(119, 'KG', 'Kyrgyzstan', 'Kyrgyz Republic', 'KGZ', '417', 'yes', '996', '.kg'),
(120, 'LA', 'Laos', 'Lao People\'s Democratic Republic', 'LAO', '418', 'yes', '856', '.la'),
(121, 'LV', 'Latvia', 'Republic of Latvia', 'LVA', '428', 'yes', '371', '.lv'),
(122, 'LB', 'Lebanon', 'Republic of Lebanon', 'LBN', '422', 'yes', '961', '.lb'),
(123, 'LS', 'Lesotho', 'Kingdom of Lesotho', 'LSO', '426', 'yes', '266', '.ls'),
(124, 'LR', 'Liberia', 'Republic of Liberia', 'LBR', '430', 'yes', '231', '.lr'),
(125, 'LY', 'Libya', 'Libya', 'LBY', '434', 'yes', '218', '.ly'),
(126, 'LI', 'Liechtenstein', 'Principality of Liechtenstein', 'LIE', '438', 'yes', '423', '.li'),
(127, 'LT', 'Lithuania', 'Republic of Lithuania', 'LTU', '440', 'yes', '370', '.lt'),
(128, 'LU', 'Luxembourg', 'Grand Duchy of Luxembourg', 'LUX', '442', 'yes', '352', '.lu'),
(129, 'MO', 'Macao', 'The Macao Special Administrative Region', 'MAC', '446', 'no', '853', '.mo'),
(130, 'MK', 'Macedonia', 'The Former Yugoslav Republic of Macedonia', 'MKD', '807', 'yes', '389', '.mk'),
(131, 'MG', 'Madagascar', 'Republic of Madagascar', 'MDG', '450', 'yes', '261', '.mg'),
(132, 'MW', 'Malawi', 'Republic of Malawi', 'MWI', '454', 'yes', '265', '.mw'),
(133, 'MY', 'Malaysia', 'Malaysia', 'MYS', '458', 'yes', '60', '.my'),
(134, 'MV', 'Maldives', 'Republic of Maldives', 'MDV', '462', 'yes', '960', '.mv'),
(135, 'ML', 'Mali', 'Republic of Mali', 'MLI', '466', 'yes', '223', '.ml'),
(136, 'MT', 'Malta', 'Republic of Malta', 'MLT', '470', 'yes', '356', '.mt'),
(137, 'MH', 'Marshall Islands', 'Republic of the Marshall Islands', 'MHL', '584', 'yes', '692', '.mh'),
(138, 'MQ', 'Martinique', 'Martinique', 'MTQ', '474', 'no', '596', '.mq'),
(139, 'MR', 'Mauritania', 'Islamic Republic of Mauritania', 'MRT', '478', 'yes', '222', '.mr'),
(140, 'MU', 'Mauritius', 'Republic of Mauritius', 'MUS', '480', 'yes', '230', '.mu'),
(141, 'YT', 'Mayotte', 'Mayotte', 'MYT', '175', 'no', '262', '.yt'),
(142, 'MX', 'Mexico', 'United Mexican States', 'MEX', '484', 'yes', '52', '.mx'),
(143, 'FM', 'Micronesia', 'Federated States of Micronesia', 'FSM', '583', 'yes', '691', '.fm'),
(144, 'MD', 'Moldava', 'Republic of Moldova', 'MDA', '498', 'yes', '373', '.md'),
(145, 'MC', 'Monaco', 'Principality of Monaco', 'MCO', '492', 'yes', '377', '.mc'),
(146, 'MN', 'Mongolia', 'Mongolia', 'MNG', '496', 'yes', '976', '.mn'),
(147, 'ME', 'Montenegro', 'Montenegro', 'MNE', '499', 'yes', '382', '.me'),
(148, 'MS', 'Montserrat', 'Montserrat', 'MSR', '500', 'no', '1+664', '.ms'),
(149, 'MA', 'Morocco', 'Kingdom of Morocco', 'MAR', '504', 'yes', '212', '.ma'),
(150, 'MZ', 'Mozambique', 'Republic of Mozambique', 'MOZ', '508', 'yes', '258', '.mz'),
(151, 'MM', 'Myanmar (Burma)', 'Republic of the Union of Myanmar', 'MMR', '104', 'yes', '95', '.mm'),
(152, 'NA', 'Namibia', 'Republic of Namibia', 'NAM', '516', 'yes', '264', '.na'),
(153, 'NR', 'Nauru', 'Republic of Nauru', 'NRU', '520', 'yes', '674', '.nr'),
(154, 'NP', 'Nepal', 'Federal Democratic Republic of Nepal', 'NPL', '524', 'yes', '977', '.np'),
(155, 'NL', 'Netherlands', 'Kingdom of the Netherlands', 'NLD', '528', 'yes', '31', '.nl'),
(156, 'NC', 'New Caledonia', 'New Caledonia', 'NCL', '540', 'no', '687', '.nc'),
(157, 'NZ', 'New Zealand', 'New Zealand', 'NZL', '554', 'yes', '64', '.nz'),
(158, 'NI', 'Nicaragua', 'Republic of Nicaragua', 'NIC', '558', 'yes', '505', '.ni'),
(159, 'NE', 'Niger', 'Republic of Niger', 'NER', '562', 'yes', '227', '.ne'),
(160, 'NG', 'Nigeria', 'Federal Republic of Nigeria', 'NGA', '566', 'yes', '234', '.ng'),
(161, 'NU', 'Niue', 'Niue', 'NIU', '570', 'some', '683', '.nu'),
(162, 'NF', 'Norfolk Island', 'Norfolk Island', 'NFK', '574', 'no', '672', '.nf'),
(163, 'KP', 'North Korea', 'Democratic People\'s Republic of Korea', 'PRK', '408', 'yes', '850', '.kp'),
(164, 'MP', 'Northern Mariana Islands', 'Northern Mariana Islands', 'MNP', '580', 'no', '1+670', '.mp'),
(165, 'NO', 'Norway', 'Kingdom of Norway', 'NOR', '578', 'yes', '47', '.no'),
(166, 'OM', 'Oman', 'Sultanate of Oman', 'OMN', '512', 'yes', '968', '.om'),
(167, 'PK', 'Pakistan', 'Islamic Republic of Pakistan', 'PAK', '586', 'yes', '92', '.pk'),
(168, 'PW', 'Palau', 'Republic of Palau', 'PLW', '585', 'yes', '680', '.pw'),
(169, 'PS', 'Palestine', 'State of Palestine (or Occupied Palestinian Territory)', 'PSE', '275', 'some', '970', '.ps'),
(170, 'PA', 'Panama', 'Republic of Panama', 'PAN', '591', 'yes', '507', '.pa'),
(171, 'PG', 'Papua New Guinea', 'Independent State of Papua New Guinea', 'PNG', '598', 'yes', '675', '.pg'),
(172, 'PY', 'Paraguay', 'Republic of Paraguay', 'PRY', '600', 'yes', '595', '.py'),
(173, 'PE', 'Peru', 'Republic of Peru', 'PER', '604', 'yes', '51', '.pe'),
(174, 'PH', 'Phillipines', 'Republic of the Philippines', 'PHL', '608', 'yes', '63', '.ph'),
(175, 'PN', 'Pitcairn', 'Pitcairn', 'PCN', '612', 'no', 'NONE', '.pn'),
(176, 'PL', 'Poland', 'Republic of Poland', 'POL', '616', 'yes', '48', '.pl'),
(177, 'PT', 'Portugal', 'Portuguese Republic', 'PRT', '620', 'yes', '351', '.pt'),
(178, 'PR', 'Puerto Rico', 'Commonwealth of Puerto Rico', 'PRI', '630', 'no', '1+939', '.pr'),
(179, 'QA', 'Qatar', 'State of Qatar', 'QAT', '634', 'yes', '974', '.qa'),
(180, 'RE', 'Reunion', 'R&eacute;union', 'REU', '638', 'no', '262', '.re'),
(181, 'RO', 'Romania', 'Romania', 'ROU', '642', 'yes', '40', '.ro'),
(182, 'RU', 'Russia', 'Russian Federation', 'RUS', '643', 'yes', '7', '.ru'),
(183, 'RW', 'Rwanda', 'Republic of Rwanda', 'RWA', '646', 'yes', '250', '.rw'),
(184, 'BL', 'Saint Barthelemy', 'Saint Barth&eacute;lemy', 'BLM', '652', 'no', '590', '.bl'),
(185, 'SH', 'Saint Helena', 'Saint Helena, Ascension and Tristan da Cunha', 'SHN', '654', 'no', '290', '.sh'),
(186, 'KN', 'Saint Kitts and Nevis', 'Federation of Saint Christopher and Nevis', 'KNA', '659', 'yes', '1+869', '.kn'),
(187, 'LC', 'Saint Lucia', 'Saint Lucia', 'LCA', '662', 'yes', '1+758', '.lc'),
(188, 'MF', 'Saint Martin', 'Saint Martin', 'MAF', '663', 'no', '590', '.mf'),
(189, 'PM', 'Saint Pierre and Miquelon', 'Saint Pierre and Miquelon', 'SPM', '666', 'no', '508', '.pm'),
(190, 'VC', 'Saint Vincent and the Grenadines', 'Saint Vincent and the Grenadines', 'VCT', '670', 'yes', '1+784', '.vc'),
(191, 'WS', 'Samoa', 'Independent State of Samoa', 'WSM', '882', 'yes', '685', '.ws'),
(192, 'SM', 'San Marino', 'Republic of San Marino', 'SMR', '674', 'yes', '378', '.sm'),
(193, 'ST', 'Sao Tome and Principe', 'Democratic Republic of S&atilde;o Tom&eacute; and Pr&iacute;ncipe', 'STP', '678', 'yes', '239', '.st'),
(194, 'SA', 'Saudi Arabia', 'Kingdom of Saudi Arabia', 'SAU', '682', 'yes', '966', '.sa'),
(195, 'SN', 'Senegal', 'Republic of Senegal', 'SEN', '686', 'yes', '221', '.sn'),
(196, 'RS', 'Serbia', 'Republic of Serbia', 'SRB', '688', 'yes', '381', '.rs'),
(197, 'SC', 'Seychelles', 'Republic of Seychelles', 'SYC', '690', 'yes', '248', '.sc'),
(198, 'SL', 'Sierra Leone', 'Republic of Sierra Leone', 'SLE', '694', 'yes', '232', '.sl'),
(199, 'SG', 'Singapore', 'Republic of Singapore', 'SGP', '702', 'yes', '65', '.sg'),
(200, 'SX', 'Sint Maarten', 'Sint Maarten', 'SXM', '534', 'no', '1+721', '.sx'),
(201, 'SK', 'Slovakia', 'Slovak Republic', 'SVK', '703', 'yes', '421', '.sk'),
(202, 'SI', 'Slovenia', 'Republic of Slovenia', 'SVN', '705', 'yes', '386', '.si'),
(203, 'SB', 'Solomon Islands', 'Solomon Islands', 'SLB', '090', 'yes', '677', '.sb'),
(204, 'SO', 'Somalia', 'Somali Republic', 'SOM', '706', 'yes', '252', '.so'),
(205, 'ZA', 'South Africa', 'Republic of South Africa', 'ZAF', '710', 'yes', '27', '.za'),
(206, 'GS', 'South Georgia and the South Sandwich Islands', 'South Georgia and the South Sandwich Islands', 'SGS', '239', 'no', '500', '.gs'),
(207, 'KR', 'South Korea', 'Republic of Korea', 'KOR', '410', 'yes', '82', '.kr'),
(208, 'SS', 'South Sudan', 'Republic of South Sudan', 'SSD', '728', 'yes', '211', '.ss'),
(209, 'ES', 'Spain', 'Kingdom of Spain', 'ESP', '724', 'yes', '34', '.es'),
(210, 'LK', 'Sri Lanka', 'Democratic Socialist Republic of Sri Lanka', 'LKA', '144', 'yes', '94', '.lk'),
(211, 'SD', 'Sudan', 'Republic of the Sudan', 'SDN', '729', 'yes', '249', '.sd'),
(212, 'SR', 'Suriname', 'Republic of Suriname', 'SUR', '740', 'yes', '597', '.sr'),
(213, 'SJ', 'Svalbard and Jan Mayen', 'Svalbard and Jan Mayen', 'SJM', '744', 'no', '47', '.sj'),
(214, 'SZ', 'Swaziland', 'Kingdom of Swaziland', 'SWZ', '748', 'yes', '268', '.sz'),
(215, 'SE', 'Sweden', 'Kingdom of Sweden', 'SWE', '752', 'yes', '46', '.se'),
(216, 'CH', 'Switzerland', 'Swiss Confederation', 'CHE', '756', 'yes', '41', '.ch'),
(217, 'SY', 'Syria', 'Syrian Arab Republic', 'SYR', '760', 'yes', '963', '.sy'),
(218, 'TW', 'Taiwan', 'Republic of China (Taiwan)', 'TWN', '158', 'former', '886', '.tw'),
(219, 'TJ', 'Tajikistan', 'Republic of Tajikistan', 'TJK', '762', 'yes', '992', '.tj'),
(220, 'TZ', 'Tanzania', 'United Republic of Tanzania', 'TZA', '834', 'yes', '255', '.tz'),
(221, 'TH', 'Thailand', 'Kingdom of Thailand', 'THA', '764', 'yes', '66', '.th'),
(222, 'TL', 'Timor-Leste (East Timor)', 'Democratic Republic of Timor-Leste', 'TLS', '626', 'yes', '670', '.tl'),
(223, 'TG', 'Togo', 'Togolese Republic', 'TGO', '768', 'yes', '228', '.tg'),
(224, 'TK', 'Tokelau', 'Tokelau', 'TKL', '772', 'no', '690', '.tk'),
(225, 'TO', 'Tonga', 'Kingdom of Tonga', 'TON', '776', 'yes', '676', '.to'),
(226, 'TT', 'Trinidad and Tobago', 'Republic of Trinidad and Tobago', 'TTO', '780', 'yes', '1+868', '.tt'),
(227, 'TN', 'Tunisia', 'Republic of Tunisia', 'TUN', '788', 'yes', '216', '.tn'),
(228, 'TR', 'Turkey', 'Republic of Turkey', 'TUR', '792', 'yes', '90', '.tr'),
(229, 'TM', 'Turkmenistan', 'Turkmenistan', 'TKM', '795', 'yes', '993', '.tm'),
(230, 'TC', 'Turks and Caicos Islands', 'Turks and Caicos Islands', 'TCA', '796', 'no', '1+649', '.tc'),
(231, 'TV', 'Tuvalu', 'Tuvalu', 'TUV', '798', 'yes', '688', '.tv'),
(232, 'UG', 'Uganda', 'Republic of Uganda', 'UGA', '800', 'yes', '256', '.ug'),
(233, 'UA', 'Ukraine', 'Ukraine', 'UKR', '804', 'yes', '380', '.ua'),
(234, 'AE', 'United Arab Emirates', 'United Arab Emirates', 'ARE', '784', 'yes', '971', '.ae'),
(235, 'GB', 'United Kingdom', 'United Kingdom of Great Britain and Nothern Ireland', 'GBR', '826', 'yes', '44', '.uk'),
(236, 'US', 'United States', 'United States of America', 'USA', '840', 'yes', '1', '.us'),
(237, 'UM', 'United States Minor Outlying Islands', 'United States Minor Outlying Islands', 'UMI', '581', 'no', 'NONE', 'NONE'),
(238, 'UY', 'Uruguay', 'Eastern Republic of Uruguay', 'URY', '858', 'yes', '598', '.uy'),
(239, 'UZ', 'Uzbekistan', 'Republic of Uzbekistan', 'UZB', '860', 'yes', '998', '.uz'),
(240, 'VU', 'Vanuatu', 'Republic of Vanuatu', 'VUT', '548', 'yes', '678', '.vu'),
(241, 'VA', 'Vatican City', 'State of the Vatican City', 'VAT', '336', 'no', '39', '.va'),
(242, 'VE', 'Venezuela', 'Bolivarian Republic of Venezuela', 'VEN', '862', 'yes', '58', '.ve'),
(243, 'VN', 'Vietnam', 'Socialist Republic of Vietnam', 'VNM', '704', 'yes', '84', '.vn'),
(244, 'VG', 'Virgin Islands, British', 'British Virgin Islands', 'VGB', '092', 'no', '1+284', '.vg'),
(245, 'VI', 'Virgin Islands, US', 'Virgin Islands of the United States', 'VIR', '850', 'no', '1+340', '.vi'),
(246, 'WF', 'Wallis and Futuna', 'Wallis and Futuna', 'WLF', '876', 'no', '681', '.wf'),
(247, 'EH', 'Western Sahara', 'Western Sahara', 'ESH', '732', 'no', '212', '.eh'),
(248, 'YE', 'Yemen', 'Republic of Yemen', 'YEM', '887', 'yes', '967', '.ye'),
(249, 'ZM', 'Zambia', 'Republic of Zambia', 'ZMB', '894', 'yes', '260', '.zm'),
(250, 'ZW', 'Zimbabwe', 'Republic of Zimbabwe', 'ZWE', '716', 'yes', '263', '.zw');

-- --------------------------------------------------------

--
-- Cấu trúc bảng cho bảng `tblcurrencies`
--

CREATE TABLE `tblcurrencies` (
  `id` int(11) NOT NULL,
  `symbol` varchar(10) NOT NULL,
  `name` varchar(100) NOT NULL,
  `isdefault` tinyint(1) NOT NULL DEFAULT '0'
) ENGINE=MyISAM DEFAULT CHARSET=utf8;

--
-- Đang đổ dữ liệu cho bảng `tblcurrencies`
--

INSERT INTO `tblcurrencies` (`id`, `symbol`, `name`, `isdefault`) VALUES
(1, '$', 'USD', 1),
(2, '€', 'EUR', 0);

-- --------------------------------------------------------

--
-- Cấu trúc bảng cho bảng `tblcustomeradmins`
--

CREATE TABLE `tblcustomeradmins` (
  `staff_id` int(11) NOT NULL,
  `customer_id` int(11) NOT NULL,
  `date_assigned` text NOT NULL
) ENGINE=MyISAM DEFAULT CHARSET=utf8;

--
-- Đang đổ dữ liệu cho bảng `tblcustomeradmins`
--

INSERT INTO `tblcustomeradmins` (`staff_id`, `customer_id`, `date_assigned`) VALUES
(2, 1, '2017-07-14 17:40:02'),
(3, 11, '2017-07-14 18:24:35'),
(4, 11, '2017-07-14 18:25:04');

-- --------------------------------------------------------

--
-- Cấu trúc bảng cho bảng `tblcustomerfiles_shares`
--

CREATE TABLE `tblcustomerfiles_shares` (
  `file_id` int(11) NOT NULL,
  `contact_id` int(11) NOT NULL
) ENGINE=MyISAM DEFAULT CHARSET=utf8;

--
-- Đang đổ dữ liệu cho bảng `tblcustomerfiles_shares`
--

INSERT INTO `tblcustomerfiles_shares` (`file_id`, `contact_id`) VALUES
(0, 2);

-- --------------------------------------------------------

--
-- Cấu trúc bảng cho bảng `tblcustomergroups_in`
--

CREATE TABLE `tblcustomergroups_in` (
  `id` int(11) NOT NULL,
  `groupid` int(11) NOT NULL,
  `customer_id` int(11) NOT NULL
) ENGINE=MyISAM DEFAULT CHARSET=utf8;

--
-- Đang đổ dữ liệu cho bảng `tblcustomergroups_in`
--

INSERT INTO `tblcustomergroups_in` (`id`, `groupid`, `customer_id`) VALUES
(1, 1, 11);

-- --------------------------------------------------------

--
-- Cấu trúc bảng cho bảng `tblcustomersgroups`
--

CREATE TABLE `tblcustomersgroups` (
  `id` int(11) NOT NULL,
  `name` varchar(600) NOT NULL
) ENGINE=MyISAM DEFAULT CHARSET=utf8;

--
-- Đang đổ dữ liệu cho bảng `tblcustomersgroups`
--

INSERT INTO `tblcustomersgroups` (`id`, `name`) VALUES
(1, 'Khách hàng');

-- --------------------------------------------------------

--
-- Cấu trúc bảng cho bảng `tblcustomfields`
--

CREATE TABLE `tblcustomfields` (
  `id` int(11) NOT NULL,
  `fieldto` varchar(50) NOT NULL,
  `name` varchar(150) NOT NULL,
  `slug` varchar(150) NOT NULL,
  `required` tinyint(1) NOT NULL DEFAULT '0',
  `type` varchar(20) NOT NULL,
  `options` mediumtext,
  `field_order` int(11) DEFAULT '0',
  `active` int(11) NOT NULL DEFAULT '1',
  `show_on_pdf` int(11) NOT NULL DEFAULT '0',
  `only_admin` tinyint(1) NOT NULL DEFAULT '0',
  `show_on_table` tinyint(1) NOT NULL DEFAULT '0',
  `show_on_client_portal` int(11) NOT NULL DEFAULT '0',
  `disalow_client_to_edit` int(11) NOT NULL DEFAULT '0',
  `bs_column` int(11) NOT NULL DEFAULT '12'
) ENGINE=MyISAM DEFAULT CHARSET=utf8;

--
-- Đang đổ dữ liệu cho bảng `tblcustomfields`
--

INSERT INTO `tblcustomfields` (`id`, `fieldto`, `name`, `slug`, `required`, `type`, `options`, `field_order`, `active`, `show_on_pdf`, `only_admin`, `show_on_table`, `show_on_client_portal`, `disalow_client_to_edit`, `bs_column`) VALUES
(1, 'leads', 'test', 'leads_test', 0, 'input', '', 1, 1, 0, 0, 1, 0, 0, 12),
(2, 'customers', 'Tình trạng doanh nghiệp', 'customers_tinh_trạng_doanh_nghiệp', 0, 'select', '\"Hoạt động bình thường\"; \"Rủi ro cao về Thuế\"; \"Tạm ngưng hoạt động\"; \"Khóa MST\"; \"Khó khăn về tài chính\"; \"Bỏ trốn\",c', 0, 1, 0, 0, 0, 0, 0, 12);

-- --------------------------------------------------------

--
-- Cấu trúc bảng cho bảng `tblcustomfieldsvalues`
--

CREATE TABLE `tblcustomfieldsvalues` (
  `id` int(11) NOT NULL,
  `relid` int(11) NOT NULL,
  `fieldid` int(11) NOT NULL,
  `fieldto` varchar(50) NOT NULL,
  `value` text NOT NULL
) ENGINE=MyISAM DEFAULT CHARSET=utf8;

-- --------------------------------------------------------

--
-- Cấu trúc bảng cho bảng `tbldepartments`
--

CREATE TABLE `tbldepartments` (
  `departmentid` int(11) NOT NULL,
  `name` varchar(100) NOT NULL,
  `imap_username` varchar(50) DEFAULT NULL,
  `email` varchar(100) DEFAULT NULL,
  `host` varchar(150) DEFAULT NULL,
  `password` mediumtext,
  `encryption` varchar(3) DEFAULT NULL,
  `delete_after_import` int(11) NOT NULL DEFAULT '0',
  `calendar_id` mediumtext,
  `hidefromclient` tinyint(1) NOT NULL DEFAULT '0'
) ENGINE=MyISAM DEFAULT CHARSET=utf8;

--
-- Đang đổ dữ liệu cho bảng `tbldepartments`
--

INSERT INTO `tbldepartments` (`departmentid`, `name`, `imap_username`, `email`, `host`, `password`, `encryption`, `delete_after_import`, `calendar_id`, `hidefromclient`) VALUES
(1, 'sales', '', 'sales@gmail.com', 'camtu@fososoft.com', '04e4cc76e501a33a18557e8e23663fc345e38a7b8657d8cbb766a285c9c542a2225eb249fd7dd45aa7c00fda3232a7881961ae7631b48f4f3b51f1ef9ef9ddddEejNfbQymoBZb9ueAJAKT8pE5y8iYZshYazdy4bAnKWuXS0uq7PRx5zwiNp2Ud+f', '', 0, '', 0);

-- --------------------------------------------------------

--
-- Cấu trúc bảng cho bảng `tbldismissedannouncements`
--

CREATE TABLE `tbldismissedannouncements` (
  `dismissedannouncementid` int(11) NOT NULL,
  `announcementid` int(11) NOT NULL,
  `staff` int(11) NOT NULL,
  `userid` int(11) NOT NULL
) ENGINE=MyISAM DEFAULT CHARSET=utf8;

-- --------------------------------------------------------

--
-- Cấu trúc bảng cho bảng `tbldoor_direction`
--

CREATE TABLE `tbldoor_direction` (
  `id` int(11) NOT NULL,
  `name` varchar(250) CHARACTER SET utf8 COLLATE utf8_unicode_ci DEFAULT NULL,
  `type` int(11) NOT NULL COMMENT '0= hướng cửa,1= nội thất'
) ENGINE=InnoDB DEFAULT CHARSET=latin1;

--
-- Đang đổ dữ liệu cho bảng `tbldoor_direction`
--

INSERT INTO `tbldoor_direction` (`id`, `name`, `type`) VALUES
(1, 'HN', 0),
(2, 'Hướng bắc', 0),
(4, 'loại DD Full Phần', 1),
(5, 'loại 1 phần', 1),
(6, 'Hướng Tây', 0);

-- --------------------------------------------------------

--
-- Cấu trúc bảng cho bảng `tblemaillists`
--

CREATE TABLE `tblemaillists` (
  `listid` int(11) NOT NULL,
  `name` mediumtext NOT NULL,
  `creator` varchar(100) NOT NULL,
  `datecreated` datetime NOT NULL
) ENGINE=MyISAM DEFAULT CHARSET=utf8;

-- --------------------------------------------------------

--
-- Cấu trúc bảng cho bảng `tblemailtemplates`
--

CREATE TABLE `tblemailtemplates` (
  `emailtemplateid` int(11) NOT NULL,
  `type` mediumtext NOT NULL,
  `slug` varchar(100) NOT NULL,
  `language` varchar(40) DEFAULT NULL,
  `name` mediumtext NOT NULL,
  `subject` mediumtext NOT NULL,
  `message` text NOT NULL,
  `fromname` mediumtext NOT NULL,
  `fromemail` varchar(100) DEFAULT NULL,
  `plaintext` int(11) NOT NULL DEFAULT '0',
  `active` tinyint(4) NOT NULL DEFAULT '0',
  `order` int(11) NOT NULL
) ENGINE=MyISAM DEFAULT CHARSET=utf8;

--
-- Đang đổ dữ liệu cho bảng `tblemailtemplates`
--

INSERT INTO `tblemailtemplates` (`emailtemplateid`, `type`, `slug`, `language`, `name`, `subject`, `message`, `fromname`, `fromemail`, `plaintext`, `active`, `order`) VALUES
(1, 'client', 'new-client-created', 'english', 'New Contact Added/Registered (Welcome Email)', 'Welcome aboard', '<div><span style=\"font-family: arial, helvetica, sans-serif; font-size: 12pt;\">Dear {contact_firstname}&nbsp;{contact_lastname}</span></div>\r\n<div><span style=\"font-family: arial, helvetica, sans-serif; font-size: 12pt;\"><br /></span><span style=\"font-family: arial, helvetica, sans-serif; font-size: 12pt;\">Thank you for registering on the {companyname} CRM System.</span></div>\r\n<div><span style=\"font-family: arial, helvetica, sans-serif; font-size: 12pt;\">&nbsp;</span></div>\r\n<div><span style=\"font-family: arial, helvetica, sans-serif; font-size: 12pt;\">We just wanted to say welcome.</span></div>\r\n<div><span style=\"font-family: arial, helvetica, sans-serif; font-size: 12pt;\">&nbsp;</span></div>\r\n<div><span style=\"font-family: arial, helvetica, sans-serif; font-size: 12pt;\">Please contact us if you need any help.</span></div>\r\n<div><span style=\"font-family: arial, helvetica, sans-serif; font-size: 12pt;\">&nbsp;</span></div>\r\n<div><span style=\"font-family: arial, helvetica, sans-serif; font-size: 12pt;\">Click here to view your profile: <a href=\"{crm_url}\">{crm_url}</a></span></div>\r\n<div><span style=\"font-family: arial, helvetica, sans-serif; font-size: 12pt;\">&nbsp;</span></div>\r\n<div><span style=\"font-family: arial, helvetica, sans-serif; font-size: 12pt;\">Kind regards,</span></div>\r\n<div><span style=\"font-family: arial, helvetica, sans-serif; font-size: 12pt;\">&nbsp;</span></div>\r\n<div><span style=\"font-family: arial, helvetica, sans-serif; font-size: 12pt;\">{email_signature}</span></div>\r\n<div><span style=\"font-family: arial, helvetica, sans-serif; font-size: 12pt;\">&nbsp;</span></div>\r\n<div><span style=\"font-family: arial, helvetica, sans-serif; font-size: 12pt;\">(This is an automated email, so please don\'t reply to this email address)</span></div>\r\n<div><span style=\"font-family: arial, helvetica, sans-serif; font-size: 12pt;\">&nbsp;</span></div>', '{companyname} | CRM', '', 0, 1, 0),
(2, 'invoice', 'invoice-send-to-client', 'english', 'Send Invoice to Customer', 'Invoice with number {invoice_number} created', '<div><span style=\"font-family: arial, helvetica, sans-serif; font-size: 12pt;\">Dear {contact_firstname}&nbsp;{contact_lastname}</span></div>\r\n<div><span style=\"font-family: arial, helvetica, sans-serif; font-size: 12pt;\">&nbsp;</span></div>\r\n<div><span style=\"font-family: arial, helvetica, sans-serif; font-size: 12pt;\">We have prepared the following invoice for you: #&nbsp;{invoice_number}</span></div>\r\n<div><span style=\"font-family: arial, helvetica, sans-serif; font-size: 12pt;\">&nbsp;</span></div>\r\n<div><span style=\"font-family: arial, helvetica, sans-serif; font-size: 12pt;\">Invoice status:&nbsp;<strong style=\"font-family: Helvetica, Arial, sans-serif;\">{invoice_status}</strong></span></div>\r\n<div><span style=\"font-family: arial, helvetica, sans-serif; font-size: 12pt;\">&nbsp;</span>&nbsp;</div>\r\n<div>\r\n<div><span style=\"font-family: arial, helvetica, sans-serif; font-size: 12pt;\">You can view the invoice on the following link: <a href=\"{invoice_link}\">{invoice_number}</a></span></div>\r\n</div>\r\n<div><span style=\"font-family: arial, helvetica, sans-serif; font-size: 12pt;\">&nbsp;</span></div>\r\n<div><span style=\"font-family: arial, helvetica, sans-serif; font-size: 12pt;\">Please contact us for more information.</span></div>\r\n<div><span style=\"font-family: arial, helvetica, sans-serif; font-size: 12pt;\">&nbsp;</span></div>\r\n<div><span style=\"font-family: arial, helvetica, sans-serif; font-size: 12pt;\">Kind regards,</span></div>\r\n<div><span style=\"font-family: arial, helvetica, sans-serif; font-size: 12pt;\">&nbsp;</span></div>\r\n<div><span style=\"font-family: arial, helvetica, sans-serif; font-size: 12pt;\">{email_signature}</span></div>', '{companyname} | CRM', '', 0, 1, 0),
(3, 'ticket', 'new-ticket-opened-admin', 'english', 'New Ticket Opened (Opened by Staff, Sent to Customer)', 'New Support Ticket Opened', '<div><span style=\"color: #000000; font-family: arial, helvetica, sans-serif; font-size: 12pt;\">Hi&nbsp;{contact_firstname} {contact_lastname}</span></div>\r\n<div><span style=\"color: #000000; font-family: arial, helvetica, sans-serif; font-size: 12pt;\">&nbsp;</span></div>\r\n<div><span style=\"color: #000000; font-family: arial, helvetica, sans-serif; font-size: 12pt;\">New support ticket has been opened.</span></div>\r\n<div><span style=\"color: #000000; font-family: arial, helvetica, sans-serif; font-size: 12pt;\">&nbsp;</span></div>\r\n<div><span style=\"color: #000000; font-family: arial, helvetica, sans-serif; font-size: 12pt;\">Subject: <span style=\"background-color: inherit;\">{ticket_subject}</span></span></div>\r\n<div><span style=\"font-family: arial, helvetica, sans-serif; color: #000000; font-size: 12pt; background-color: inherit;\">Department: {ticket_department}</span></div>\r\n<div><span style=\"color: #000000; font-family: arial, helvetica, sans-serif; font-size: 12pt;\">Priority: <span style=\"background-color: inherit;\">{ticket_priority}</span></span></div>\r\n<div><span style=\"color: #000000; font-family: arial, helvetica, sans-serif; font-size: 12pt;\">&nbsp;</span></div>\r\n<div><span style=\"color: #000000; font-family: arial, helvetica, sans-serif; font-size: 12pt; background-color: inherit;\">Ticket message:</span></div>\r\n<div><span style=\"font-family: arial, helvetica, sans-serif; color: #000000; font-size: 12pt; background-color: inherit;\">{ticket_message}<br /><br />You can view the ticket on the following link:&nbsp;<a href=\"{ticket_url}\">#{ticket_id}</a><br /></span></div>\r\n<div>&nbsp;</div>\r\n<div><span style=\"color: #000000; font-family: arial, helvetica, sans-serif; font-size: 12pt;\">{email_signature}</span></div>', '{companyname} | CRM', '', 0, 1, 0),
(4, 'ticket', 'ticket-reply', 'english', 'Ticket Reply (Sent to Customer)', 'New Ticket Reply', '<div><span style=\"font-family: arial, helvetica, sans-serif; font-size: 12pt;\">Hi&nbsp;<span style=\"background-color: inherit;\">{contact_firstname} </span>{contact_lastname}</span></div>\r\n<div><span style=\"font-family: arial, helvetica, sans-serif; font-size: 12pt;\">&nbsp;</span></div>\r\n<div><span style=\"font-family: arial, helvetica, sans-serif; font-size: 12pt;\">You have a new ticket reply to ticket #{ticket_id}</span></div>\r\n<div><span style=\"font-family: arial, helvetica, sans-serif; font-size: 12pt;\">&nbsp;</span></div>\r\n<div><span style=\"font-family: arial, helvetica, sans-serif; font-size: 12pt;\">Subject: <span style=\"background-color: inherit;\">{ticket_subject}</span></span></div>\r\n<div><span style=\"font-family: arial, helvetica, sans-serif; font-size: 12pt; background-color: inherit;\">Department: {ticket_department}</span></div>\r\n<div><span style=\"font-family: arial, helvetica, sans-serif; font-size: 12pt;\">Priority: <span style=\"background-color: inherit;\">{ticket_priority}</span></span></div>\r\n<div><span style=\"font-family: arial, helvetica, sans-serif; font-size: 12pt;\">&nbsp;</span></div>\r\n<div><span style=\"font-family: arial, helvetica, sans-serif; font-size: 12pt; background-color: inherit;\">Ticket message:</span></div>\r\n<div><span style=\"font-family: arial, helvetica, sans-serif; font-size: 12pt; background-color: inherit;\">{ticket_message}<br /><br />You can view the ticket on the following link:&nbsp;<a href=\"{ticket_url}\">#{ticket_id}</a><br /></span></div>\r\n<div><span style=\"font-family: arial, helvetica, sans-serif; font-size: 12pt;\">&nbsp;</span></div>\r\n<div><span style=\"font-family: arial, helvetica, sans-serif; font-size: 12pt;\">Kind regards,</span></div>\r\n<div><span style=\"font-family: arial, helvetica, sans-serif; font-size: 12pt;\">{email_signature}</span></div>\r\n<div><span style=\"font-family: arial, helvetica, sans-serif; font-size: 12pt;\">&nbsp;</span></div>', '{companyname} | CRM', '', 0, 1, 0),
(5, 'ticket', 'ticket-autoresponse', 'english', 'New Ticket Opened - Autoresponse', 'New Support Ticket Opened', '<div><span style=\"font-family: arial, helvetica, sans-serif; font-size: 12pt;\">Hi&nbsp;{contact_firstname} {contact_lastname}</span></div>\r\n<div><span style=\"font-family: arial, helvetica, sans-serif; font-size: 12pt;\">&nbsp;</span></div>\r\n<div><span style=\"font-family: arial, helvetica, sans-serif; font-size: 12pt;\">Thank you for contacting our support team. A support ticket has now been opened for your request. You will be notified when a response is made by email.</span></div>\r\n<div><span style=\"font-family: arial, helvetica, sans-serif; font-size: 12pt;\">&nbsp;</span></div>\r\n<div><span style=\"font-family: arial, helvetica, sans-serif; font-size: 12pt;\">Subject: {ticket_subject}</span></div>\r\n<div><span style=\"font-family: arial, helvetica, sans-serif; font-size: 12pt;\">Department: {ticket_department}</span></div>\r\n<div><span style=\"font-family: arial, helvetica, sans-serif; font-size: 12pt;\">Priority: {ticket_priority}</span></div>\r\n<div><span style=\"font-family: arial, helvetica, sans-serif; font-size: 12pt;\">&nbsp;</span></div>\r\n<div><span style=\"font-family: arial, helvetica, sans-serif; font-size: 12pt; background-color: inherit;\">Ticket message:</span></div>\r\n<div><span style=\"font-family: arial, helvetica, sans-serif; font-size: 12pt; background-color: inherit;\">{ticket_message}</span></div>\r\n<div><span style=\"font-family: arial, helvetica, sans-serif; font-size: 12pt;\">&nbsp;</span></div>\r\n<div><span style=\"font-family: arial, helvetica, sans-serif; font-size: 12pt;\">Kind regards,</span></div>\r\n<div><span style=\"font-family: arial, helvetica, sans-serif; font-size: 12pt;\">{email_signature}</span></div>\r\n<div><span style=\"font-family: arial, helvetica, sans-serif; font-size: 12pt;\">&nbsp;</span></div>', '{companyname} | CRM', '', 0, 1, 0),
(6, 'invoice', 'invoice-payment-recorded', 'english', 'Invoice Payment Recorded (Sent to Customer)', 'Invoice Payment Recorded', '<div><span style=\"font-family: arial, helvetica, sans-serif; font-size: 12pt;\">Payment recorded for invoice&nbsp;# {invoice_number}</span></div>\r\n<div><span style=\"font-family: arial, helvetica, sans-serif; font-size: 12pt;\">&nbsp;</span></div>\r\n<div><span style=\"font-family: arial, helvetica, sans-serif; font-size: 12pt;\">Kind regards,</span></div>\r\n<div><span style=\"font-family: arial, helvetica, sans-serif; font-size: 12pt;\">&nbsp;</span></div>\r\n<div><span style=\"font-family: arial, helvetica, sans-serif; font-size: 12pt;\">{email_signature}</span></div>', '{companyname} | CRM', '', 0, 1, 0),
(7, 'invoice', 'invoice-overdue-notice', 'english', 'Invoice Overdue Notice', 'Invoice Overdue Notice - {invoice_number}', '<div><span style=\"font-family: arial, helvetica, sans-serif; font-size: 12pt;\">Hi {contact_firstname} {contact_lastname}</span></div>\r\n<div><span style=\"font-family: arial, helvetica, sans-serif; font-size: 12pt;\">&nbsp;</span></div>\r\n<div><span style=\"font-family: arial, helvetica, sans-serif; font-size: 12pt;\">This is an overdue notice for invoice # {invoice_number}</span></div>\r\n<div><span style=\"font-family: arial, helvetica, sans-serif; font-size: 12pt;\">&nbsp;</span></div>\r\n<div><span style=\"font-family: arial, helvetica, sans-serif; font-size: 12pt;\">This invoice was due: {invoice_duedate}</span></div>\r\n<div><span style=\"font-family: arial, helvetica, sans-serif; font-size: 12pt;\">&nbsp;</span>&nbsp;</div>\r\n<div>\r\n<div><span style=\"font-family: arial, helvetica, sans-serif; font-size: 12pt;\">You can view the invoice on the following link: <a href=\"{invoice_link}\">{invoice_number}</a></span></div>\r\n</div>\r\n<div><span style=\"font-family: arial, helvetica, sans-serif; font-size: 12pt;\">&nbsp;</span></div>\r\n<div><span style=\"font-family: arial, helvetica, sans-serif; font-size: 12pt;\">Kind regards,</span></div>\r\n<div><span style=\"font-family: arial, helvetica, sans-serif; font-size: 12pt;\">&nbsp;</span></div>\r\n<div><span style=\"font-family: arial, helvetica, sans-serif; font-size: 12pt;\">{email_signature}</span></div>\r\n<div><span style=\"font-family: arial, helvetica, sans-serif; font-size: 12pt;\">&nbsp;</span></div>\r\n<div><span style=\"font-family: arial, helvetica, sans-serif; font-size: 12pt;\">&nbsp;</span></div>', '{companyname} | CRM', '', 0, 1, 0),
(8, 'invoice', 'invoice-already-send', 'english', 'Invoice Already Sent to Customer', 'On your command here is the invoice', '<div><span style=\"font-family: arial, helvetica, sans-serif; font-size: 12pt;\">Hi <span style=\"background-color: inherit;\">{contact_firstname} {contact_lastname}</span></span></div>\r\n<div><span style=\"font-family: arial, helvetica, sans-serif; font-size: 12pt;\">&nbsp;</span></div>\r\n<div><span style=\"font-family: arial, helvetica, sans-serif; font-size: 12pt;\">At your request, here is the invoice with number #{invoice_number}</span></div>\r\n<div>\r\n<div>&nbsp;</div>\r\n<div><span style=\"font-family: arial, helvetica, sans-serif; font-size: 12pt;\">You can view the invoice on the following link: <a href=\"{invoice_link}\">{invoice_number}</a></span></div>\r\n</div>\r\n<div><span style=\"font-family: arial, helvetica, sans-serif; font-size: 12pt;\">&nbsp;</span></div>\r\n<div><span style=\"font-family: arial, helvetica, sans-serif; font-size: 12pt;\">Please contact us for more information.</span></div>\r\n<div><span style=\"font-family: arial, helvetica, sans-serif; font-size: 12pt;\">&nbsp;</span></div>\r\n<div><span style=\"font-family: arial, helvetica, sans-serif; font-size: 12pt;\">Kind regards,</span></div>\r\n<div><span style=\"font-family: arial, helvetica, sans-serif; font-size: 12pt;\">&nbsp;</span></div>\r\n<div><span style=\"font-family: arial, helvetica, sans-serif; font-size: 12pt;\">{email_signature}</span></div>\r\n<div><span style=\"font-family: arial, helvetica, sans-serif; font-size: 12pt;\">&nbsp;</span></div>\r\n<div><span style=\"font-family: arial, helvetica, sans-serif; font-size: 12pt;\">&nbsp;</span></div>\r\n<div><span style=\"font-family: arial, helvetica, sans-serif; font-size: 12pt;\">&nbsp;</span></div>', '{companyname} | CRM', '', 0, 1, 0),
(9, 'ticket', 'new-ticket-created-staff', 'english', 'New Ticket Created (Opened by Customer, Sent to Staff Members)', 'New Ticket Created', '<div><span style=\"font-family: arial, helvetica, sans-serif; font-size: 12pt;\">A new support ticket has been opened.</span></div>\r\n<div><span style=\"font-family: arial, helvetica, sans-serif; font-size: 12pt;\">&nbsp;</span></div>\r\n<div><span style=\"font-family: arial, helvetica, sans-serif; font-size: 12pt;\">Subject: <span style=\"background-color: inherit;\">{ticket_subject}</span></span></div>\r\n<div><span style=\"font-family: arial, helvetica, sans-serif; font-size: 12pt; background-color: inherit;\">Department: {ticket_department}</span></div>\r\n<div><span style=\"font-family: arial, helvetica, sans-serif; font-size: 12pt;\">Priority: <span style=\"background-color: inherit;\">{ticket_priority}</span></span></div>\r\n<div><span style=\"font-family: arial, helvetica, sans-serif; font-size: 12pt;\">&nbsp;</span></div>\r\n<div><span style=\"font-family: arial, helvetica, sans-serif; font-size: 12pt; background-color: inherit;\">Ticket message:</span></div>\r\n<div><span style=\"font-family: arial, helvetica, sans-serif; font-size: 12pt; background-color: inherit;\">{ticket_message}<br /><br />You can view the ticket on the following link:&nbsp;<a href=\"{ticket_url}\">#{ticket_id}</a></span></div>\r\n<div><span style=\"font-family: arial, helvetica, sans-serif; font-size: 12pt;\">&nbsp;</span></div>\r\n<div><span style=\"font-family: arial, helvetica, sans-serif; font-size: 12pt;\">Kind regards,</span></div>\r\n<div><span style=\"font-family: arial, helvetica, sans-serif; font-size: 12pt;\">{email_signature}</span></div>', '{companyname} | CRM', '', 0, 1, 0),
(10, 'estimate', 'estimate-send-to-client', 'english', 'Send Estimate to Customer', 'Estimate # {estimate_number} created', '<div><span style=\"font-family: arial, helvetica, sans-serif; font-size: 12pt;\">Dear {contact_firstname}&nbsp;{contact_lastname}</span></div>\r\n<div><span style=\"font-family: arial, helvetica, sans-serif; font-size: 12pt;\">&nbsp;</span></div>\r\n<div><span style=\"font-family: arial, helvetica, sans-serif; font-size: 12pt;\">Please find the attached estimate # {estimate_number}</span></div>\r\n<div><span style=\"font-family: arial, helvetica, sans-serif; font-size: 12pt;\">&nbsp;</span></div>\r\n<div><span style=\"font-family: arial, helvetica, sans-serif; font-size: 12pt;\">Estimate status:&nbsp;<strong>{estimate_status}<br /><br /></strong>You can view the estimate on the following link:&nbsp;<a href=\"{estimate_link}\">{estimate_number}</a><br /></span></div>\r\n<div><span style=\"font-family: arial, helvetica, sans-serif; font-size: 12pt;\">&nbsp;</span></div>\r\n<div><span style=\"font-family: arial, helvetica, sans-serif; font-size: 12pt;\">We look forward to your communication.</span></div>\r\n<div><span style=\"font-family: arial, helvetica, sans-serif; font-size: 12pt;\">&nbsp;</span></div>\r\n<div><span style=\"font-family: arial, helvetica, sans-serif; font-size: 12pt;\">Kind regards,</span></div>\r\n<div><span style=\"font-family: arial, helvetica, sans-serif; font-size: 12pt;\">&nbsp;</span></div>\r\n<div><span style=\"font-family: arial, helvetica, sans-serif; font-size: 12pt;\">{email_signature}</span></div>\r\n<div><span style=\"font-family: arial, helvetica, sans-serif; font-size: 12pt;\">&nbsp;</span></div>', '{companyname} | CRM', '', 0, 1, 0),
(11, 'ticket', 'ticket-reply-to-admin', 'english', 'Ticket Reply (Sent to Staff)', 'New Support Ticket Reply', '<div><span style=\"font-family: arial, helvetica, sans-serif; font-size: 12pt;\">A new support ticket reply from {contact_firstname} {contact_lastname}</span></div>\r\n<div><span style=\"font-family: arial, helvetica, sans-serif; font-size: 12pt;\">&nbsp;</span></div>\r\n<div><span style=\"font-family: arial, helvetica, sans-serif; font-size: 12pt;\">Subject: <span style=\"background-color: inherit;\">{ticket_subject}</span></span></div>\r\n<div><span style=\"font-family: arial, helvetica, sans-serif; font-size: 12pt; background-color: inherit;\">Department: {ticket_department}</span></div>\r\n<div><span style=\"font-family: arial, helvetica, sans-serif; font-size: 12pt;\">Priority: <span style=\"background-color: inherit;\">{ticket_priority}</span></span></div>\r\n<div><span style=\"font-family: arial, helvetica, sans-serif; font-size: 12pt;\">&nbsp;</span></div>\r\n<div><span style=\"font-family: arial, helvetica, sans-serif; font-size: 12pt;\">Ticket message:</span></div>\r\n<div><span style=\"font-family: arial, helvetica, sans-serif; font-size: 12pt; background-color: inherit;\">{ticket_message}</span></div>\r\n<div><span style=\"font-family: arial, helvetica, sans-serif; font-size: 12pt;\">&nbsp;</span></div>\r\n<div><span style=\"font-size: 12pt;\">You can view the ticket on the following link: <a href=\"{ticket_url}\">#{ticket_id}</a></span></div>\r\n<div><span style=\"font-family: arial, helvetica, sans-serif; font-size: 12pt;\">&nbsp;</span></div>\r\n<div><span style=\"font-family: arial, helvetica, sans-serif; font-size: 12pt;\">Kind regards,</span></div>\r\n<div><span style=\"font-family: arial, helvetica, sans-serif; font-size: 12pt;\">{email_signature}</span></div>\r\n<div><span style=\"font-family: arial, helvetica, sans-serif; font-size: 12pt;\">&nbsp;</span></div>\r\n<div><span style=\"font-family: arial, helvetica, sans-serif; font-size: 12pt;\">&nbsp;</span></div>', '{companyname} | CRM', '', 0, 1, 0),
(12, 'estimate', 'estimate-already-send', 'english', 'Estimate Already Sent to Customer', 'Estimate # {estimate_number} ', '<div><span style=\"font-family: arial, helvetica, sans-serif; font-size: 12pt;\">Dear {contact_firstname}&nbsp;{contact_lastname}</span></div>\r\n<div><span style=\"font-family: arial, helvetica, sans-serif; font-size: 12pt;\">&nbsp;</span></div>\r\n<div><span style=\"font-family: arial, helvetica, sans-serif; font-size: 12pt;\">Thank you for your estimate request.</span></div>\r\n<div><span style=\"font-family: arial, helvetica, sans-serif; font-size: 12pt;\">&nbsp;</span></div>\r\n<div><span style=\"font-family: arial, helvetica, sans-serif; font-size: 12pt;\">You can view the estimate on the following link:&nbsp;<a href=\"{estimate_link}\">{estimate_number}</a></span></div>\r\n<div><span style=\"font-family: arial, helvetica, sans-serif; font-size: 12pt;\">&nbsp;</span></div>\r\n<div><span style=\"font-family: arial, helvetica, sans-serif; font-size: 12pt;\">Please contact us for more information.</span></div>\r\n<div><span style=\"font-family: arial, helvetica, sans-serif; font-size: 12pt;\">&nbsp;</span></div>\r\n<div><span style=\"font-family: arial, helvetica, sans-serif; font-size: 12pt;\">Kind regards,</span></div>\r\n<div><span style=\"font-family: arial, helvetica, sans-serif; font-size: 12pt;\">&nbsp;</span></div>\r\n<div><span style=\"font-family: arial, helvetica, sans-serif; font-size: 12pt;\">{email_signature}</span></div>\r\n<div><span style=\"font-family: arial, helvetica, sans-serif; font-size: 12pt;\">&nbsp;</span></div>\r\n<div><span style=\"font-family: arial, helvetica, sans-serif; font-size: 12pt;\">&nbsp;</span></div>\r\n<div><span style=\"font-family: arial, helvetica, sans-serif; font-size: 12pt;\">&nbsp;</span></div>', '{companyname} | CRM', '', 0, 1, 0),
(13, 'contract', 'contract-expiration', 'english', 'Contract Expiration', 'Contract Expiration Reminder', '<div><span style=\"font-family: arial, helvetica, sans-serif; font-size: 12pt;\">Dear {client_company}</span></div>\r\n<div><span style=\"font-family: arial, helvetica, sans-serif; font-size: 12pt;\">&nbsp;</span></div>\r\n<div><span style=\"font-family: arial, helvetica, sans-serif; font-size: 12pt;\">This is a reminder that the following contract will expire soon:</span></div>\r\n<div><span style=\"font-family: arial, helvetica, sans-serif; font-size: 12pt;\">&nbsp;</span></div>\r\n<div><span style=\"font-family: arial, helvetica, sans-serif; font-size: 12pt;\">Subject: {contract_subject}</span></div>\r\n<div><span style=\"font-family: arial, helvetica, sans-serif; font-size: 12pt;\">Description: {contract_description}</span></div>\r\n<div><span style=\"font-family: arial, helvetica, sans-serif; font-size: 12pt;\">Date Start: {contract_datestart}</span></div>\r\n<div><span style=\"font-family: arial, helvetica, sans-serif; font-size: 12pt;\">Date End: {contract_dateend}</span></div>\r\n<div><span style=\"font-family: arial, helvetica, sans-serif; font-size: 12pt;\">Value: {contract_contract_value}</span></div>\r\n<div><span style=\"font-family: arial, helvetica, sans-serif; font-size: 12pt;\">&nbsp;</span></div>\r\n<div><span style=\"font-family: arial, helvetica, sans-serif; font-size: 12pt;\">Please contact us for more information.</span></div>\r\n<div><span style=\"font-family: arial, helvetica, sans-serif; font-size: 12pt;\">&nbsp;</span></div>\r\n<div><span style=\"font-family: arial, helvetica, sans-serif; font-size: 12pt;\">Kind regards,</span></div>\r\n<div><span style=\"font-family: arial, helvetica, sans-serif; font-size: 12pt;\">&nbsp;</span></div>\r\n<div><span style=\"font-family: arial, helvetica, sans-serif; font-size: 12pt;\">{email_signature}</span></div>\r\n<div><span style=\"font-family: arial, helvetica, sans-serif; font-size: 12pt;\">&nbsp;</span></div>\r\n<div><span style=\"font-family: arial, helvetica, sans-serif; font-size: 12pt;\">&nbsp;</span></div>', '{companyname} | CRM', '', 0, 1, 0),
(14, 'tasks', 'task-assigned', 'english', 'New Task Assigned (Sent to Staff)', 'New Task Assigned to You - {task_name}', '<div><span style=\"font-family: arial, helvetica, sans-serif; font-size: 12pt;\">Dear {staff_firstname} {staff_lastname}</span></div>\r\n<div><span style=\"font-family: arial, helvetica, sans-serif; font-size: 12pt;\">&nbsp;</span></div>\r\n<div><span style=\"font-family: arial, helvetica, sans-serif; font-size: 12pt;\">You have been assigned a new task:</span></div>\r\n<div><span style=\"font-family: arial, helvetica, sans-serif; font-size: 12pt;\">&nbsp;</span></div>\r\n<div><span style=\"font-family: arial, helvetica, sans-serif; font-size: 12pt;\">Name: <span style=\"background-color: #ffffff;\">{task_name}</span></span></div>\r\n<div><span style=\"font-family: arial, helvetica, sans-serif; font-size: 12pt;\">Due date: <span style=\"background-color: #ffffff;\">{task_duedate}</span></span></div>\r\n<div><span style=\"font-family: arial, helvetica, sans-serif; font-size: 12pt;\">Priority: <span style=\"background-color: #ffffff;\">{task_priority}</span></span></div>\r\n<div><span style=\"font-family: arial, helvetica, sans-serif; font-size: 12pt;\">&nbsp;</span></div>\r\n<div><span style=\"font-size: 12pt; font-family: arial, helvetica, sans-serif;\">Click on the following link to view: <a href=\"{task_link}\">{task_name}</a></span></div>\r\n<div><span style=\"font-family: arial, helvetica, sans-serif; font-size: 12pt;\">&nbsp;</span></div>\r\n<div><span style=\"font-family: arial, helvetica, sans-serif; font-size: 12pt;\">Kind regards,</span></div>\r\n<div><span style=\"font-family: arial, helvetica, sans-serif; font-size: 12pt;\">&nbsp;</span></div>\r\n<div><span style=\"font-family: arial, helvetica, sans-serif; font-size: 12pt;\">{email_signature}</span></div>', '{companyname} | CRM', '', 0, 1, 0),
(15, 'tasks', 'task-added-as-follower', 'english', 'Staff Member Added as Follower on Task', 'You are added as follower on task - {task_name}', '<div><span style=\"font-family: arial, helvetica, sans-serif; font-size: 12pt;\">Hi {staff_firstname} <span style=\"background-color: #ffffff;\">{staff_lastname}</span></span></div>\r\n<div><span style=\"font-family: arial, helvetica, sans-serif; font-size: 12pt;\">&nbsp;</span></div>\r\n<div><span style=\"font-family: arial, helvetica, sans-serif; font-size: 12pt;\">You have been added as follower on the following task:</span></div>\r\n<div><span style=\"font-family: arial, helvetica, sans-serif; font-size: 12pt;\">&nbsp;</span></div>\r\n<div><span style=\"font-family: arial, helvetica, sans-serif; font-size: 12pt;\">Name: {task_name}</span></div>\r\n<div><span style=\"font-family: arial, helvetica, sans-serif; font-size: 12pt;\">Description: {task_description}</span></div>\r\n<div><span style=\"font-family: arial, helvetica, sans-serif; font-size: 12pt;\">Priority: {task_priority}</span></div>\r\n<div><span style=\"font-family: arial, helvetica, sans-serif; font-size: 12pt;\">Start date: {task_startdate}</span></div>\r\n<div><span style=\"font-family: arial, helvetica, sans-serif; font-size: 12pt;\">Due date: {task_duedate}</span></div>\r\n<div><span style=\"font-family: arial, helvetica, sans-serif; font-size: 12pt;\">&nbsp;</span></div>\r\n<div><span style=\"font-family: arial, helvetica, sans-serif; font-size: 12pt;\">Click on the following link to view: <a href=\"{task_link}\">{task_name}</a></span></div>\r\n<div><span style=\"font-family: arial, helvetica, sans-serif; font-size: 12pt;\">&nbsp;</span></div>\r\n<div><span style=\"font-family: arial, helvetica, sans-serif; font-size: 12pt;\">Kind regards,</span></div>\r\n<div><span style=\"font-family: arial, helvetica, sans-serif; font-size: 12pt;\">&nbsp;</span></div>\r\n<div><span style=\"font-family: arial, helvetica, sans-serif; font-size: 12pt;\">{email_signature}</span></div>\r\n<div>&nbsp;</div>', '{companyname} | CRM', '', 0, 1, 0),
(16, 'tasks', 'task-commented', 'english', 'New Comment on Task (Sent to Staff)', 'New Comment on Task - {task_name}', '<div><span style=\"font-family: arial, helvetica, sans-serif; font-size: 12pt;\">Dear {staff_firstname} {staff_lastname}</span></div>\r\n<div><span style=\"font-family: arial, helvetica, sans-serif; font-size: 12pt;\">&nbsp;</span></div>\r\n<div><span style=\"font-family: arial, helvetica, sans-serif; font-size: 12pt;\">A comment has been made on the following task:</span></div>\r\n<div><span style=\"font-family: arial, helvetica, sans-serif; font-size: 12pt;\">&nbsp;</span></div>\r\n<div><span style=\"font-family: arial, helvetica, sans-serif; font-size: 12pt;\">Name: &nbsp;{task_name}</span></div>\r\n<div><span style=\"font-family: arial, helvetica, sans-serif; font-size: 12pt;\">Description: &nbsp;{task_description}<br />Comment: {task_comment}</span></div>\r\n<div><span style=\"font-family: arial, helvetica, sans-serif; font-size: 12pt;\">&nbsp;</span></div>\r\n<div><span style=\"font-family: arial, helvetica, sans-serif; font-size: 12pt;\">Click on the following link to view: <a href=\"{task_link}\">{task_name}</a></span></div>\r\n<div><span style=\"font-family: arial, helvetica, sans-serif; font-size: 12pt;\">&nbsp;</span></div>\r\n<div><span style=\"font-family: arial, helvetica, sans-serif; font-size: 12pt;\">Kind regards,</span></div>\r\n<div><span style=\"font-family: arial, helvetica, sans-serif; font-size: 12pt;\">&nbsp;</span></div>\r\n<div><span style=\"font-family: arial, helvetica, sans-serif; font-size: 12pt;\">{email_signature}</span></div>', '{companyname} | CRM', '', 0, 1, 0),
(17, 'tasks', 'task-marked-as-finished', 'english', 'Task Marked as Finished (Sent to Staff)', 'Task Marked as Finished - {task_name}', '<div><span style=\"font-family: arial, helvetica, sans-serif; font-size: 12pt;\">Hi {staff_firstname} {staff_lastname}</span></div>\r\n<div><span style=\"font-family: arial, helvetica, sans-serif; font-size: 12pt;\">&nbsp;</span></div>\r\n<div><span style=\"font-family: arial, helvetica, sans-serif; font-size: 12pt;\">{task_user_take_action} marked the following task as complete:</span></div>\r\n<div><span style=\"font-family: arial, helvetica, sans-serif; font-size: 12pt;\">&nbsp;</span></div>\r\n<div><span style=\"font-family: arial, helvetica, sans-serif; font-size: 12pt;\"><span style=\"background-color: inherit;\">Name: </span>{task_name}</span></div>\r\n<div><span style=\"font-family: arial, helvetica, sans-serif; font-size: 12pt;\"><span style=\"background-color: inherit;\">Description: </span><span style=\"background-color: inherit;\">{task_description}</span></span></div>\r\n<div><span style=\"font-family: arial, helvetica, sans-serif; font-size: 12pt;\">Due date: <span style=\"background-color: #ffffff;\">{task_duedate}<br /></span></span><span style=\"font-family: arial, helvetica, sans-serif; font-size: 12pt;\">&nbsp;</span></div>\r\n<div><span style=\"font-size: 12pt; font-family: arial, helvetica, sans-serif;\">Click on the following link to view: <a href=\"{task_link}\">{task_name}</a></span></div>\r\n<div><span style=\"font-family: arial, helvetica, sans-serif; font-size: 12pt;\">&nbsp;</span></div>\r\n<div><span style=\"font-family: arial, helvetica, sans-serif; font-size: 12pt;\">Kind regards,</span></div>\r\n<div><span style=\"font-family: arial, helvetica, sans-serif; font-size: 12pt;\">&nbsp;</span></div>\r\n<div><span style=\"font-family: arial, helvetica, sans-serif; font-size: 12pt;\">{email_signature}</span></div>', '{companyname} | CRM', '', 0, 1, 0),
(18, 'tasks', 'task-added-attachment', 'english', 'New Attachment on Task (Sent to Staff)', 'New Attachment on Task - {task_name}', '<div><span style=\"font-family: arial, helvetica, sans-serif; font-size: 12pt;\">Hi {staff_firstname} {staff_lastname}</span></div>\r\n<div><span style=\"font-family: arial, helvetica, sans-serif; font-size: 12pt;\">&nbsp;</span></div>\r\n<div><span style=\"font-family: arial, helvetica, sans-serif; font-size: 12pt;\">{task_user_take_action} added an attachment on the following task:</span></div>\r\n<div><span style=\"font-family: arial, helvetica, sans-serif; font-size: 12pt;\">&nbsp;</span></div>\r\n<div><span style=\"font-family: arial, helvetica, sans-serif; font-size: 12pt;\"><span style=\"background-color: inherit;\">Name: </span>{task_name}</span></div>\r\n<div><span style=\"font-family: arial, helvetica, sans-serif; font-size: 12pt;\"><span style=\"background-color: inherit;\">Description: </span><span style=\"background-color: inherit;\">{task_description}</span></span></div>\r\n<div><span style=\"font-family: arial, helvetica, sans-serif; font-size: 12pt;\">&nbsp;</span></div>\r\n<div><span style=\"font-family: arial, helvetica, sans-serif; font-size: 12pt;\">Click on the following link to view: <a href=\"{task_link}\">{task_name}</a></span></div>\r\n<div><span style=\"font-family: arial, helvetica, sans-serif; font-size: 12pt;\">&nbsp;</span></div>\r\n<div><span style=\"font-family: arial, helvetica, sans-serif; font-size: 12pt;\">Kind regards,</span></div>\r\n<div><span style=\"font-family: arial, helvetica, sans-serif; font-size: 12pt;\">&nbsp;</span></div>\r\n<div><span style=\"font-family: arial, helvetica, sans-serif; font-size: 12pt;\">{email_signature}</span></div>', '{companyname} | CRM', '', 0, 1, 0),
(19, 'tasks', 'task-unmarked-as-finished', 'english', 'Task Unmarked as Finished (Sent to Staff)', 'Task UN-marked as finished - {task_name}', '<div><span style=\"font-family: arial, helvetica, sans-serif; font-size: 12pt;\">Hi {staff_firstname} {staff_lastname}</span></div>\r\n<div><span style=\"font-family: arial, helvetica, sans-serif; font-size: 12pt;\">&nbsp;</span></div>\r\n<div><span style=\"font-family: arial, helvetica, sans-serif; font-size: 12pt;\">{task_user_take_action} <span style=\"background-color: inherit;\">marked the </span>following task as <strong>in-complete / unfinished</strong></span></div>\r\n<div><span style=\"font-family: arial, helvetica, sans-serif; font-size: 12pt;\">&nbsp;</span></div>\r\n<div><span style=\"font-family: arial, helvetica, sans-serif; font-size: 12pt;\"><span style=\"background-color: inherit;\">Name: </span><span style=\"background-color: inherit;\">{task_name}</span></span></div>\r\n<div><span style=\"font-family: arial, helvetica, sans-serif; font-size: 12pt;\"><span style=\"background-color: inherit;\">Description: </span><span style=\"background-color: inherit;\">{task_description}</span></span></div>\r\n<div><span style=\"font-family: arial, helvetica, sans-serif; font-size: 12pt;\">Due date: {task_duedate}</span></div>\r\n<div><span style=\"font-family: arial, helvetica, sans-serif; font-size: 12pt;\">&nbsp;</span></div>\r\n<div><span style=\"font-family: arial, helvetica, sans-serif; font-size: 12pt;\">Click on the following link to view: <a href=\"{task_link}\">{task_name}</a></span></div>\r\n<div><span style=\"font-family: arial, helvetica, sans-serif; font-size: 12pt;\">&nbsp;</span></div>\r\n<div><span style=\"font-family: arial, helvetica, sans-serif; font-size: 12pt;\">Kind regards,</span></div>\r\n<div><span style=\"font-family: arial, helvetica, sans-serif; font-size: 12pt;\">&nbsp;</span></div>\r\n<div><span style=\"font-family: arial, helvetica, sans-serif; font-size: 12pt;\">{email_signature}</span></div>', '{companyname} | CRM', '', 0, 1, 0),
(20, 'estimate', 'estimate-declined-to-staff', 'english', 'Estimate Declined (Sent to Staff)', 'Customer Declined Estimate', '<div><span style=\"font-size: 12pt;\">Hi</span></div>\r\n<div><span style=\"font-size: 12pt;\">&nbsp;</span></div>\r\n<div><span style=\"font-size: 12pt;\">Customer ({client_company}) declined estimate with number <span style=\"background-color: inherit;\">{estimate_number}</span></span></div>\r\n<div><span style=\"font-size: 12pt;\">&nbsp;</span></div>\r\n<div><span style=\"font-size: 12pt;\">You can view the estimate on the following link:&nbsp;<a href=\"{estimate_link}\">{estimate_number}</a></span></div>\r\n<div><span style=\"font-size: 12pt;\">&nbsp;</span></div>\r\n<div><span style=\"font-size: 12pt;\">{email_signature}</span></div>\r\n<div><span style=\"font-size: 12pt;\">&nbsp;</span></div>', '{companyname} | CRM', '', 0, 1, 0),
(21, 'estimate', 'estimate-accepted-to-staff', 'english', 'Estimate Accepted (Sent to Staff)', 'Customer Accepted Estimate', '<div><span style=\"font-family: arial, helvetica, sans-serif; font-size: 12pt;\">Hi</span></div>\r\n<div><span style=\"font-family: arial, helvetica, sans-serif; font-size: 12pt;\">&nbsp;</span></div>\r\n<div><span style=\"font-family: arial, helvetica, sans-serif; font-size: 12pt;\">Customer ({client_company}) accepted estimate with number <span style=\"background-color: inherit;\">{estimate_number}</span></span></div>\r\n<div><span style=\"font-family: arial, helvetica, sans-serif; font-size: 12pt;\">&nbsp;</span></div>\r\n<div><span style=\"font-family: arial, helvetica, sans-serif; font-size: 12pt;\">You can view the estimate on the following link:&nbsp;<a href=\"{estimate_link}\">{estimate_number}</a></span></div>\r\n<div><span style=\"font-family: arial, helvetica, sans-serif; font-size: 12pt;\">&nbsp;</span></div>\r\n<div><span style=\"font-family: arial, helvetica, sans-serif; font-size: 12pt;\">{email_signature}</span></div>', '{companyname} | CRM', '', 0, 1, 0),
(22, 'proposals', 'proposal-client-accepted', 'english', 'Customer Action - Accepted (Sent to Staff)', 'Customer Accepted Proposal', '<div><span style=\"font-family: arial, helvetica, sans-serif; font-size: 12pt;\">Hi</span></div>\r\n<div><span style=\"font-family: arial, helvetica, sans-serif; font-size: 12pt;\">&nbsp;</span></div>\r\n<div><span style=\"font-family: arial, helvetica, sans-serif; font-size: 12pt;\">Client {proposal_proposal_to} accepted the following proposal:</span></div>\r\n<div><span style=\"font-family: arial, helvetica, sans-serif; font-size: 12pt;\">&nbsp;</span></div>\r\n<div><span style=\"font-family: arial, helvetica, sans-serif; font-size: 12pt;\">Subject: {proposal_subject}</span></div>\r\n<div><span style=\"font-family: arial, helvetica, sans-serif; font-size: 12pt;\">Total: {proposal_total}</span></div>\r\n<div><span style=\"font-family: arial, helvetica, sans-serif; font-size: 12pt;\">&nbsp;</span></div>\r\n<div><span style=\"font-family: arial, helvetica, sans-serif; font-size: 12pt;\">View the proposal on the following link: <a href=\"{proposal_link}\">{proposal_subject}</a></span></div>\r\n<div><span style=\"font-family: arial, helvetica, sans-serif; font-size: 12pt;\">&nbsp;</span></div>\r\n<div><span style=\"font-family: arial, helvetica, sans-serif; font-size: 12pt;\">Kind regards,</span></div>\r\n<div><span style=\"font-family: arial, helvetica, sans-serif; font-size: 12pt;\">&nbsp;</span></div>\r\n<div><span style=\"font-family: arial, helvetica, sans-serif; font-size: 12pt;\">{email_signature}</span></div>\r\n<div>&nbsp;</div>\r\n<div>&nbsp;</div>\r\n<div>&nbsp;</div>', '{companyname} | CRM', '', 0, 1, 0),
(23, 'proposals', 'proposal-send-to-customer', 'english', 'Send Proposal to Customer', 'Proposal', '<div>Dear {proposal_proposal_to}</div>\r\n<div>&nbsp;</div>\r\n<div>Please find our attached proposal.</div>\r\n<div>&nbsp;</div>\r\n<div>This proposal is valid until: {proposal_open_till}</div>\r\n<div>You can view the proposal on the following link: <a href=\"{proposal_link}\">{proposal_subject}</a></div>\r\n<div>&nbsp;</div>\r\n<div>Please don\'t hesitate to comment online if you have any questions.</div>\r\n<div>&nbsp;</div>\r\n<div>We look forward to your communication.</div>\r\n<div>&nbsp;</div>\r\n<div>Kind regards</div>\r\n<div>&nbsp;</div>\r\n<div>{email_signature}</div>', '{companyname} | CRM', '', 0, 1, 0),
(24, 'proposals', 'proposal-client-declined', 'english', 'Customer Action - Declined (Sent to Staff)', 'Client Declined Proposal', '<div><span style=\"font-family: arial, helvetica, sans-serif; font-size: 12pt;\">Hi</span></div>\r\n<div><span style=\"font-family: arial, helvetica, sans-serif; font-size: 12pt;\">&nbsp;</span></div>\r\n<div><span style=\"font-family: arial, helvetica, sans-serif; font-size: 12pt;\">Customer {proposal_proposal_to} declined the proposal {proposal_subject}</span></div>\r\n<div><span style=\"font-family: arial, helvetica, sans-serif; font-size: 12pt;\">&nbsp;</span></div>\r\n<div><span style=\"font-family: arial, helvetica, sans-serif; font-size: 12pt;\">View the proposal on the following link <a href=\"{proposal_link}\">{proposal_subject}</a>&nbsp;or from the admin area.</span></div>\r\n<div><span style=\"font-family: arial, helvetica, sans-serif; font-size: 12pt;\">&nbsp;</span></div>\r\n<div><span style=\"font-family: arial, helvetica, sans-serif; font-size: 12pt;\">Kind regards,</span></div>\r\n<div><span style=\"font-family: arial, helvetica, sans-serif; font-size: 12pt;\">&nbsp;</span></div>\r\n<div><span style=\"font-family: arial, helvetica, sans-serif; font-size: 12pt;\">{email_signature}</span></div>\r\n<div><span style=\"font-family: arial, helvetica, sans-serif; font-size: 12pt;\">&nbsp;</span></div>\r\n<div>&nbsp;</div>', '{companyname} | CRM', '', 0, 1, 0),
(25, 'proposals', 'proposal-client-thank-you', 'english', 'Thank You Email (Sent to Customer After Accept)', 'Thank for you accepting proposal', '<div><span style=\"font-family: arial, helvetica, sans-serif; font-size: 12pt;\">Dear {proposal_proposal_to}</span></div>\r\n<div><span style=\"font-family: arial, helvetica, sans-serif; font-size: 12pt;\">&nbsp;</span></div>\r\n<div><span style=\"font-family: arial, helvetica, sans-serif; font-size: 12pt;\">Thank for for accepting the proposal.</span></div>\r\n<div><span style=\"font-family: arial, helvetica, sans-serif; font-size: 12pt;\">&nbsp;</span></div>\r\n<div><span style=\"font-family: arial, helvetica, sans-serif; font-size: 12pt;\">We look forward to doing business with you.</span></div>\r\n<div><span style=\"font-family: arial, helvetica, sans-serif; font-size: 12pt;\">&nbsp;</span></div>\r\n<div><span style=\"font-family: arial, helvetica, sans-serif; font-size: 12pt;\">We will contact you as soon as possible</span></div>\r\n<div><span style=\"font-family: arial, helvetica, sans-serif; font-size: 12pt;\">&nbsp;</span></div>\r\n<div><span style=\"font-family: arial, helvetica, sans-serif; font-size: 12pt;\">Kind regards,</span></div>\r\n<div><span style=\"font-family: arial, helvetica, sans-serif; font-size: 12pt;\">&nbsp;</span></div>\r\n<div><span style=\"font-family: arial, helvetica, sans-serif; font-size: 12pt;\">{email_signature}</span></div>', '{companyname} | CRM', '', 0, 1, 0),
(26, 'proposals', 'proposal-comment-to-client', 'english', 'New Comment  (Sent to Customer Contacts)', 'New Proposal Comment', '<div><span style=\"font-family: arial, helvetica, sans-serif; font-size: 12pt;\">Dear {proposal_proposal_to}</span></div>\r\n<div><span style=\"font-family: arial, helvetica, sans-serif; font-size: 12pt;\">&nbsp;</span></div>\r\n<div><span style=\"font-family: arial, helvetica, sans-serif; font-size: 12pt;\">A new comment has been made on the following proposal: {proposal_subject}</span></div>\r\n<div><span style=\"font-family: arial, helvetica, sans-serif; font-size: 12pt;\">&nbsp;</span></div>\r\n<div><span style=\"font-family: arial, helvetica, sans-serif; font-size: 12pt;\">You can view and reply to the comment on the following link: <a href=\"{proposal_link}\">{proposal_subject}</a></span></div>\r\n<div><span style=\"font-family: arial, helvetica, sans-serif; font-size: 12pt;\">&nbsp;</span></div>\r\n<div><span style=\"font-family: arial, helvetica, sans-serif; font-size: 12pt;\">Kind regards,</span></div>\r\n<div><span style=\"font-family: arial, helvetica, sans-serif; font-size: 12pt;\">&nbsp;</span></div>\r\n<div><span style=\"font-family: arial, helvetica, sans-serif; font-size: 12pt;\">{email_signature}</span></div>', '{companyname} | CRM', '', 0, 1, 0),
(27, 'proposals', 'proposal-comment-to-admin', 'english', 'New Comment (Sent to Staff) ', 'New Proposal Comment', '<div><span style=\"font-family: arial, helvetica, sans-serif; font-size: 12pt;\">Hello</span></div>\r\n<div><span style=\"font-family: arial, helvetica, sans-serif; font-size: 12pt;\">&nbsp;</span></div>\r\n<div><span style=\"font-family: arial, helvetica, sans-serif; font-size: 12pt;\">A new <strong>comment</strong> has been made to the proposal <span style=\"background-color: inherit;\">{proposal_subject}</span></span></div>\r\n<div><span style=\"font-family: arial, helvetica, sans-serif; font-size: 12pt;\">&nbsp;</span></div>\r\n<div><span style=\"font-family: arial, helvetica, sans-serif; font-size: 12pt;\">You can view and reply to the comment on the following link: <a href=\"{proposal_link}\">{proposal_subject}</a><span style=\"background-color: inherit;\">&nbsp;or from the admin area.</span></span></div>\r\n<div><span style=\"font-family: arial, helvetica, sans-serif; font-size: 12pt;\">&nbsp;</span></div>\r\n<div><span style=\"font-family: arial, helvetica, sans-serif; font-size: 12pt;\">{email_signature}</span></div>', '{companyname} | CRM', '', 0, 1, 0),
(28, 'estimate', 'estimate-thank-you-to-customer', 'english', 'Thank You Email (Sent to Customer After Accept)', 'Thank for you accepting estimate', '<div><span style=\"font-family: arial, helvetica, sans-serif; font-size: 12pt;\">Dear {contact_firstname}&nbsp;{contact_lastname}</span></div>\r\n<div><span style=\"font-family: arial, helvetica, sans-serif; font-size: 12pt;\">&nbsp;</span></div>\r\n<div><span style=\"font-family: arial, helvetica, sans-serif; font-size: 12pt;\">Thank for for accepting the estimate.</span></div>\r\n<div><span style=\"font-family: arial, helvetica, sans-serif; font-size: 12pt;\">&nbsp;</span></div>\r\n<div><span style=\"font-family: arial, helvetica, sans-serif; font-size: 12pt;\">We look forward to doing business with you.</span></div>\r\n<div><span style=\"font-family: arial, helvetica, sans-serif; font-size: 12pt;\">&nbsp;</span></div>\r\n<div><span style=\"font-family: arial, helvetica, sans-serif; font-size: 12pt;\">We will contact you as soon as possible.</span></div>\r\n<div><span style=\"font-family: arial, helvetica, sans-serif; font-size: 12pt;\">&nbsp;</span></div>\r\n<div><span style=\"font-family: arial, helvetica, sans-serif; font-size: 12pt;\">Kind regards,</span></div>\r\n<div><span style=\"font-family: arial, helvetica, sans-serif; font-size: 12pt;\">&nbsp;</span></div>\r\n<div><span style=\"font-family: arial, helvetica, sans-serif; font-size: 12pt;\">{email_signature}</span></div>\r\n<div><span style=\"font-family: arial, helvetica, sans-serif; font-size: 12pt;\">&nbsp;</span></div>\r\n<div><span style=\"font-family: arial, helvetica, sans-serif; font-size: 12pt;\">&nbsp;</span></div>\r\n<div><span style=\"font-family: arial, helvetica, sans-serif; font-size: 12pt;\">&nbsp;</span></div>', '{companyname} | CRM', '', 0, 1, 0),
(29, 'tasks', 'task-deadline-notification', 'english', 'Task Deadline Reminder - Sent to Assigned Members', 'Task Deadline Reminder', '<div><span style=\"font-family: arial, helvetica, sans-serif; font-size: 12pt;\">Hi {staff_firstname}</span></div>\r\n<div><span style=\"font-family: arial, helvetica, sans-serif; font-size: 12pt;\">&nbsp;</span></div>\r\n<div><span style=\"font-family: arial, helvetica, sans-serif; font-size: 12pt;\">This is an automated email from {companyname}.</span></div>\r\n<div><span style=\"font-family: arial, helvetica, sans-serif; font-size: 12pt;\">The task {task_name} deadline is on {task_duedate}. This task is still not finished.</span></div>\r\n<div><span style=\"font-family: arial, helvetica, sans-serif; font-size: 12pt;\">&nbsp;</span></div>\r\n<div><span style=\"font-size: 12pt; font-family: arial, helvetica, sans-serif;\">Click on the following link to view: <a href=\"{task_link}\">{task_name}</a></span></div>\r\n<div><span style=\"font-family: arial, helvetica, sans-serif; font-size: 12pt;\">&nbsp;</span></div>\r\n<div><span style=\"font-family: arial, helvetica, sans-serif; font-size: 12pt;\">{email_signature}</span></div>', '{companyname} | CRM', '', 0, 1, 0),
(30, 'contract', 'send-contract', 'english', 'Send Contract to Customer', 'Contract - {contract_subject}', '<p>Hi&nbsp;{client_company}</p>\r\n<p>Please find the {contract_subject}&nbsp;attached.</p>\r\n<p>Regards,</p>\r\n<p>{email_signature}</p>', '{companyname} | CRM', '', 0, 1, 0),
(31, 'invoice', 'invoice-payment-recorded-to-staff', 'english', 'Invoice Payment Recorded (Sent to Staff)', 'New Invoice Payment', '<div><span style=\"font-family: arial, helvetica, sans-serif; font-size: 12pt;\">Customer recorded payment for invoice # {invoice_number}</span></div>\r\n<div>&nbsp;</div>\r\n<div><span style=\"font-family: arial, helvetica, sans-serif; font-size: 12pt;\">You can view the invoice on the following link: <a href=\"{invoice_link}\">{invoice_number}</a></span></div>\r\n<div><span style=\"font-family: arial, helvetica, sans-serif; font-size: 12pt;\">&nbsp;</span></div>\r\n<div><span style=\"font-family: arial, helvetica, sans-serif; font-size: 12pt;\">Kind regards,</span></div>\r\n<div><span style=\"font-family: arial, helvetica, sans-serif; font-size: 12pt;\">&nbsp;</span></div>\r\n<div><span style=\"font-family: arial, helvetica, sans-serif; font-size: 12pt;\">{email_signature}</span></div>', '{companyname} | CRM', '', 0, 1, 0);
INSERT INTO `tblemailtemplates` (`emailtemplateid`, `type`, `slug`, `language`, `name`, `subject`, `message`, `fromname`, `fromemail`, `plaintext`, `active`, `order`) VALUES
(32, 'ticket', 'auto-close-ticket', 'english', 'Auto Close Ticket', 'Ticket Auto Closed', '<p><span style=\"font-family: arial, helvetica, sans-serif; font-size: 12pt;\">Hi&nbsp;{contact_firstname}&nbsp;{contact_lastname}</span></p>\r\n<p><span style=\"font-family: arial, helvetica, sans-serif; font-size: 12pt;\">Ticket&nbsp;{ticket_subject} has been auto close due to inactivity.</span></p>\r\n<div><span style=\"font-family: arial, helvetica, sans-serif; font-size: 12pt;\">Ticket #: <span style=\"background-color: inherit;\">{ticket_id}</span></span></div>\r\n<div><span style=\"font-family: arial, helvetica, sans-serif; font-size: 12pt; background-color: inherit;\">Department: {ticket_department}</span></div>\r\n<div><span style=\"font-family: arial, helvetica, sans-serif; font-size: 12pt;\">Priority: <span style=\"background-color: inherit;\">{ticket_priority}</span></span></div>\r\n<div><span style=\"font-family: arial, helvetica, sans-serif; font-size: 12pt;\">&nbsp;</span></div>\r\n<div><span style=\"font-family: arial, helvetica, sans-serif; font-size: 12pt; background-color: inherit;\">Ticket message:</span></div>\r\n<div><span style=\"font-family: arial, helvetica, sans-serif; font-size: 12pt; background-color: inherit;\">{ticket_message}</span></div>\r\n<div><span style=\"font-family: arial, helvetica, sans-serif; font-size: 12pt;\">&nbsp;</span></div>\r\n<div><span style=\"font-family: arial, helvetica, sans-serif; font-size: 12pt;\">Kind regards,</span></div>\r\n<div><span style=\"font-family: arial, helvetica, sans-serif; font-size: 12pt;\">{email_signature}</span></div>', '{companyname} | CRM', '', 0, 1, 0),
(33, 'project', 'new-project-discussion-created-to-staff', 'english', 'New Project Discussion (Sent to Project Members)', 'New Project Discussion Created', '<p>Hello&nbsp;{staff_firstname}&nbsp;{staff_lastname}</p>\r\n<p>New project discussion created from&nbsp;{discussion_creator}</p>\r\n<p>Subject:&nbsp;{discussion_subject}</p>\r\n<p>Description:&nbsp;{discussion_description}</p>\r\n<p>You can view the discussion on the following link: <a href=\"{discussion_link}\">{discussion_subject}</a></p>\r\n<p>Kind Regards,</p>\r\n<p>{email_signature}</p>', '{companyname} | CRM', '', 0, 1, 0),
(34, 'project', 'new-project-discussion-created-to-customer', 'english', 'New Project Discussion (Sent to Customer Contacts)', 'New Project Discussion Created', '<p>Hello&nbsp;{contact_firstname}&nbsp;{contact_lastname}</p>\r\n<p>New project discussion created from&nbsp;{discussion_creator}</p>\r\n<p>Subject:&nbsp;{discussion_subject}</p>\r\n<p>Description:&nbsp;{discussion_description}</p>\r\n<p>You can view the discussion on the following link: <a href=\"{discussion_link}\">{discussion_subject}</a></p>\r\n<p>Kind Regards,</p>\r\n<p>{email_signature}</p>', '{companyname} | CRM', '', 0, 1, 0),
(35, 'project', 'new-project-file-uploaded-to-customer', 'english', 'New Project File Uploaded (Sent to Customer Contacts)', 'New Project File Uploaded', '<p>Hello&nbsp;{contact_firstname}&nbsp;{contact_lastname}</p>\r\n<p>New project&nbsp;file is uploaded on&nbsp;{project_name} from&nbsp;{file_creator}</p>\r\n<p>You can view the project on the following link: <a href=\"{project_link}\">{project_name}</a><br />To view&nbsp;the file in our CRM&nbsp;you can click on the following link: <a href=\"{discussion_link}\">{discussion_subject}</a></p>\r\n<p>Kind Regards,</p>\r\n<p>{email_signature}</p>', '{companyname} | CRM', '', 0, 1, 0),
(36, 'project', 'new-project-file-uploaded-to-staff', 'english', 'New Project File Uploaded (Sent to Project Members)', 'New Project File Uploaded', '<p>Hello&nbsp;{staff_firstname}&nbsp;{staff_lastname}</p>\r\n<p>New project&nbsp;file is uploaded on&nbsp;{project_name} from&nbsp;{file_creator}</p>\r\n<p>You can view the project on the following link: <a href=\"{project_link}\">{project_name}</a><br />To view&nbsp;the file you can click on the following link: <a href=\"{discussion_link}\">{discussion_subject}</a></p>\r\n<p>Kind Regards,</p>\r\n<p>{email_signature}</p>', '{companyname} | CRM', '', 0, 1, 0),
(37, 'project', 'new-project-discussion-comment-to-customer', 'english', 'New Discussion Comment  (Sent to Customer Contacts)', 'New Discussion Comment', '<p>Hello&nbsp;{contact_firstname}&nbsp;{contact_lastname}</p>\r\n<p>New discussion comment has been made on {discussion_subject} from&nbsp;{comment_creator}</p>\r\n<p>Discussion subject:&nbsp;{discussion_subject}</p>\r\n<p>Comment:&nbsp;{discussion_comment}</p>\r\n<p>You can view the discussion on the following link: <a href=\"{discussion_link}\">{discussion_subject}</a></p>\r\n<p>Kind Regards,</p>\r\n<p>{email_signature}</p>', '{companyname} | CRM', '', 0, 1, 0),
(38, 'project', 'new-project-discussion-comment-to-staff', 'english', 'New Discussion Comment (Sent to Project Members)', 'New Discussion Comment', '<p>Hello&nbsp;{staff_firstname}&nbsp;{staff_lastname}</p>\r\n<p>New discussion comment has been made on {discussion_subject} from&nbsp;{comment_creator}</p>\r\n<p>Discussion subject:&nbsp;{discussion_subject}</p>\r\n<p>Comment:&nbsp;{discussion_comment}</p>\r\n<p>You can view the discussion on the following link: <a href=\"{discussion_link}\">{discussion_subject}</a></p>\r\n<p>Kind Regards,</p>\r\n<p>{email_signature}</p>', '{companyname} | CRM', '', 0, 1, 0),
(39, 'project', 'staff-added-as-project-member', 'english', 'Staff Added as Project Member', 'New project assigned to you', '<p>Hello&nbsp;{staff_firstname}&nbsp;{staff_lastname}</p>\r\n<p>New project has been assigned to you.</p>\r\n<p>You can view the project on the following link <a href=\"{project_link}\">{project_name}</a></p>\r\n<p>{email_signature}</p>', '{companyname} | CRM', '', 0, 1, 0),
(40, 'estimate', 'estimate-expiry-reminder', 'english', 'Estimate Expiration Reminder', 'Estimate Expiration Reminder', '<p>Hello&nbsp;{client_company}</p>\r\n<p>The estimate with&nbsp;{estimate_number} will expire on&nbsp;{estimate_expirydate}</p>\r\n<p>You can view the estimate on the following link: <a href=\"{estimate_link}\">{estimate_number}</a></p>\r\n<p>Regards,</p>\r\n<p>{email_signature}</p>', '{companyname} | CRM', '', 0, 1, 0),
(41, 'proposals', 'proposal-expiry-reminder', 'english', 'Proposal Expiration Reminder', 'Proposal Expiration Reminder', '<p><span style=\"font-family: arial, helvetica, sans-serif; font-size: 12pt;\">Hello&nbsp;{proposal_proposal_to}</span></p>\r\n<p><span style=\"font-family: arial, helvetica, sans-serif; font-size: 12pt;\">The proposal {proposal_subject} will expire on&nbsp;{proposal_open_till}</span></p>\r\n<p><span style=\"font-family: arial, helvetica, sans-serif; font-size: 12pt;\">You can view the proposal on the following link: <a href=\"{proposal_link}\">{proposal_subject}</a></span></p>\r\n<p><span style=\"font-family: arial, helvetica, sans-serif; font-size: 12pt;\">Regards,</span></p>\r\n<p><span style=\"font-family: arial, helvetica, sans-serif; font-size: 12pt;\">{email_signature}</span></p>', '{companyname} | CRM', '', 0, 1, 0),
(42, 'staff', 'new-staff-created', 'english', 'New Staff Created (Welcome Email)', 'You are added as staff member', 'Hello&nbsp;{staff_firstname}&nbsp;{staff_lastname}<br /><br />You are added as member on our CRM.<br />You can login at {admin_url}<br /><br />Please use the following&nbsp;logic credentials:<br /><br />Email:&nbsp;{staff_email}<br />Password:&nbsp;{password}<br /><br />Best Regards,<br />{email_signature}', '{companyname} | CRM', '', 0, 1, 0),
(43, 'client', 'contact-forgot-password', 'english', 'Quên mật khẩu', 'Tạo mật khẩu mới', '<h2>Create a new password</h2>\r\nForgot your password?<br /> To create a new password, just follow this link:<br /> <br /><a href=\"{reset_password_url}\">Reset Password</a><br /> <br /> You received this email, because it was requested by a {companyname}&nbsp;user. This is part of the procedure to create a new password on the system. If you DID NOT request a new password then please ignore this email and your password will remain the same. <br /><br /> {email_signature}', '{companyname} | CRM', '', 0, 1, 0),
(44, 'client', 'contact-password-reseted', 'english', 'Password Reset - Confirmation', 'Your password has been changed', '<strong>You have changed your password.<br /></strong><br /> Please, keep it in your records so you don\'t forget it.<br /> <br /> Your email address for login is: {contact_email}<br />If this wasnt you, please contact us.<br /><br />{email_signature}', '{companyname} | CRM', '', 0, 1, 0),
(45, 'client', 'contact-set-password', 'english', 'Set New Password', 'Set new password on {companyname} ', '<h2>Setup your new password on {companyname}</h2>\r\nPlease use the following link to setup your new password.<br /><br />Keep it in your records so you don\'t forget it.<br /><br /> Please set your new password in 48 hours. After that you wont be able to set your password. <br /><br />You can login at: {crm_url}<br /> Your email address for login: {contact_email}<br /> <br /><a href=\"{set_password_url}\">Set New Password</a><br /> <br />{email_signature}', '{companyname} | CRM', '', 0, 1, 0),
(46, 'staff', 'staff-forgot-password', 'english', 'Forgot Password', 'Create New Password', '<h2>Create a new password</h2>\r\nForgot your password?<br /> To create a new password, just follow this link:<br /> <br /><a href=\"{reset_password_url}\">Reset Password</a><br /> <br /> You received this email, because it was requested by a {companyname}&nbsp;user. This is part of the procedure to create a new password on the system. If you DID NOT request a new password then please ignore this email and your password will remain the same. <br /><br /> {email_signature}', '{companyname} | CRM', '', 0, 1, 0),
(47, 'staff', 'staff-password-reseted', 'english', 'Password Reset - Confirmation', 'Your password has been changed', '<strong>You have changed your password.<br /></strong><br /> Please, keep it in your records so you don\'t forget it.<br /> <br /> Your email address for login is: {staff_email}<br /> If this wasnt you, please contact us.<br /><br />{email_signature}', '{companyname} | CRM', '', 0, 1, 0),
(48, 'project', 'assigned-to-project', 'english', 'New Project Created (Sent to Customer Contacts)', 'New Project Created', '<p>Hello&nbsp;{contact_firstname}</p>\r\n<p>New project is assigned to your company.<br />Project Name:&nbsp;{project_name}</p>\r\n<p>You can view the project on the following link:&nbsp;<a href=\"{project_link}\">{project_name}</a></p>\r\n<p>We are looking forward hearing from you.</p>\r\n<p>{email_signature}</p>', '{companyname} | CRM', '', 0, 1, 0),
(49, 'tasks', 'task-marked-as-finished-to-contacts', 'english', 'Task Marked as Finished (Sent to customer contacts)', 'Task Marked as Finished - {task_name}', '<div><span style=\"font-family: arial, helvetica, sans-serif; font-size: 12pt;\">Hi {contact_firstname} {contact_lastname}</span></div>\r\n<div><span style=\"font-family: arial, helvetica, sans-serif; font-size: 12pt;\">&nbsp;</span></div>\r\n<div><span style=\"font-family: arial, helvetica, sans-serif; font-size: 12pt;\">{task_user_take_action} marked the following task as complete:</span></div>\r\n<div><span style=\"font-family: arial, helvetica, sans-serif; font-size: 12pt;\">&nbsp;</span></div>\r\n<div><span style=\"font-family: arial, helvetica, sans-serif; font-size: 12pt;\"><span style=\"background-color: inherit;\">Name: </span>{task_name}</span></div>\r\n<div><span style=\"font-family: arial, helvetica, sans-serif; font-size: 12pt;\"><span style=\"background-color: inherit;\">Description: </span><span style=\"background-color: inherit;\">{task_description}</span></span></div>\r\n<div><span style=\"font-family: arial, helvetica, sans-serif; font-size: 12pt;\">Due date: <span style=\"background-color: #ffffff;\">{task_duedate}<br /></span></span><span style=\"font-family: arial, helvetica, sans-serif; font-size: 12pt;\">&nbsp;</span></div>\r\n<div><span style=\"font-size: 12pt; font-family: arial, helvetica, sans-serif;\">Click on the following link to view: <a href=\"{task_link}\">{task_name}</a></span></div>\r\n<div><span style=\"font-family: arial, helvetica, sans-serif; font-size: 12pt;\">&nbsp;</span></div>\r\n<div><span style=\"font-family: arial, helvetica, sans-serif; font-size: 12pt;\">Kind regards,</span></div>\r\n<div><span style=\"font-family: arial, helvetica, sans-serif; font-size: 12pt;\">&nbsp;</span></div>\r\n<div><span style=\"font-family: arial, helvetica, sans-serif; font-size: 12pt;\">{email_signature}</span></div>', '{companyname} | CRM', '', 0, 1, 0),
(50, 'tasks', 'task-added-attachment-to-contacts', 'english', 'New Attachment on Task (Sent to Customer Contacts)', 'New Attachment on Task - {task_name}', '<div><span style=\"font-family: arial, helvetica, sans-serif; font-size: 12pt;\">Hi {contact_firstname} {contact_lastname}</span></div>\r\n<div><span style=\"font-family: arial, helvetica, sans-serif; font-size: 12pt;\">&nbsp;</span></div>\r\n<div><span style=\"font-family: arial, helvetica, sans-serif; font-size: 12pt;\">{task_user_take_action} added an attachment on the following task:</span></div>\r\n<div><span style=\"font-family: arial, helvetica, sans-serif; font-size: 12pt;\">&nbsp;</span></div>\r\n<div><span style=\"font-family: arial, helvetica, sans-serif; font-size: 12pt;\"><span style=\"background-color: inherit;\">Name: </span>{task_name}</span></div>\r\n<div><span style=\"font-family: arial, helvetica, sans-serif; font-size: 12pt;\"><span style=\"background-color: inherit;\">Description: </span><span style=\"background-color: inherit;\">{task_description}</span></span></div>\r\n<div><span style=\"font-family: arial, helvetica, sans-serif; font-size: 12pt;\">&nbsp;</span></div>\r\n<div><span style=\"font-size: 12pt; font-family: arial, helvetica, sans-serif;\">Click on the following link to view: <a href=\"{task_link}\">{task_name}</a></span></div>\r\n<div><span style=\"font-family: arial, helvetica, sans-serif; font-size: 12pt;\">&nbsp;</span></div>\r\n<div><span style=\"font-family: arial, helvetica, sans-serif; font-size: 12pt;\">Kind regards,</span></div>\r\n<div><span style=\"font-family: arial, helvetica, sans-serif; font-size: 12pt;\">&nbsp;</span></div>\r\n<div><span style=\"font-family: arial, helvetica, sans-serif; font-size: 12pt;\">{email_signature}</span></div>', '{companyname} | CRM', '', 0, 1, 0),
(51, 'tasks', 'task-commented-to-contacts', 'english', 'New Comment on Task (Sent to Customer Contacts)', 'New Comment on Task - {task_name}', '<div><span style=\"font-family: arial, helvetica, sans-serif; font-size: 12pt;\">Dear {contact_firstname} {contact_lastname}</span></div>\r\n<div><span style=\"font-family: arial, helvetica, sans-serif; font-size: 12pt;\">&nbsp;</span></div>\r\n<div><span style=\"font-family: arial, helvetica, sans-serif; font-size: 12pt;\">A comment has been made on the following task:</span></div>\r\n<div><span style=\"font-family: arial, helvetica, sans-serif; font-size: 12pt;\">&nbsp;</span></div>\r\n<div><span style=\"font-family: arial, helvetica, sans-serif; font-size: 12pt;\">Name: &nbsp;{task_name}</span></div>\r\n<div><span style=\"font-family: arial, helvetica, sans-serif; font-size: 12pt;\">Description: &nbsp;{task_description}<br />Comment: {task_comment}</span></div>\r\n<div><span style=\"font-family: arial, helvetica, sans-serif; font-size: 12pt;\">&nbsp;</span></div>\r\n<div><span style=\"font-family: arial, helvetica, sans-serif; font-size: 12pt;\">Click on the following link to view: <a href=\"{task_link}\">{task_name}</a></span></div>\r\n<div><span style=\"font-family: arial, helvetica, sans-serif; font-size: 12pt;\">&nbsp;</span></div>\r\n<div><span style=\"font-family: arial, helvetica, sans-serif; font-size: 12pt;\">Kind regards,</span></div>\r\n<div><span style=\"font-family: arial, helvetica, sans-serif; font-size: 12pt;\">&nbsp;</span></div>\r\n<div><span style=\"font-family: arial, helvetica, sans-serif; font-size: 12pt;\">{email_signature}</span></div>', '{companyname} | CRM', '', 0, 1, 0),
(52, 'leads', 'new-lead-assigned', 'english', 'New Lead Assigned to Staff Member', 'New lead assigned to you', '<p>Hello {lead_assigned}</p>\r\n<p>New&nbsp;lead is assigned to you.<br /><br />You can view the lead on the following link: <a href=\"{lead_link}\">{lead_name}<br /><br /></a>Kind Regards,<br />{email_signature}</p>', '{companyname} | CRM', '', 0, 1, 0),
(53, 'client', 'new-client-created', 'catalan', 'New Contact Added/Registered (Welcome Email) [catalan]', 'Welcome aboard', '', '{companyname} | CRM', NULL, 0, 1, 0),
(54, 'invoice', 'invoice-send-to-client', 'catalan', 'Send Invoice to Customer [catalan]', 'Invoice with number {invoice_number} created', '', '{companyname} | CRM', NULL, 0, 1, 0),
(55, 'ticket', 'new-ticket-opened-admin', 'catalan', 'New Ticket Opened (Opened by Staff, Sent to Customer) [catalan]', 'New Support Ticket Opened', '', '{companyname} | CRM', NULL, 0, 1, 0),
(56, 'ticket', 'ticket-reply', 'catalan', 'Ticket Reply (Sent to Customer) [catalan]', 'New Ticket Reply', '', '{companyname} | CRM', NULL, 0, 1, 0),
(57, 'ticket', 'ticket-autoresponse', 'catalan', 'New Ticket Opened - Autoresponse [catalan]', 'New Support Ticket Opened', '', '{companyname} | CRM', NULL, 0, 1, 0),
(58, 'invoice', 'invoice-payment-recorded', 'catalan', 'Invoice Payment Recorded (Sent to Customer) [catalan]', 'Invoice Payment Recorded', '', '{companyname} | CRM', NULL, 0, 1, 0),
(59, 'invoice', 'invoice-overdue-notice', 'catalan', 'Invoice Overdue Notice [catalan]', 'Invoice Overdue Notice - {invoice_number}', '', '{companyname} | CRM', NULL, 0, 1, 0),
(60, 'invoice', 'invoice-already-send', 'catalan', 'Invoice Already Sent to Customer [catalan]', 'On your command here is the invoice', '', '{companyname} | CRM', NULL, 0, 1, 0),
(61, 'ticket', 'new-ticket-created-staff', 'catalan', 'New Ticket Created (Opened by Customer, Sent to Staff Members) [catalan]', 'New Ticket Created', '', '{companyname} | CRM', NULL, 0, 1, 0),
(62, 'estimate', 'estimate-send-to-client', 'catalan', 'Send Estimate to Customer [catalan]', 'Estimate # {estimate_number} created', '', '{companyname} | CRM', NULL, 0, 1, 0),
(63, 'ticket', 'ticket-reply-to-admin', 'catalan', 'Ticket Reply (Sent to Staff) [catalan]', 'New Support Ticket Reply', '', '{companyname} | CRM', NULL, 0, 1, 0),
(64, 'estimate', 'estimate-already-send', 'catalan', 'Estimate Already Sent to Customer [catalan]', 'Estimate # {estimate_number} ', '', '{companyname} | CRM', NULL, 0, 1, 0),
(65, 'contract', 'contract-expiration', 'catalan', 'Contract Expiration [catalan]', 'Contract Expiration Reminder', '', '{companyname} | CRM', NULL, 0, 1, 0),
(66, 'tasks', 'task-assigned', 'catalan', 'New Task Assigned (Sent to Staff) [catalan]', 'New Task Assigned to You - {task_name}', '', '{companyname} | CRM', NULL, 0, 1, 0),
(67, 'tasks', 'task-added-as-follower', 'catalan', 'Staff Member Added as Follower on Task [catalan]', 'You are added as follower on task - {task_name}', '', '{companyname} | CRM', NULL, 0, 1, 0),
(68, 'tasks', 'task-commented', 'catalan', 'New Comment on Task (Sent to Staff) [catalan]', 'New Comment on Task - {task_name}', '', '{companyname} | CRM', NULL, 0, 1, 0),
(69, 'tasks', 'task-marked-as-finished', 'catalan', 'Task Marked as Finished (Sent to Staff) [catalan]', 'Task Marked as Finished - {task_name}', '', '{companyname} | CRM', NULL, 0, 1, 0),
(70, 'tasks', 'task-added-attachment', 'catalan', 'New Attachment on Task (Sent to Staff) [catalan]', 'New Attachment on Task - {task_name}', '', '{companyname} | CRM', NULL, 0, 1, 0),
(71, 'tasks', 'task-unmarked-as-finished', 'catalan', 'Task Unmarked as Finished (Sent to Staff) [catalan]', 'Task UN-marked as finished - {task_name}', '', '{companyname} | CRM', NULL, 0, 1, 0),
(72, 'estimate', 'estimate-declined-to-staff', 'catalan', 'Estimate Declined (Sent to Staff) [catalan]', 'Customer Declined Estimate', '', '{companyname} | CRM', NULL, 0, 1, 0),
(73, 'estimate', 'estimate-accepted-to-staff', 'catalan', 'Estimate Accepted (Sent to Staff) [catalan]', 'Customer Accepted Estimate', '', '{companyname} | CRM', NULL, 0, 1, 0),
(74, 'proposals', 'proposal-client-accepted', 'catalan', 'Customer Action - Accepted (Sent to Staff) [catalan]', 'Customer Accepted Proposal', '', '{companyname} | CRM', NULL, 0, 1, 0),
(75, 'proposals', 'proposal-send-to-customer', 'catalan', 'Send Proposal to Customer [catalan]', 'Proposal', '', '{companyname} | CRM', NULL, 0, 1, 0),
(76, 'proposals', 'proposal-client-declined', 'catalan', 'Customer Action - Declined (Sent to Staff) [catalan]', 'Client Declined Proposal', '', '{companyname} | CRM', NULL, 0, 1, 0),
(77, 'proposals', 'proposal-client-thank-you', 'catalan', 'Thank You Email (Sent to Customer After Accept) [catalan]', 'Thank for you accepting proposal', '', '{companyname} | CRM', NULL, 0, 1, 0),
(78, 'proposals', 'proposal-comment-to-client', 'catalan', 'New Comment  (Sent to Customer Contacts) [catalan]', 'New Proposal Comment', '', '{companyname} | CRM', NULL, 0, 1, 0),
(79, 'proposals', 'proposal-comment-to-admin', 'catalan', 'New Comment (Sent to Staff)  [catalan]', 'New Proposal Comment', '', '{companyname} | CRM', NULL, 0, 1, 0),
(80, 'estimate', 'estimate-thank-you-to-customer', 'catalan', 'Thank You Email (Sent to Customer After Accept) [catalan]', 'Thank for you accepting estimate', '', '{companyname} | CRM', NULL, 0, 1, 0),
(81, 'tasks', 'task-deadline-notification', 'catalan', 'Task Deadline Reminder - Sent to Assigned Members [catalan]', 'Task Deadline Reminder', '', '{companyname} | CRM', NULL, 0, 1, 0),
(82, 'contract', 'send-contract', 'catalan', 'Send Contract to Customer [catalan]', 'Contract - {contract_subject}', '', '{companyname} | CRM', NULL, 0, 1, 0),
(83, 'invoice', 'invoice-payment-recorded-to-staff', 'catalan', 'Invoice Payment Recorded (Sent to Staff) [catalan]', 'New Invoice Payment', '', '{companyname} | CRM', NULL, 0, 1, 0),
(84, 'ticket', 'auto-close-ticket', 'catalan', 'Auto Close Ticket [catalan]', 'Ticket Auto Closed', '', '{companyname} | CRM', NULL, 0, 1, 0),
(85, 'project', 'new-project-discussion-created-to-staff', 'catalan', 'New Project Discussion (Sent to Project Members) [catalan]', 'New Project Discussion Created', '', '{companyname} | CRM', NULL, 0, 1, 0),
(86, 'project', 'new-project-discussion-created-to-customer', 'catalan', 'New Project Discussion (Sent to Customer Contacts) [catalan]', 'New Project Discussion Created', '', '{companyname} | CRM', NULL, 0, 1, 0),
(87, 'project', 'new-project-file-uploaded-to-customer', 'catalan', 'New Project File Uploaded (Sent to Customer Contacts) [catalan]', 'New Project File Uploaded', '', '{companyname} | CRM', NULL, 0, 1, 0),
(88, 'project', 'new-project-file-uploaded-to-staff', 'catalan', 'New Project File Uploaded (Sent to Project Members) [catalan]', 'New Project File Uploaded', '', '{companyname} | CRM', NULL, 0, 1, 0),
(89, 'project', 'new-project-discussion-comment-to-customer', 'catalan', 'New Discussion Comment  (Sent to Customer Contacts) [catalan]', 'New Discussion Comment', '', '{companyname} | CRM', NULL, 0, 1, 0),
(90, 'project', 'new-project-discussion-comment-to-staff', 'catalan', 'New Discussion Comment (Sent to Project Members) [catalan]', 'New Discussion Comment', '', '{companyname} | CRM', NULL, 0, 1, 0),
(91, 'project', 'staff-added-as-project-member', 'catalan', 'Staff Added as Project Member [catalan]', 'New project assigned to you', '', '{companyname} | CRM', NULL, 0, 1, 0),
(92, 'estimate', 'estimate-expiry-reminder', 'catalan', 'Estimate Expiration Reminder [catalan]', 'Estimate Expiration Reminder', '', '{companyname} | CRM', NULL, 0, 1, 0),
(93, 'proposals', 'proposal-expiry-reminder', 'catalan', 'Proposal Expiration Reminder [catalan]', 'Proposal Expiration Reminder', '', '{companyname} | CRM', NULL, 0, 1, 0),
(94, 'staff', 'new-staff-created', 'catalan', 'New Staff Created (Welcome Email) [catalan]', 'You are added as staff member', '', '{companyname} | CRM', NULL, 0, 1, 0),
(95, 'client', 'contact-forgot-password', 'catalan', 'Forgot Password [catalan]', 'Create New Password', '', '{companyname} | CRM', NULL, 0, 1, 0),
(96, 'client', 'contact-password-reseted', 'catalan', 'Password Reset - Confirmation [catalan]', 'Your password has been changed', '', '{companyname} | CRM', NULL, 0, 1, 0),
(97, 'client', 'contact-set-password', 'catalan', 'Set New Password [catalan]', 'Set new password on {companyname} ', '', '{companyname} | CRM', NULL, 0, 1, 0),
(98, 'staff', 'staff-forgot-password', 'catalan', 'Forgot Password [catalan]', 'Create New Password', '', '{companyname} | CRM', NULL, 0, 1, 0),
(99, 'staff', 'staff-password-reseted', 'catalan', 'Password Reset - Confirmation [catalan]', 'Your password has been changed', '', '{companyname} | CRM', NULL, 0, 1, 0),
(100, 'project', 'assigned-to-project', 'catalan', 'New Project Created (Sent to Customer Contacts) [catalan]', 'New Project Created', '', '{companyname} | CRM', NULL, 0, 1, 0),
(101, 'tasks', 'task-marked-as-finished-to-contacts', 'catalan', 'Task Marked as Finished (Sent to customer contacts) [catalan]', 'Task Marked as Finished - {task_name}', '', '{companyname} | CRM', NULL, 0, 1, 0),
(102, 'tasks', 'task-added-attachment-to-contacts', 'catalan', 'New Attachment on Task (Sent to Customer Contacts) [catalan]', 'New Attachment on Task - {task_name}', '', '{companyname} | CRM', NULL, 0, 1, 0),
(103, 'tasks', 'task-commented-to-contacts', 'catalan', 'New Comment on Task (Sent to Customer Contacts) [catalan]', 'New Comment on Task - {task_name}', '', '{companyname} | CRM', NULL, 0, 1, 0),
(104, 'leads', 'new-lead-assigned', 'catalan', 'New Lead Assigned to Staff Member [catalan]', 'New lead assigned to you', '', '{companyname} | CRM', NULL, 0, 1, 0),
(105, 'client', 'new-client-created', 'chinese', 'New Contact Added/Registered (Welcome Email) [chinese]', 'Welcome aboard', '', '{companyname} | CRM', NULL, 0, 1, 0),
(106, 'invoice', 'invoice-send-to-client', 'chinese', 'Send Invoice to Customer [chinese]', 'Invoice with number {invoice_number} created', '', '{companyname} | CRM', NULL, 0, 1, 0),
(107, 'ticket', 'new-ticket-opened-admin', 'chinese', 'New Ticket Opened (Opened by Staff, Sent to Customer) [chinese]', 'New Support Ticket Opened', '', '{companyname} | CRM', NULL, 0, 1, 0),
(108, 'ticket', 'ticket-reply', 'chinese', 'Ticket Reply (Sent to Customer) [chinese]', 'New Ticket Reply', '', '{companyname} | CRM', NULL, 0, 1, 0),
(109, 'ticket', 'ticket-autoresponse', 'chinese', 'New Ticket Opened - Autoresponse [chinese]', 'New Support Ticket Opened', '', '{companyname} | CRM', NULL, 0, 1, 0),
(110, 'invoice', 'invoice-payment-recorded', 'chinese', 'Invoice Payment Recorded (Sent to Customer) [chinese]', 'Invoice Payment Recorded', '', '{companyname} | CRM', NULL, 0, 1, 0),
(111, 'invoice', 'invoice-overdue-notice', 'chinese', 'Invoice Overdue Notice [chinese]', 'Invoice Overdue Notice - {invoice_number}', '', '{companyname} | CRM', NULL, 0, 1, 0),
(112, 'invoice', 'invoice-already-send', 'chinese', 'Invoice Already Sent to Customer [chinese]', 'On your command here is the invoice', '', '{companyname} | CRM', NULL, 0, 1, 0),
(113, 'ticket', 'new-ticket-created-staff', 'chinese', 'New Ticket Created (Opened by Customer, Sent to Staff Members) [chinese]', 'New Ticket Created', '', '{companyname} | CRM', NULL, 0, 1, 0),
(114, 'estimate', 'estimate-send-to-client', 'chinese', 'Send Estimate to Customer [chinese]', 'Estimate # {estimate_number} created', '', '{companyname} | CRM', NULL, 0, 1, 0),
(115, 'ticket', 'ticket-reply-to-admin', 'chinese', 'Ticket Reply (Sent to Staff) [chinese]', 'New Support Ticket Reply', '', '{companyname} | CRM', NULL, 0, 1, 0),
(116, 'estimate', 'estimate-already-send', 'chinese', 'Estimate Already Sent to Customer [chinese]', 'Estimate # {estimate_number} ', '', '{companyname} | CRM', NULL, 0, 1, 0),
(117, 'contract', 'contract-expiration', 'chinese', 'Contract Expiration [chinese]', 'Contract Expiration Reminder', '', '{companyname} | CRM', NULL, 0, 1, 0),
(118, 'tasks', 'task-assigned', 'chinese', 'New Task Assigned (Sent to Staff) [chinese]', 'New Task Assigned to You - {task_name}', '', '{companyname} | CRM', NULL, 0, 1, 0),
(119, 'tasks', 'task-added-as-follower', 'chinese', 'Staff Member Added as Follower on Task [chinese]', 'You are added as follower on task - {task_name}', '', '{companyname} | CRM', NULL, 0, 1, 0),
(120, 'tasks', 'task-commented', 'chinese', 'New Comment on Task (Sent to Staff) [chinese]', 'New Comment on Task - {task_name}', '', '{companyname} | CRM', NULL, 0, 1, 0),
(121, 'tasks', 'task-marked-as-finished', 'chinese', 'Task Marked as Finished (Sent to Staff) [chinese]', 'Task Marked as Finished - {task_name}', '', '{companyname} | CRM', NULL, 0, 1, 0),
(122, 'tasks', 'task-added-attachment', 'chinese', 'New Attachment on Task (Sent to Staff) [chinese]', 'New Attachment on Task - {task_name}', '', '{companyname} | CRM', NULL, 0, 1, 0),
(123, 'tasks', 'task-unmarked-as-finished', 'chinese', 'Task Unmarked as Finished (Sent to Staff) [chinese]', 'Task UN-marked as finished - {task_name}', '', '{companyname} | CRM', NULL, 0, 1, 0),
(124, 'estimate', 'estimate-declined-to-staff', 'chinese', 'Estimate Declined (Sent to Staff) [chinese]', 'Customer Declined Estimate', '', '{companyname} | CRM', NULL, 0, 1, 0),
(125, 'estimate', 'estimate-accepted-to-staff', 'chinese', 'Estimate Accepted (Sent to Staff) [chinese]', 'Customer Accepted Estimate', '', '{companyname} | CRM', NULL, 0, 1, 0),
(126, 'proposals', 'proposal-client-accepted', 'chinese', 'Customer Action - Accepted (Sent to Staff) [chinese]', 'Customer Accepted Proposal', '', '{companyname} | CRM', NULL, 0, 1, 0),
(127, 'proposals', 'proposal-send-to-customer', 'chinese', 'Send Proposal to Customer [chinese]', 'Proposal', '', '{companyname} | CRM', NULL, 0, 1, 0),
(128, 'proposals', 'proposal-client-declined', 'chinese', 'Customer Action - Declined (Sent to Staff) [chinese]', 'Client Declined Proposal', '', '{companyname} | CRM', NULL, 0, 1, 0),
(129, 'proposals', 'proposal-client-thank-you', 'chinese', 'Thank You Email (Sent to Customer After Accept) [chinese]', 'Thank for you accepting proposal', '', '{companyname} | CRM', NULL, 0, 1, 0),
(130, 'proposals', 'proposal-comment-to-client', 'chinese', 'New Comment  (Sent to Customer Contacts) [chinese]', 'New Proposal Comment', '', '{companyname} | CRM', NULL, 0, 1, 0),
(131, 'proposals', 'proposal-comment-to-admin', 'chinese', 'New Comment (Sent to Staff)  [chinese]', 'New Proposal Comment', '', '{companyname} | CRM', NULL, 0, 1, 0),
(132, 'estimate', 'estimate-thank-you-to-customer', 'chinese', 'Thank You Email (Sent to Customer After Accept) [chinese]', 'Thank for you accepting estimate', '', '{companyname} | CRM', NULL, 0, 1, 0),
(133, 'tasks', 'task-deadline-notification', 'chinese', 'Task Deadline Reminder - Sent to Assigned Members [chinese]', 'Task Deadline Reminder', '', '{companyname} | CRM', NULL, 0, 1, 0),
(134, 'contract', 'send-contract', 'chinese', 'Send Contract to Customer [chinese]', 'Contract - {contract_subject}', '', '{companyname} | CRM', NULL, 0, 1, 0),
(135, 'invoice', 'invoice-payment-recorded-to-staff', 'chinese', 'Invoice Payment Recorded (Sent to Staff) [chinese]', 'New Invoice Payment', '', '{companyname} | CRM', NULL, 0, 1, 0),
(136, 'ticket', 'auto-close-ticket', 'chinese', 'Auto Close Ticket [chinese]', 'Ticket Auto Closed', '', '{companyname} | CRM', NULL, 0, 1, 0),
(137, 'project', 'new-project-discussion-created-to-staff', 'chinese', 'New Project Discussion (Sent to Project Members) [chinese]', 'New Project Discussion Created', '', '{companyname} | CRM', NULL, 0, 1, 0),
(138, 'project', 'new-project-discussion-created-to-customer', 'chinese', 'New Project Discussion (Sent to Customer Contacts) [chinese]', 'New Project Discussion Created', '', '{companyname} | CRM', NULL, 0, 1, 0),
(139, 'project', 'new-project-file-uploaded-to-customer', 'chinese', 'New Project File Uploaded (Sent to Customer Contacts) [chinese]', 'New Project File Uploaded', '', '{companyname} | CRM', NULL, 0, 1, 0),
(140, 'project', 'new-project-file-uploaded-to-staff', 'chinese', 'New Project File Uploaded (Sent to Project Members) [chinese]', 'New Project File Uploaded', '', '{companyname} | CRM', NULL, 0, 1, 0),
(141, 'project', 'new-project-discussion-comment-to-customer', 'chinese', 'New Discussion Comment  (Sent to Customer Contacts) [chinese]', 'New Discussion Comment', '', '{companyname} | CRM', NULL, 0, 1, 0),
(142, 'project', 'new-project-discussion-comment-to-staff', 'chinese', 'New Discussion Comment (Sent to Project Members) [chinese]', 'New Discussion Comment', '', '{companyname} | CRM', NULL, 0, 1, 0),
(143, 'project', 'staff-added-as-project-member', 'chinese', 'Staff Added as Project Member [chinese]', 'New project assigned to you', '', '{companyname} | CRM', NULL, 0, 1, 0),
(144, 'estimate', 'estimate-expiry-reminder', 'chinese', 'Estimate Expiration Reminder [chinese]', 'Estimate Expiration Reminder', '', '{companyname} | CRM', NULL, 0, 1, 0),
(145, 'proposals', 'proposal-expiry-reminder', 'chinese', 'Proposal Expiration Reminder [chinese]', 'Proposal Expiration Reminder', '', '{companyname} | CRM', NULL, 0, 1, 0),
(146, 'staff', 'new-staff-created', 'chinese', 'New Staff Created (Welcome Email) [chinese]', 'You are added as staff member', '', '{companyname} | CRM', NULL, 0, 1, 0),
(147, 'client', 'contact-forgot-password', 'chinese', 'Forgot Password [chinese]', 'Create New Password', '', '{companyname} | CRM', NULL, 0, 1, 0),
(148, 'client', 'contact-password-reseted', 'chinese', 'Password Reset - Confirmation [chinese]', 'Your password has been changed', '', '{companyname} | CRM', NULL, 0, 1, 0),
(149, 'client', 'contact-set-password', 'chinese', 'Set New Password [chinese]', 'Set new password on {companyname} ', '', '{companyname} | CRM', NULL, 0, 1, 0),
(150, 'staff', 'staff-forgot-password', 'chinese', 'Forgot Password [chinese]', 'Create New Password', '', '{companyname} | CRM', NULL, 0, 1, 0),
(151, 'staff', 'staff-password-reseted', 'chinese', 'Password Reset - Confirmation [chinese]', 'Your password has been changed', '', '{companyname} | CRM', NULL, 0, 1, 0),
(152, 'project', 'assigned-to-project', 'chinese', 'New Project Created (Sent to Customer Contacts) [chinese]', 'New Project Created', '', '{companyname} | CRM', NULL, 0, 1, 0),
(153, 'tasks', 'task-marked-as-finished-to-contacts', 'chinese', 'Task Marked as Finished (Sent to customer contacts) [chinese]', 'Task Marked as Finished - {task_name}', '', '{companyname} | CRM', NULL, 0, 1, 0),
(154, 'tasks', 'task-added-attachment-to-contacts', 'chinese', 'New Attachment on Task (Sent to Customer Contacts) [chinese]', 'New Attachment on Task - {task_name}', '', '{companyname} | CRM', NULL, 0, 1, 0),
(155, 'tasks', 'task-commented-to-contacts', 'chinese', 'New Comment on Task (Sent to Customer Contacts) [chinese]', 'New Comment on Task - {task_name}', '', '{companyname} | CRM', NULL, 0, 1, 0),
(156, 'leads', 'new-lead-assigned', 'chinese', 'New Lead Assigned to Staff Member [chinese]', 'New lead assigned to you', '', '{companyname} | CRM', NULL, 0, 1, 0),
(157, 'client', 'new-client-created', 'dutch', 'New Contact Added/Registered (Welcome Email) [dutch]', 'Welcome aboard', '', '{companyname} | CRM', NULL, 0, 1, 0),
(158, 'invoice', 'invoice-send-to-client', 'dutch', 'Send Invoice to Customer [dutch]', 'Invoice with number {invoice_number} created', '', '{companyname} | CRM', NULL, 0, 1, 0),
(159, 'ticket', 'new-ticket-opened-admin', 'dutch', 'New Ticket Opened (Opened by Staff, Sent to Customer) [dutch]', 'New Support Ticket Opened', '', '{companyname} | CRM', NULL, 0, 1, 0),
(160, 'ticket', 'ticket-reply', 'dutch', 'Ticket Reply (Sent to Customer) [dutch]', 'New Ticket Reply', '', '{companyname} | CRM', NULL, 0, 1, 0),
(161, 'ticket', 'ticket-autoresponse', 'dutch', 'New Ticket Opened - Autoresponse [dutch]', 'New Support Ticket Opened', '', '{companyname} | CRM', NULL, 0, 1, 0),
(162, 'invoice', 'invoice-payment-recorded', 'dutch', 'Invoice Payment Recorded (Sent to Customer) [dutch]', 'Invoice Payment Recorded', '', '{companyname} | CRM', NULL, 0, 1, 0),
(163, 'invoice', 'invoice-overdue-notice', 'dutch', 'Invoice Overdue Notice [dutch]', 'Invoice Overdue Notice - {invoice_number}', '', '{companyname} | CRM', NULL, 0, 1, 0),
(164, 'invoice', 'invoice-already-send', 'dutch', 'Invoice Already Sent to Customer [dutch]', 'On your command here is the invoice', '', '{companyname} | CRM', NULL, 0, 1, 0),
(165, 'ticket', 'new-ticket-created-staff', 'dutch', 'New Ticket Created (Opened by Customer, Sent to Staff Members) [dutch]', 'New Ticket Created', '', '{companyname} | CRM', NULL, 0, 1, 0),
(166, 'estimate', 'estimate-send-to-client', 'dutch', 'Send Estimate to Customer [dutch]', 'Estimate # {estimate_number} created', '', '{companyname} | CRM', NULL, 0, 1, 0),
(167, 'ticket', 'ticket-reply-to-admin', 'dutch', 'Ticket Reply (Sent to Staff) [dutch]', 'New Support Ticket Reply', '', '{companyname} | CRM', NULL, 0, 1, 0),
(168, 'estimate', 'estimate-already-send', 'dutch', 'Estimate Already Sent to Customer [dutch]', 'Estimate # {estimate_number} ', '', '{companyname} | CRM', NULL, 0, 1, 0),
(169, 'contract', 'contract-expiration', 'dutch', 'Contract Expiration [dutch]', 'Contract Expiration Reminder', '', '{companyname} | CRM', NULL, 0, 1, 0),
(170, 'tasks', 'task-assigned', 'dutch', 'New Task Assigned (Sent to Staff) [dutch]', 'New Task Assigned to You - {task_name}', '', '{companyname} | CRM', NULL, 0, 1, 0),
(171, 'tasks', 'task-added-as-follower', 'dutch', 'Staff Member Added as Follower on Task [dutch]', 'You are added as follower on task - {task_name}', '', '{companyname} | CRM', NULL, 0, 1, 0),
(172, 'tasks', 'task-commented', 'dutch', 'New Comment on Task (Sent to Staff) [dutch]', 'New Comment on Task - {task_name}', '', '{companyname} | CRM', NULL, 0, 1, 0),
(173, 'tasks', 'task-marked-as-finished', 'dutch', 'Task Marked as Finished (Sent to Staff) [dutch]', 'Task Marked as Finished - {task_name}', '', '{companyname} | CRM', NULL, 0, 1, 0),
(174, 'tasks', 'task-added-attachment', 'dutch', 'New Attachment on Task (Sent to Staff) [dutch]', 'New Attachment on Task - {task_name}', '', '{companyname} | CRM', NULL, 0, 1, 0),
(175, 'tasks', 'task-unmarked-as-finished', 'dutch', 'Task Unmarked as Finished (Sent to Staff) [dutch]', 'Task UN-marked as finished - {task_name}', '', '{companyname} | CRM', NULL, 0, 1, 0),
(176, 'estimate', 'estimate-declined-to-staff', 'dutch', 'Estimate Declined (Sent to Staff) [dutch]', 'Customer Declined Estimate', '', '{companyname} | CRM', NULL, 0, 1, 0),
(177, 'estimate', 'estimate-accepted-to-staff', 'dutch', 'Estimate Accepted (Sent to Staff) [dutch]', 'Customer Accepted Estimate', '', '{companyname} | CRM', NULL, 0, 1, 0),
(178, 'proposals', 'proposal-client-accepted', 'dutch', 'Customer Action - Accepted (Sent to Staff) [dutch]', 'Customer Accepted Proposal', '', '{companyname} | CRM', NULL, 0, 1, 0),
(179, 'proposals', 'proposal-send-to-customer', 'dutch', 'Send Proposal to Customer [dutch]', 'Proposal', '', '{companyname} | CRM', NULL, 0, 1, 0),
(180, 'proposals', 'proposal-client-declined', 'dutch', 'Customer Action - Declined (Sent to Staff) [dutch]', 'Client Declined Proposal', '', '{companyname} | CRM', NULL, 0, 1, 0),
(181, 'proposals', 'proposal-client-thank-you', 'dutch', 'Thank You Email (Sent to Customer After Accept) [dutch]', 'Thank for you accepting proposal', '', '{companyname} | CRM', NULL, 0, 1, 0),
(182, 'proposals', 'proposal-comment-to-client', 'dutch', 'New Comment  (Sent to Customer Contacts) [dutch]', 'New Proposal Comment', '', '{companyname} | CRM', NULL, 0, 1, 0),
(183, 'proposals', 'proposal-comment-to-admin', 'dutch', 'New Comment (Sent to Staff)  [dutch]', 'New Proposal Comment', '', '{companyname} | CRM', NULL, 0, 1, 0),
(184, 'estimate', 'estimate-thank-you-to-customer', 'dutch', 'Thank You Email (Sent to Customer After Accept) [dutch]', 'Thank for you accepting estimate', '', '{companyname} | CRM', NULL, 0, 1, 0),
(185, 'tasks', 'task-deadline-notification', 'dutch', 'Task Deadline Reminder - Sent to Assigned Members [dutch]', 'Task Deadline Reminder', '', '{companyname} | CRM', NULL, 0, 1, 0),
(186, 'contract', 'send-contract', 'dutch', 'Send Contract to Customer [dutch]', 'Contract - {contract_subject}', '', '{companyname} | CRM', NULL, 0, 1, 0),
(187, 'invoice', 'invoice-payment-recorded-to-staff', 'dutch', 'Invoice Payment Recorded (Sent to Staff) [dutch]', 'New Invoice Payment', '', '{companyname} | CRM', NULL, 0, 1, 0),
(188, 'ticket', 'auto-close-ticket', 'dutch', 'Auto Close Ticket [dutch]', 'Ticket Auto Closed', '', '{companyname} | CRM', NULL, 0, 1, 0),
(189, 'project', 'new-project-discussion-created-to-staff', 'dutch', 'New Project Discussion (Sent to Project Members) [dutch]', 'New Project Discussion Created', '', '{companyname} | CRM', NULL, 0, 1, 0),
(190, 'project', 'new-project-discussion-created-to-customer', 'dutch', 'New Project Discussion (Sent to Customer Contacts) [dutch]', 'New Project Discussion Created', '', '{companyname} | CRM', NULL, 0, 1, 0),
(191, 'project', 'new-project-file-uploaded-to-customer', 'dutch', 'New Project File Uploaded (Sent to Customer Contacts) [dutch]', 'New Project File Uploaded', '', '{companyname} | CRM', NULL, 0, 1, 0),
(192, 'project', 'new-project-file-uploaded-to-staff', 'dutch', 'New Project File Uploaded (Sent to Project Members) [dutch]', 'New Project File Uploaded', '', '{companyname} | CRM', NULL, 0, 1, 0),
(193, 'project', 'new-project-discussion-comment-to-customer', 'dutch', 'New Discussion Comment  (Sent to Customer Contacts) [dutch]', 'New Discussion Comment', '', '{companyname} | CRM', NULL, 0, 1, 0),
(194, 'project', 'new-project-discussion-comment-to-staff', 'dutch', 'New Discussion Comment (Sent to Project Members) [dutch]', 'New Discussion Comment', '', '{companyname} | CRM', NULL, 0, 1, 0),
(195, 'project', 'staff-added-as-project-member', 'dutch', 'Staff Added as Project Member [dutch]', 'New project assigned to you', '', '{companyname} | CRM', NULL, 0, 1, 0),
(196, 'estimate', 'estimate-expiry-reminder', 'dutch', 'Estimate Expiration Reminder [dutch]', 'Estimate Expiration Reminder', '', '{companyname} | CRM', NULL, 0, 1, 0),
(197, 'proposals', 'proposal-expiry-reminder', 'dutch', 'Proposal Expiration Reminder [dutch]', 'Proposal Expiration Reminder', '', '{companyname} | CRM', NULL, 0, 1, 0),
(198, 'staff', 'new-staff-created', 'dutch', 'New Staff Created (Welcome Email) [dutch]', 'You are added as staff member', '', '{companyname} | CRM', NULL, 0, 1, 0),
(199, 'client', 'contact-forgot-password', 'dutch', 'Forgot Password [dutch]', 'Create New Password', '', '{companyname} | CRM', NULL, 0, 1, 0),
(200, 'client', 'contact-password-reseted', 'dutch', 'Password Reset - Confirmation [dutch]', 'Your password has been changed', '', '{companyname} | CRM', NULL, 0, 1, 0),
(201, 'client', 'contact-set-password', 'dutch', 'Set New Password [dutch]', 'Set new password on {companyname} ', '', '{companyname} | CRM', NULL, 0, 1, 0),
(202, 'staff', 'staff-forgot-password', 'dutch', 'Forgot Password [dutch]', 'Create New Password', '', '{companyname} | CRM', NULL, 0, 1, 0),
(203, 'staff', 'staff-password-reseted', 'dutch', 'Password Reset - Confirmation [dutch]', 'Your password has been changed', '', '{companyname} | CRM', NULL, 0, 1, 0),
(204, 'project', 'assigned-to-project', 'dutch', 'New Project Created (Sent to Customer Contacts) [dutch]', 'New Project Created', '', '{companyname} | CRM', NULL, 0, 1, 0),
(205, 'tasks', 'task-marked-as-finished-to-contacts', 'dutch', 'Task Marked as Finished (Sent to customer contacts) [dutch]', 'Task Marked as Finished - {task_name}', '', '{companyname} | CRM', NULL, 0, 1, 0),
(206, 'tasks', 'task-added-attachment-to-contacts', 'dutch', 'New Attachment on Task (Sent to Customer Contacts) [dutch]', 'New Attachment on Task - {task_name}', '', '{companyname} | CRM', NULL, 0, 1, 0),
(207, 'tasks', 'task-commented-to-contacts', 'dutch', 'New Comment on Task (Sent to Customer Contacts) [dutch]', 'New Comment on Task - {task_name}', '', '{companyname} | CRM', NULL, 0, 1, 0),
(208, 'leads', 'new-lead-assigned', 'dutch', 'New Lead Assigned to Staff Member [dutch]', 'New lead assigned to you', '', '{companyname} | CRM', NULL, 0, 1, 0),
(209, 'client', 'new-client-created', 'french', 'New Contact Added/Registered (Welcome Email) [french]', 'Welcome aboard', '', '{companyname} | CRM', NULL, 0, 1, 0),
(210, 'invoice', 'invoice-send-to-client', 'french', 'Send Invoice to Customer [french]', 'Invoice with number {invoice_number} created', '', '{companyname} | CRM', NULL, 0, 1, 0),
(211, 'ticket', 'new-ticket-opened-admin', 'french', 'New Ticket Opened (Opened by Staff, Sent to Customer) [french]', 'New Support Ticket Opened', '', '{companyname} | CRM', NULL, 0, 1, 0),
(212, 'ticket', 'ticket-reply', 'french', 'Ticket Reply (Sent to Customer) [french]', 'New Ticket Reply', '', '{companyname} | CRM', NULL, 0, 1, 0),
(213, 'ticket', 'ticket-autoresponse', 'french', 'New Ticket Opened - Autoresponse [french]', 'New Support Ticket Opened', '', '{companyname} | CRM', NULL, 0, 1, 0),
(214, 'invoice', 'invoice-payment-recorded', 'french', 'Invoice Payment Recorded (Sent to Customer) [french]', 'Invoice Payment Recorded', '', '{companyname} | CRM', NULL, 0, 1, 0),
(215, 'invoice', 'invoice-overdue-notice', 'french', 'Invoice Overdue Notice [french]', 'Invoice Overdue Notice - {invoice_number}', '', '{companyname} | CRM', NULL, 0, 1, 0),
(216, 'invoice', 'invoice-already-send', 'french', 'Invoice Already Sent to Customer [french]', 'On your command here is the invoice', '', '{companyname} | CRM', NULL, 0, 1, 0),
(217, 'ticket', 'new-ticket-created-staff', 'french', 'New Ticket Created (Opened by Customer, Sent to Staff Members) [french]', 'New Ticket Created', '', '{companyname} | CRM', NULL, 0, 1, 0),
(218, 'estimate', 'estimate-send-to-client', 'french', 'Send Estimate to Customer [french]', 'Estimate # {estimate_number} created', '', '{companyname} | CRM', NULL, 0, 1, 0),
(219, 'ticket', 'ticket-reply-to-admin', 'french', 'Ticket Reply (Sent to Staff) [french]', 'New Support Ticket Reply', '', '{companyname} | CRM', NULL, 0, 1, 0),
(220, 'estimate', 'estimate-already-send', 'french', 'Estimate Already Sent to Customer [french]', 'Estimate # {estimate_number} ', '', '{companyname} | CRM', NULL, 0, 1, 0),
(221, 'contract', 'contract-expiration', 'french', 'Contract Expiration [french]', 'Contract Expiration Reminder', '', '{companyname} | CRM', NULL, 0, 1, 0),
(222, 'tasks', 'task-assigned', 'french', 'New Task Assigned (Sent to Staff) [french]', 'New Task Assigned to You - {task_name}', '', '{companyname} | CRM', NULL, 0, 1, 0),
(223, 'tasks', 'task-added-as-follower', 'french', 'Staff Member Added as Follower on Task [french]', 'You are added as follower on task - {task_name}', '', '{companyname} | CRM', NULL, 0, 1, 0),
(224, 'tasks', 'task-commented', 'french', 'New Comment on Task (Sent to Staff) [french]', 'New Comment on Task - {task_name}', '', '{companyname} | CRM', NULL, 0, 1, 0),
(225, 'tasks', 'task-marked-as-finished', 'french', 'Task Marked as Finished (Sent to Staff) [french]', 'Task Marked as Finished - {task_name}', '', '{companyname} | CRM', NULL, 0, 1, 0),
(226, 'tasks', 'task-added-attachment', 'french', 'New Attachment on Task (Sent to Staff) [french]', 'New Attachment on Task - {task_name}', '', '{companyname} | CRM', NULL, 0, 1, 0),
(227, 'tasks', 'task-unmarked-as-finished', 'french', 'Task Unmarked as Finished (Sent to Staff) [french]', 'Task UN-marked as finished - {task_name}', '', '{companyname} | CRM', NULL, 0, 1, 0),
(228, 'estimate', 'estimate-declined-to-staff', 'french', 'Estimate Declined (Sent to Staff) [french]', 'Customer Declined Estimate', '', '{companyname} | CRM', NULL, 0, 1, 0),
(229, 'estimate', 'estimate-accepted-to-staff', 'french', 'Estimate Accepted (Sent to Staff) [french]', 'Customer Accepted Estimate', '', '{companyname} | CRM', NULL, 0, 1, 0),
(230, 'proposals', 'proposal-client-accepted', 'french', 'Customer Action - Accepted (Sent to Staff) [french]', 'Customer Accepted Proposal', '', '{companyname} | CRM', NULL, 0, 1, 0),
(231, 'proposals', 'proposal-send-to-customer', 'french', 'Send Proposal to Customer [french]', 'Proposal', '', '{companyname} | CRM', NULL, 0, 1, 0),
(232, 'proposals', 'proposal-client-declined', 'french', 'Customer Action - Declined (Sent to Staff) [french]', 'Client Declined Proposal', '', '{companyname} | CRM', NULL, 0, 1, 0),
(233, 'proposals', 'proposal-client-thank-you', 'french', 'Thank You Email (Sent to Customer After Accept) [french]', 'Thank for you accepting proposal', '', '{companyname} | CRM', NULL, 0, 1, 0),
(234, 'proposals', 'proposal-comment-to-client', 'french', 'New Comment  (Sent to Customer Contacts) [french]', 'New Proposal Comment', '', '{companyname} | CRM', NULL, 0, 1, 0),
(235, 'proposals', 'proposal-comment-to-admin', 'french', 'New Comment (Sent to Staff)  [french]', 'New Proposal Comment', '', '{companyname} | CRM', NULL, 0, 1, 0),
(236, 'estimate', 'estimate-thank-you-to-customer', 'french', 'Thank You Email (Sent to Customer After Accept) [french]', 'Thank for you accepting estimate', '', '{companyname} | CRM', NULL, 0, 1, 0),
(237, 'tasks', 'task-deadline-notification', 'french', 'Task Deadline Reminder - Sent to Assigned Members [french]', 'Task Deadline Reminder', '', '{companyname} | CRM', NULL, 0, 1, 0),
(238, 'contract', 'send-contract', 'french', 'Send Contract to Customer [french]', 'Contract - {contract_subject}', '', '{companyname} | CRM', NULL, 0, 1, 0),
(239, 'invoice', 'invoice-payment-recorded-to-staff', 'french', 'Invoice Payment Recorded (Sent to Staff) [french]', 'New Invoice Payment', '', '{companyname} | CRM', NULL, 0, 1, 0),
(240, 'ticket', 'auto-close-ticket', 'french', 'Auto Close Ticket [french]', 'Ticket Auto Closed', '', '{companyname} | CRM', NULL, 0, 1, 0);
INSERT INTO `tblemailtemplates` (`emailtemplateid`, `type`, `slug`, `language`, `name`, `subject`, `message`, `fromname`, `fromemail`, `plaintext`, `active`, `order`) VALUES
(241, 'project', 'new-project-discussion-created-to-staff', 'french', 'New Project Discussion (Sent to Project Members) [french]', 'New Project Discussion Created', '', '{companyname} | CRM', NULL, 0, 1, 0),
(242, 'project', 'new-project-discussion-created-to-customer', 'french', 'New Project Discussion (Sent to Customer Contacts) [french]', 'New Project Discussion Created', '', '{companyname} | CRM', NULL, 0, 1, 0),
(243, 'project', 'new-project-file-uploaded-to-customer', 'french', 'New Project File Uploaded (Sent to Customer Contacts) [french]', 'New Project File Uploaded', '', '{companyname} | CRM', NULL, 0, 1, 0),
(244, 'project', 'new-project-file-uploaded-to-staff', 'french', 'New Project File Uploaded (Sent to Project Members) [french]', 'New Project File Uploaded', '', '{companyname} | CRM', NULL, 0, 1, 0),
(245, 'project', 'new-project-discussion-comment-to-customer', 'french', 'New Discussion Comment  (Sent to Customer Contacts) [french]', 'New Discussion Comment', '', '{companyname} | CRM', NULL, 0, 1, 0),
(246, 'project', 'new-project-discussion-comment-to-staff', 'french', 'New Discussion Comment (Sent to Project Members) [french]', 'New Discussion Comment', '', '{companyname} | CRM', NULL, 0, 1, 0),
(247, 'project', 'staff-added-as-project-member', 'french', 'Staff Added as Project Member [french]', 'New project assigned to you', '', '{companyname} | CRM', NULL, 0, 1, 0),
(248, 'estimate', 'estimate-expiry-reminder', 'french', 'Estimate Expiration Reminder [french]', 'Estimate Expiration Reminder', '', '{companyname} | CRM', NULL, 0, 1, 0),
(249, 'proposals', 'proposal-expiry-reminder', 'french', 'Proposal Expiration Reminder [french]', 'Proposal Expiration Reminder', '', '{companyname} | CRM', NULL, 0, 1, 0),
(250, 'staff', 'new-staff-created', 'french', 'New Staff Created (Welcome Email) [french]', 'You are added as staff member', '', '{companyname} | CRM', NULL, 0, 1, 0),
(251, 'client', 'contact-forgot-password', 'french', 'Forgot Password [french]', 'Create New Password', '', '{companyname} | CRM', NULL, 0, 1, 0),
(252, 'client', 'contact-password-reseted', 'french', 'Password Reset - Confirmation [french]', 'Your password has been changed', '', '{companyname} | CRM', NULL, 0, 1, 0),
(253, 'client', 'contact-set-password', 'french', 'Set New Password [french]', 'Set new password on {companyname} ', '', '{companyname} | CRM', NULL, 0, 1, 0),
(254, 'staff', 'staff-forgot-password', 'french', 'Forgot Password [french]', 'Create New Password', '', '{companyname} | CRM', NULL, 0, 1, 0),
(255, 'staff', 'staff-password-reseted', 'french', 'Password Reset - Confirmation [french]', 'Your password has been changed', '', '{companyname} | CRM', NULL, 0, 1, 0),
(256, 'project', 'assigned-to-project', 'french', 'New Project Created (Sent to Customer Contacts) [french]', 'New Project Created', '', '{companyname} | CRM', NULL, 0, 1, 0),
(257, 'tasks', 'task-marked-as-finished-to-contacts', 'french', 'Task Marked as Finished (Sent to customer contacts) [french]', 'Task Marked as Finished - {task_name}', '', '{companyname} | CRM', NULL, 0, 1, 0),
(258, 'tasks', 'task-added-attachment-to-contacts', 'french', 'New Attachment on Task (Sent to Customer Contacts) [french]', 'New Attachment on Task - {task_name}', '', '{companyname} | CRM', NULL, 0, 1, 0),
(259, 'tasks', 'task-commented-to-contacts', 'french', 'New Comment on Task (Sent to Customer Contacts) [french]', 'New Comment on Task - {task_name}', '', '{companyname} | CRM', NULL, 0, 1, 0),
(260, 'leads', 'new-lead-assigned', 'french', 'New Lead Assigned to Staff Member [french]', 'New lead assigned to you', '', '{companyname} | CRM', NULL, 0, 1, 0),
(261, 'client', 'new-client-created', 'german', 'New Contact Added/Registered (Welcome Email) [german]', 'Welcome aboard', '', '{companyname} | CRM', NULL, 0, 1, 0),
(262, 'invoice', 'invoice-send-to-client', 'german', 'Send Invoice to Customer [german]', 'Invoice with number {invoice_number} created', '', '{companyname} | CRM', NULL, 0, 1, 0),
(263, 'ticket', 'new-ticket-opened-admin', 'german', 'New Ticket Opened (Opened by Staff, Sent to Customer) [german]', 'New Support Ticket Opened', '', '{companyname} | CRM', NULL, 0, 1, 0),
(264, 'ticket', 'ticket-reply', 'german', 'Ticket Reply (Sent to Customer) [german]', 'New Ticket Reply', '', '{companyname} | CRM', NULL, 0, 1, 0),
(265, 'ticket', 'ticket-autoresponse', 'german', 'New Ticket Opened - Autoresponse [german]', 'New Support Ticket Opened', '', '{companyname} | CRM', NULL, 0, 1, 0),
(266, 'invoice', 'invoice-payment-recorded', 'german', 'Invoice Payment Recorded (Sent to Customer) [german]', 'Invoice Payment Recorded', '', '{companyname} | CRM', NULL, 0, 1, 0),
(267, 'invoice', 'invoice-overdue-notice', 'german', 'Invoice Overdue Notice [german]', 'Invoice Overdue Notice - {invoice_number}', '', '{companyname} | CRM', NULL, 0, 1, 0),
(268, 'invoice', 'invoice-already-send', 'german', 'Invoice Already Sent to Customer [german]', 'On your command here is the invoice', '', '{companyname} | CRM', NULL, 0, 1, 0),
(269, 'ticket', 'new-ticket-created-staff', 'german', 'New Ticket Created (Opened by Customer, Sent to Staff Members) [german]', 'New Ticket Created', '', '{companyname} | CRM', NULL, 0, 1, 0),
(270, 'estimate', 'estimate-send-to-client', 'german', 'Send Estimate to Customer [german]', 'Estimate # {estimate_number} created', '', '{companyname} | CRM', NULL, 0, 1, 0),
(271, 'ticket', 'ticket-reply-to-admin', 'german', 'Ticket Reply (Sent to Staff) [german]', 'New Support Ticket Reply', '', '{companyname} | CRM', NULL, 0, 1, 0),
(272, 'estimate', 'estimate-already-send', 'german', 'Estimate Already Sent to Customer [german]', 'Estimate # {estimate_number} ', '', '{companyname} | CRM', NULL, 0, 1, 0),
(273, 'contract', 'contract-expiration', 'german', 'Contract Expiration [german]', 'Contract Expiration Reminder', '', '{companyname} | CRM', NULL, 0, 1, 0),
(274, 'tasks', 'task-assigned', 'german', 'New Task Assigned (Sent to Staff) [german]', 'New Task Assigned to You - {task_name}', '', '{companyname} | CRM', NULL, 0, 1, 0),
(275, 'tasks', 'task-added-as-follower', 'german', 'Staff Member Added as Follower on Task [german]', 'You are added as follower on task - {task_name}', '', '{companyname} | CRM', NULL, 0, 1, 0),
(276, 'tasks', 'task-commented', 'german', 'New Comment on Task (Sent to Staff) [german]', 'New Comment on Task - {task_name}', '', '{companyname} | CRM', NULL, 0, 1, 0),
(277, 'tasks', 'task-marked-as-finished', 'german', 'Task Marked as Finished (Sent to Staff) [german]', 'Task Marked as Finished - {task_name}', '', '{companyname} | CRM', NULL, 0, 1, 0),
(278, 'tasks', 'task-added-attachment', 'german', 'New Attachment on Task (Sent to Staff) [german]', 'New Attachment on Task - {task_name}', '', '{companyname} | CRM', NULL, 0, 1, 0),
(279, 'tasks', 'task-unmarked-as-finished', 'german', 'Task Unmarked as Finished (Sent to Staff) [german]', 'Task UN-marked as finished - {task_name}', '', '{companyname} | CRM', NULL, 0, 1, 0),
(280, 'estimate', 'estimate-declined-to-staff', 'german', 'Estimate Declined (Sent to Staff) [german]', 'Customer Declined Estimate', '', '{companyname} | CRM', NULL, 0, 1, 0),
(281, 'estimate', 'estimate-accepted-to-staff', 'german', 'Estimate Accepted (Sent to Staff) [german]', 'Customer Accepted Estimate', '', '{companyname} | CRM', NULL, 0, 1, 0),
(282, 'proposals', 'proposal-client-accepted', 'german', 'Customer Action - Accepted (Sent to Staff) [german]', 'Customer Accepted Proposal', '', '{companyname} | CRM', NULL, 0, 1, 0),
(283, 'proposals', 'proposal-send-to-customer', 'german', 'Send Proposal to Customer [german]', 'Proposal', '', '{companyname} | CRM', NULL, 0, 1, 0),
(284, 'proposals', 'proposal-client-declined', 'german', 'Customer Action - Declined (Sent to Staff) [german]', 'Client Declined Proposal', '', '{companyname} | CRM', NULL, 0, 1, 0),
(285, 'proposals', 'proposal-client-thank-you', 'german', 'Thank You Email (Sent to Customer After Accept) [german]', 'Thank for you accepting proposal', '', '{companyname} | CRM', NULL, 0, 1, 0),
(286, 'proposals', 'proposal-comment-to-client', 'german', 'New Comment  (Sent to Customer Contacts) [german]', 'New Proposal Comment', '', '{companyname} | CRM', NULL, 0, 1, 0),
(287, 'proposals', 'proposal-comment-to-admin', 'german', 'New Comment (Sent to Staff)  [german]', 'New Proposal Comment', '', '{companyname} | CRM', NULL, 0, 1, 0),
(288, 'estimate', 'estimate-thank-you-to-customer', 'german', 'Thank You Email (Sent to Customer After Accept) [german]', 'Thank for you accepting estimate', '', '{companyname} | CRM', NULL, 0, 1, 0),
(289, 'tasks', 'task-deadline-notification', 'german', 'Task Deadline Reminder - Sent to Assigned Members [german]', 'Task Deadline Reminder', '', '{companyname} | CRM', NULL, 0, 1, 0),
(290, 'contract', 'send-contract', 'german', 'Send Contract to Customer [german]', 'Contract - {contract_subject}', '', '{companyname} | CRM', NULL, 0, 1, 0),
(291, 'invoice', 'invoice-payment-recorded-to-staff', 'german', 'Invoice Payment Recorded (Sent to Staff) [german]', 'New Invoice Payment', '', '{companyname} | CRM', NULL, 0, 1, 0),
(292, 'ticket', 'auto-close-ticket', 'german', 'Auto Close Ticket [german]', 'Ticket Auto Closed', '', '{companyname} | CRM', NULL, 0, 1, 0),
(293, 'project', 'new-project-discussion-created-to-staff', 'german', 'New Project Discussion (Sent to Project Members) [german]', 'New Project Discussion Created', '', '{companyname} | CRM', NULL, 0, 1, 0),
(294, 'project', 'new-project-discussion-created-to-customer', 'german', 'New Project Discussion (Sent to Customer Contacts) [german]', 'New Project Discussion Created', '', '{companyname} | CRM', NULL, 0, 1, 0),
(295, 'project', 'new-project-file-uploaded-to-customer', 'german', 'New Project File Uploaded (Sent to Customer Contacts) [german]', 'New Project File Uploaded', '', '{companyname} | CRM', NULL, 0, 1, 0),
(296, 'project', 'new-project-file-uploaded-to-staff', 'german', 'New Project File Uploaded (Sent to Project Members) [german]', 'New Project File Uploaded', '', '{companyname} | CRM', NULL, 0, 1, 0),
(297, 'project', 'new-project-discussion-comment-to-customer', 'german', 'New Discussion Comment  (Sent to Customer Contacts) [german]', 'New Discussion Comment', '', '{companyname} | CRM', NULL, 0, 1, 0),
(298, 'project', 'new-project-discussion-comment-to-staff', 'german', 'New Discussion Comment (Sent to Project Members) [german]', 'New Discussion Comment', '', '{companyname} | CRM', NULL, 0, 1, 0),
(299, 'project', 'staff-added-as-project-member', 'german', 'Staff Added as Project Member [german]', 'New project assigned to you', '', '{companyname} | CRM', NULL, 0, 1, 0),
(300, 'estimate', 'estimate-expiry-reminder', 'german', 'Estimate Expiration Reminder [german]', 'Estimate Expiration Reminder', '', '{companyname} | CRM', NULL, 0, 1, 0),
(301, 'proposals', 'proposal-expiry-reminder', 'german', 'Proposal Expiration Reminder [german]', 'Proposal Expiration Reminder', '', '{companyname} | CRM', NULL, 0, 1, 0),
(302, 'staff', 'new-staff-created', 'german', 'New Staff Created (Welcome Email) [german]', 'You are added as staff member', '', '{companyname} | CRM', NULL, 0, 1, 0),
(303, 'client', 'contact-forgot-password', 'german', 'Forgot Password [german]', 'Create New Password', '', '{companyname} | CRM', NULL, 0, 1, 0),
(304, 'client', 'contact-password-reseted', 'german', 'Password Reset - Confirmation [german]', 'Your password has been changed', '', '{companyname} | CRM', NULL, 0, 1, 0),
(305, 'client', 'contact-set-password', 'german', 'Set New Password [german]', 'Set new password on {companyname} ', '', '{companyname} | CRM', NULL, 0, 1, 0),
(306, 'staff', 'staff-forgot-password', 'german', 'Forgot Password [german]', 'Create New Password', '', '{companyname} | CRM', NULL, 0, 1, 0),
(307, 'staff', 'staff-password-reseted', 'german', 'Password Reset - Confirmation [german]', 'Your password has been changed', '', '{companyname} | CRM', NULL, 0, 1, 0),
(308, 'project', 'assigned-to-project', 'german', 'New Project Created (Sent to Customer Contacts) [german]', 'New Project Created', '', '{companyname} | CRM', NULL, 0, 1, 0),
(309, 'tasks', 'task-marked-as-finished-to-contacts', 'german', 'Task Marked as Finished (Sent to customer contacts) [german]', 'Task Marked as Finished - {task_name}', '', '{companyname} | CRM', NULL, 0, 1, 0),
(310, 'tasks', 'task-added-attachment-to-contacts', 'german', 'New Attachment on Task (Sent to Customer Contacts) [german]', 'New Attachment on Task - {task_name}', '', '{companyname} | CRM', NULL, 0, 1, 0),
(311, 'tasks', 'task-commented-to-contacts', 'german', 'New Comment on Task (Sent to Customer Contacts) [german]', 'New Comment on Task - {task_name}', '', '{companyname} | CRM', NULL, 0, 1, 0),
(312, 'leads', 'new-lead-assigned', 'german', 'New Lead Assigned to Staff Member [german]', 'New lead assigned to you', '', '{companyname} | CRM', NULL, 0, 1, 0),
(313, 'client', 'new-client-created', 'indonesia', 'New Contact Added/Registered (Welcome Email) [indonesia]', 'Welcome aboard', '', '{companyname} | CRM', NULL, 0, 1, 0),
(314, 'invoice', 'invoice-send-to-client', 'indonesia', 'Send Invoice to Customer [indonesia]', 'Invoice with number {invoice_number} created', '', '{companyname} | CRM', NULL, 0, 1, 0),
(315, 'ticket', 'new-ticket-opened-admin', 'indonesia', 'New Ticket Opened (Opened by Staff, Sent to Customer) [indonesia]', 'New Support Ticket Opened', '', '{companyname} | CRM', NULL, 0, 1, 0),
(316, 'ticket', 'ticket-reply', 'indonesia', 'Ticket Reply (Sent to Customer) [indonesia]', 'New Ticket Reply', '', '{companyname} | CRM', NULL, 0, 1, 0),
(317, 'ticket', 'ticket-autoresponse', 'indonesia', 'New Ticket Opened - Autoresponse [indonesia]', 'New Support Ticket Opened', '', '{companyname} | CRM', NULL, 0, 1, 0),
(318, 'invoice', 'invoice-payment-recorded', 'indonesia', 'Invoice Payment Recorded (Sent to Customer) [indonesia]', 'Invoice Payment Recorded', '', '{companyname} | CRM', NULL, 0, 1, 0),
(319, 'invoice', 'invoice-overdue-notice', 'indonesia', 'Invoice Overdue Notice [indonesia]', 'Invoice Overdue Notice - {invoice_number}', '', '{companyname} | CRM', NULL, 0, 1, 0),
(320, 'invoice', 'invoice-already-send', 'indonesia', 'Invoice Already Sent to Customer [indonesia]', 'On your command here is the invoice', '', '{companyname} | CRM', NULL, 0, 1, 0),
(321, 'ticket', 'new-ticket-created-staff', 'indonesia', 'New Ticket Created (Opened by Customer, Sent to Staff Members) [indonesia]', 'New Ticket Created', '', '{companyname} | CRM', NULL, 0, 1, 0),
(322, 'estimate', 'estimate-send-to-client', 'indonesia', 'Send Estimate to Customer [indonesia]', 'Estimate # {estimate_number} created', '', '{companyname} | CRM', NULL, 0, 1, 0),
(323, 'ticket', 'ticket-reply-to-admin', 'indonesia', 'Ticket Reply (Sent to Staff) [indonesia]', 'New Support Ticket Reply', '', '{companyname} | CRM', NULL, 0, 1, 0),
(324, 'estimate', 'estimate-already-send', 'indonesia', 'Estimate Already Sent to Customer [indonesia]', 'Estimate # {estimate_number} ', '', '{companyname} | CRM', NULL, 0, 1, 0),
(325, 'contract', 'contract-expiration', 'indonesia', 'Contract Expiration [indonesia]', 'Contract Expiration Reminder', '', '{companyname} | CRM', NULL, 0, 1, 0),
(326, 'tasks', 'task-assigned', 'indonesia', 'New Task Assigned (Sent to Staff) [indonesia]', 'New Task Assigned to You - {task_name}', '', '{companyname} | CRM', NULL, 0, 1, 0),
(327, 'tasks', 'task-added-as-follower', 'indonesia', 'Staff Member Added as Follower on Task [indonesia]', 'You are added as follower on task - {task_name}', '', '{companyname} | CRM', NULL, 0, 1, 0),
(328, 'tasks', 'task-commented', 'indonesia', 'New Comment on Task (Sent to Staff) [indonesia]', 'New Comment on Task - {task_name}', '', '{companyname} | CRM', NULL, 0, 1, 0),
(329, 'tasks', 'task-marked-as-finished', 'indonesia', 'Task Marked as Finished (Sent to Staff) [indonesia]', 'Task Marked as Finished - {task_name}', '', '{companyname} | CRM', NULL, 0, 1, 0),
(330, 'tasks', 'task-added-attachment', 'indonesia', 'New Attachment on Task (Sent to Staff) [indonesia]', 'New Attachment on Task - {task_name}', '', '{companyname} | CRM', NULL, 0, 1, 0),
(331, 'tasks', 'task-unmarked-as-finished', 'indonesia', 'Task Unmarked as Finished (Sent to Staff) [indonesia]', 'Task UN-marked as finished - {task_name}', '', '{companyname} | CRM', NULL, 0, 1, 0),
(332, 'estimate', 'estimate-declined-to-staff', 'indonesia', 'Estimate Declined (Sent to Staff) [indonesia]', 'Customer Declined Estimate', '', '{companyname} | CRM', NULL, 0, 1, 0),
(333, 'estimate', 'estimate-accepted-to-staff', 'indonesia', 'Estimate Accepted (Sent to Staff) [indonesia]', 'Customer Accepted Estimate', '', '{companyname} | CRM', NULL, 0, 1, 0),
(334, 'proposals', 'proposal-client-accepted', 'indonesia', 'Customer Action - Accepted (Sent to Staff) [indonesia]', 'Customer Accepted Proposal', '', '{companyname} | CRM', NULL, 0, 1, 0),
(335, 'proposals', 'proposal-send-to-customer', 'indonesia', 'Send Proposal to Customer [indonesia]', 'Proposal', '', '{companyname} | CRM', NULL, 0, 1, 0),
(336, 'proposals', 'proposal-client-declined', 'indonesia', 'Customer Action - Declined (Sent to Staff) [indonesia]', 'Client Declined Proposal', '', '{companyname} | CRM', NULL, 0, 1, 0),
(337, 'proposals', 'proposal-client-thank-you', 'indonesia', 'Thank You Email (Sent to Customer After Accept) [indonesia]', 'Thank for you accepting proposal', '', '{companyname} | CRM', NULL, 0, 1, 0),
(338, 'proposals', 'proposal-comment-to-client', 'indonesia', 'New Comment  (Sent to Customer Contacts) [indonesia]', 'New Proposal Comment', '', '{companyname} | CRM', NULL, 0, 1, 0),
(339, 'proposals', 'proposal-comment-to-admin', 'indonesia', 'New Comment (Sent to Staff)  [indonesia]', 'New Proposal Comment', '', '{companyname} | CRM', NULL, 0, 1, 0),
(340, 'estimate', 'estimate-thank-you-to-customer', 'indonesia', 'Thank You Email (Sent to Customer After Accept) [indonesia]', 'Thank for you accepting estimate', '', '{companyname} | CRM', NULL, 0, 1, 0),
(341, 'tasks', 'task-deadline-notification', 'indonesia', 'Task Deadline Reminder - Sent to Assigned Members [indonesia]', 'Task Deadline Reminder', '', '{companyname} | CRM', NULL, 0, 1, 0),
(342, 'contract', 'send-contract', 'indonesia', 'Send Contract to Customer [indonesia]', 'Contract - {contract_subject}', '', '{companyname} | CRM', NULL, 0, 1, 0),
(343, 'invoice', 'invoice-payment-recorded-to-staff', 'indonesia', 'Invoice Payment Recorded (Sent to Staff) [indonesia]', 'New Invoice Payment', '', '{companyname} | CRM', NULL, 0, 1, 0),
(344, 'ticket', 'auto-close-ticket', 'indonesia', 'Auto Close Ticket [indonesia]', 'Ticket Auto Closed', '', '{companyname} | CRM', NULL, 0, 1, 0),
(345, 'project', 'new-project-discussion-created-to-staff', 'indonesia', 'New Project Discussion (Sent to Project Members) [indonesia]', 'New Project Discussion Created', '', '{companyname} | CRM', NULL, 0, 1, 0),
(346, 'project', 'new-project-discussion-created-to-customer', 'indonesia', 'New Project Discussion (Sent to Customer Contacts) [indonesia]', 'New Project Discussion Created', '', '{companyname} | CRM', NULL, 0, 1, 0),
(347, 'project', 'new-project-file-uploaded-to-customer', 'indonesia', 'New Project File Uploaded (Sent to Customer Contacts) [indonesia]', 'New Project File Uploaded', '', '{companyname} | CRM', NULL, 0, 1, 0),
(348, 'project', 'new-project-file-uploaded-to-staff', 'indonesia', 'New Project File Uploaded (Sent to Project Members) [indonesia]', 'New Project File Uploaded', '', '{companyname} | CRM', NULL, 0, 1, 0),
(349, 'project', 'new-project-discussion-comment-to-customer', 'indonesia', 'New Discussion Comment  (Sent to Customer Contacts) [indonesia]', 'New Discussion Comment', '', '{companyname} | CRM', NULL, 0, 1, 0),
(350, 'project', 'new-project-discussion-comment-to-staff', 'indonesia', 'New Discussion Comment (Sent to Project Members) [indonesia]', 'New Discussion Comment', '', '{companyname} | CRM', NULL, 0, 1, 0),
(351, 'project', 'staff-added-as-project-member', 'indonesia', 'Staff Added as Project Member [indonesia]', 'New project assigned to you', '', '{companyname} | CRM', NULL, 0, 1, 0),
(352, 'estimate', 'estimate-expiry-reminder', 'indonesia', 'Estimate Expiration Reminder [indonesia]', 'Estimate Expiration Reminder', '', '{companyname} | CRM', NULL, 0, 1, 0),
(353, 'proposals', 'proposal-expiry-reminder', 'indonesia', 'Proposal Expiration Reminder [indonesia]', 'Proposal Expiration Reminder', '', '{companyname} | CRM', NULL, 0, 1, 0),
(354, 'staff', 'new-staff-created', 'indonesia', 'New Staff Created (Welcome Email) [indonesia]', 'You are added as staff member', '', '{companyname} | CRM', NULL, 0, 1, 0),
(355, 'client', 'contact-forgot-password', 'indonesia', 'Forgot Password [indonesia]', 'Create New Password', '', '{companyname} | CRM', NULL, 0, 1, 0),
(356, 'client', 'contact-password-reseted', 'indonesia', 'Password Reset - Confirmation [indonesia]', 'Your password has been changed', '', '{companyname} | CRM', NULL, 0, 1, 0),
(357, 'client', 'contact-set-password', 'indonesia', 'Set New Password [indonesia]', 'Set new password on {companyname} ', '', '{companyname} | CRM', NULL, 0, 1, 0),
(358, 'staff', 'staff-forgot-password', 'indonesia', 'Forgot Password [indonesia]', 'Create New Password', '', '{companyname} | CRM', NULL, 0, 1, 0),
(359, 'staff', 'staff-password-reseted', 'indonesia', 'Password Reset - Confirmation [indonesia]', 'Your password has been changed', '', '{companyname} | CRM', NULL, 0, 1, 0),
(360, 'project', 'assigned-to-project', 'indonesia', 'New Project Created (Sent to Customer Contacts) [indonesia]', 'New Project Created', '', '{companyname} | CRM', NULL, 0, 1, 0),
(361, 'tasks', 'task-marked-as-finished-to-contacts', 'indonesia', 'Task Marked as Finished (Sent to customer contacts) [indonesia]', 'Task Marked as Finished - {task_name}', '', '{companyname} | CRM', NULL, 0, 1, 0),
(362, 'tasks', 'task-added-attachment-to-contacts', 'indonesia', 'New Attachment on Task (Sent to Customer Contacts) [indonesia]', 'New Attachment on Task - {task_name}', '', '{companyname} | CRM', NULL, 0, 1, 0),
(363, 'tasks', 'task-commented-to-contacts', 'indonesia', 'New Comment on Task (Sent to Customer Contacts) [indonesia]', 'New Comment on Task - {task_name}', '', '{companyname} | CRM', NULL, 0, 1, 0),
(364, 'leads', 'new-lead-assigned', 'indonesia', 'New Lead Assigned to Staff Member [indonesia]', 'New lead assigned to you', '', '{companyname} | CRM', NULL, 0, 1, 0),
(365, 'client', 'new-client-created', 'italian', 'New Contact Added/Registered (Welcome Email) [italian]', 'Welcome aboard', '', '{companyname} | CRM', NULL, 0, 1, 0),
(366, 'invoice', 'invoice-send-to-client', 'italian', 'Send Invoice to Customer [italian]', 'Invoice with number {invoice_number} created', '', '{companyname} | CRM', NULL, 0, 1, 0),
(367, 'ticket', 'new-ticket-opened-admin', 'italian', 'New Ticket Opened (Opened by Staff, Sent to Customer) [italian]', 'New Support Ticket Opened', '', '{companyname} | CRM', NULL, 0, 1, 0),
(368, 'ticket', 'ticket-reply', 'italian', 'Ticket Reply (Sent to Customer) [italian]', 'New Ticket Reply', '', '{companyname} | CRM', NULL, 0, 1, 0),
(369, 'ticket', 'ticket-autoresponse', 'italian', 'New Ticket Opened - Autoresponse [italian]', 'New Support Ticket Opened', '', '{companyname} | CRM', NULL, 0, 1, 0),
(370, 'invoice', 'invoice-payment-recorded', 'italian', 'Invoice Payment Recorded (Sent to Customer) [italian]', 'Invoice Payment Recorded', '', '{companyname} | CRM', NULL, 0, 1, 0),
(371, 'invoice', 'invoice-overdue-notice', 'italian', 'Invoice Overdue Notice [italian]', 'Invoice Overdue Notice - {invoice_number}', '', '{companyname} | CRM', NULL, 0, 1, 0),
(372, 'invoice', 'invoice-already-send', 'italian', 'Invoice Already Sent to Customer [italian]', 'On your command here is the invoice', '', '{companyname} | CRM', NULL, 0, 1, 0),
(373, 'ticket', 'new-ticket-created-staff', 'italian', 'New Ticket Created (Opened by Customer, Sent to Staff Members) [italian]', 'New Ticket Created', '', '{companyname} | CRM', NULL, 0, 1, 0),
(374, 'estimate', 'estimate-send-to-client', 'italian', 'Send Estimate to Customer [italian]', 'Estimate # {estimate_number} created', '', '{companyname} | CRM', NULL, 0, 1, 0),
(375, 'ticket', 'ticket-reply-to-admin', 'italian', 'Ticket Reply (Sent to Staff) [italian]', 'New Support Ticket Reply', '', '{companyname} | CRM', NULL, 0, 1, 0),
(376, 'estimate', 'estimate-already-send', 'italian', 'Estimate Already Sent to Customer [italian]', 'Estimate # {estimate_number} ', '', '{companyname} | CRM', NULL, 0, 1, 0),
(377, 'contract', 'contract-expiration', 'italian', 'Contract Expiration [italian]', 'Contract Expiration Reminder', '', '{companyname} | CRM', NULL, 0, 1, 0),
(378, 'tasks', 'task-assigned', 'italian', 'New Task Assigned (Sent to Staff) [italian]', 'New Task Assigned to You - {task_name}', '', '{companyname} | CRM', NULL, 0, 1, 0),
(379, 'tasks', 'task-added-as-follower', 'italian', 'Staff Member Added as Follower on Task [italian]', 'You are added as follower on task - {task_name}', '', '{companyname} | CRM', NULL, 0, 1, 0),
(380, 'tasks', 'task-commented', 'italian', 'New Comment on Task (Sent to Staff) [italian]', 'New Comment on Task - {task_name}', '', '{companyname} | CRM', NULL, 0, 1, 0),
(381, 'tasks', 'task-marked-as-finished', 'italian', 'Task Marked as Finished (Sent to Staff) [italian]', 'Task Marked as Finished - {task_name}', '', '{companyname} | CRM', NULL, 0, 1, 0),
(382, 'tasks', 'task-added-attachment', 'italian', 'New Attachment on Task (Sent to Staff) [italian]', 'New Attachment on Task - {task_name}', '', '{companyname} | CRM', NULL, 0, 1, 0),
(383, 'tasks', 'task-unmarked-as-finished', 'italian', 'Task Unmarked as Finished (Sent to Staff) [italian]', 'Task UN-marked as finished - {task_name}', '', '{companyname} | CRM', NULL, 0, 1, 0),
(384, 'estimate', 'estimate-declined-to-staff', 'italian', 'Estimate Declined (Sent to Staff) [italian]', 'Customer Declined Estimate', '', '{companyname} | CRM', NULL, 0, 1, 0),
(385, 'estimate', 'estimate-accepted-to-staff', 'italian', 'Estimate Accepted (Sent to Staff) [italian]', 'Customer Accepted Estimate', '', '{companyname} | CRM', NULL, 0, 1, 0),
(386, 'proposals', 'proposal-client-accepted', 'italian', 'Customer Action - Accepted (Sent to Staff) [italian]', 'Customer Accepted Proposal', '', '{companyname} | CRM', NULL, 0, 1, 0),
(387, 'proposals', 'proposal-send-to-customer', 'italian', 'Send Proposal to Customer [italian]', 'Proposal', '', '{companyname} | CRM', NULL, 0, 1, 0),
(388, 'proposals', 'proposal-client-declined', 'italian', 'Customer Action - Declined (Sent to Staff) [italian]', 'Client Declined Proposal', '', '{companyname} | CRM', NULL, 0, 1, 0),
(389, 'proposals', 'proposal-client-thank-you', 'italian', 'Thank You Email (Sent to Customer After Accept) [italian]', 'Thank for you accepting proposal', '', '{companyname} | CRM', NULL, 0, 1, 0),
(390, 'proposals', 'proposal-comment-to-client', 'italian', 'New Comment  (Sent to Customer Contacts) [italian]', 'New Proposal Comment', '', '{companyname} | CRM', NULL, 0, 1, 0),
(391, 'proposals', 'proposal-comment-to-admin', 'italian', 'New Comment (Sent to Staff)  [italian]', 'New Proposal Comment', '', '{companyname} | CRM', NULL, 0, 1, 0),
(392, 'estimate', 'estimate-thank-you-to-customer', 'italian', 'Thank You Email (Sent to Customer After Accept) [italian]', 'Thank for you accepting estimate', '', '{companyname} | CRM', NULL, 0, 1, 0),
(393, 'tasks', 'task-deadline-notification', 'italian', 'Task Deadline Reminder - Sent to Assigned Members [italian]', 'Task Deadline Reminder', '', '{companyname} | CRM', NULL, 0, 1, 0),
(394, 'contract', 'send-contract', 'italian', 'Send Contract to Customer [italian]', 'Contract - {contract_subject}', '', '{companyname} | CRM', NULL, 0, 1, 0),
(395, 'invoice', 'invoice-payment-recorded-to-staff', 'italian', 'Invoice Payment Recorded (Sent to Staff) [italian]', 'New Invoice Payment', '', '{companyname} | CRM', NULL, 0, 1, 0),
(396, 'ticket', 'auto-close-ticket', 'italian', 'Auto Close Ticket [italian]', 'Ticket Auto Closed', '', '{companyname} | CRM', NULL, 0, 1, 0),
(397, 'project', 'new-project-discussion-created-to-staff', 'italian', 'New Project Discussion (Sent to Project Members) [italian]', 'New Project Discussion Created', '', '{companyname} | CRM', NULL, 0, 1, 0),
(398, 'project', 'new-project-discussion-created-to-customer', 'italian', 'New Project Discussion (Sent to Customer Contacts) [italian]', 'New Project Discussion Created', '', '{companyname} | CRM', NULL, 0, 1, 0),
(399, 'project', 'new-project-file-uploaded-to-customer', 'italian', 'New Project File Uploaded (Sent to Customer Contacts) [italian]', 'New Project File Uploaded', '', '{companyname} | CRM', NULL, 0, 1, 0),
(400, 'project', 'new-project-file-uploaded-to-staff', 'italian', 'New Project File Uploaded (Sent to Project Members) [italian]', 'New Project File Uploaded', '', '{companyname} | CRM', NULL, 0, 1, 0),
(401, 'project', 'new-project-discussion-comment-to-customer', 'italian', 'New Discussion Comment  (Sent to Customer Contacts) [italian]', 'New Discussion Comment', '', '{companyname} | CRM', NULL, 0, 1, 0),
(402, 'project', 'new-project-discussion-comment-to-staff', 'italian', 'New Discussion Comment (Sent to Project Members) [italian]', 'New Discussion Comment', '', '{companyname} | CRM', NULL, 0, 1, 0),
(403, 'project', 'staff-added-as-project-member', 'italian', 'Staff Added as Project Member [italian]', 'New project assigned to you', '', '{companyname} | CRM', NULL, 0, 1, 0),
(404, 'estimate', 'estimate-expiry-reminder', 'italian', 'Estimate Expiration Reminder [italian]', 'Estimate Expiration Reminder', '', '{companyname} | CRM', NULL, 0, 1, 0),
(405, 'proposals', 'proposal-expiry-reminder', 'italian', 'Proposal Expiration Reminder [italian]', 'Proposal Expiration Reminder', '', '{companyname} | CRM', NULL, 0, 1, 0),
(406, 'staff', 'new-staff-created', 'italian', 'New Staff Created (Welcome Email) [italian]', 'You are added as staff member', '', '{companyname} | CRM', NULL, 0, 1, 0),
(407, 'client', 'contact-forgot-password', 'italian', 'Forgot Password [italian]', 'Create New Password', '', '{companyname} | CRM', NULL, 0, 1, 0),
(408, 'client', 'contact-password-reseted', 'italian', 'Password Reset - Confirmation [italian]', 'Your password has been changed', '', '{companyname} | CRM', NULL, 0, 1, 0),
(409, 'client', 'contact-set-password', 'italian', 'Set New Password [italian]', 'Set new password on {companyname} ', '', '{companyname} | CRM', NULL, 0, 1, 0),
(410, 'staff', 'staff-forgot-password', 'italian', 'Forgot Password [italian]', 'Create New Password', '', '{companyname} | CRM', NULL, 0, 1, 0),
(411, 'staff', 'staff-password-reseted', 'italian', 'Password Reset - Confirmation [italian]', 'Your password has been changed', '', '{companyname} | CRM', NULL, 0, 1, 0),
(412, 'project', 'assigned-to-project', 'italian', 'New Project Created (Sent to Customer Contacts) [italian]', 'New Project Created', '', '{companyname} | CRM', NULL, 0, 1, 0),
(413, 'tasks', 'task-marked-as-finished-to-contacts', 'italian', 'Task Marked as Finished (Sent to customer contacts) [italian]', 'Task Marked as Finished - {task_name}', '', '{companyname} | CRM', NULL, 0, 1, 0),
(414, 'tasks', 'task-added-attachment-to-contacts', 'italian', 'New Attachment on Task (Sent to Customer Contacts) [italian]', 'New Attachment on Task - {task_name}', '', '{companyname} | CRM', NULL, 0, 1, 0),
(415, 'tasks', 'task-commented-to-contacts', 'italian', 'New Comment on Task (Sent to Customer Contacts) [italian]', 'New Comment on Task - {task_name}', '', '{companyname} | CRM', NULL, 0, 1, 0),
(416, 'leads', 'new-lead-assigned', 'italian', 'New Lead Assigned to Staff Member [italian]', 'New lead assigned to you', '', '{companyname} | CRM', NULL, 0, 1, 0),
(417, 'client', 'new-client-created', 'persian', 'New Contact Added/Registered (Welcome Email) [persian]', 'Welcome aboard', '', '{companyname} | CRM', NULL, 0, 1, 0),
(418, 'invoice', 'invoice-send-to-client', 'persian', 'Send Invoice to Customer [persian]', 'Invoice with number {invoice_number} created', '', '{companyname} | CRM', NULL, 0, 1, 0),
(419, 'ticket', 'new-ticket-opened-admin', 'persian', 'New Ticket Opened (Opened by Staff, Sent to Customer) [persian]', 'New Support Ticket Opened', '', '{companyname} | CRM', NULL, 0, 1, 0),
(420, 'ticket', 'ticket-reply', 'persian', 'Ticket Reply (Sent to Customer) [persian]', 'New Ticket Reply', '', '{companyname} | CRM', NULL, 0, 1, 0),
(421, 'ticket', 'ticket-autoresponse', 'persian', 'New Ticket Opened - Autoresponse [persian]', 'New Support Ticket Opened', '', '{companyname} | CRM', NULL, 0, 1, 0),
(422, 'invoice', 'invoice-payment-recorded', 'persian', 'Invoice Payment Recorded (Sent to Customer) [persian]', 'Invoice Payment Recorded', '', '{companyname} | CRM', NULL, 0, 1, 0),
(423, 'invoice', 'invoice-overdue-notice', 'persian', 'Invoice Overdue Notice [persian]', 'Invoice Overdue Notice - {invoice_number}', '', '{companyname} | CRM', NULL, 0, 1, 0),
(424, 'invoice', 'invoice-already-send', 'persian', 'Invoice Already Sent to Customer [persian]', 'On your command here is the invoice', '', '{companyname} | CRM', NULL, 0, 1, 0),
(425, 'ticket', 'new-ticket-created-staff', 'persian', 'New Ticket Created (Opened by Customer, Sent to Staff Members) [persian]', 'New Ticket Created', '', '{companyname} | CRM', NULL, 0, 1, 0),
(426, 'estimate', 'estimate-send-to-client', 'persian', 'Send Estimate to Customer [persian]', 'Estimate # {estimate_number} created', '', '{companyname} | CRM', NULL, 0, 1, 0),
(427, 'ticket', 'ticket-reply-to-admin', 'persian', 'Ticket Reply (Sent to Staff) [persian]', 'New Support Ticket Reply', '', '{companyname} | CRM', NULL, 0, 1, 0),
(428, 'estimate', 'estimate-already-send', 'persian', 'Estimate Already Sent to Customer [persian]', 'Estimate # {estimate_number} ', '', '{companyname} | CRM', NULL, 0, 1, 0),
(429, 'contract', 'contract-expiration', 'persian', 'Contract Expiration [persian]', 'Contract Expiration Reminder', '', '{companyname} | CRM', NULL, 0, 1, 0),
(430, 'tasks', 'task-assigned', 'persian', 'New Task Assigned (Sent to Staff) [persian]', 'New Task Assigned to You - {task_name}', '', '{companyname} | CRM', NULL, 0, 1, 0),
(431, 'tasks', 'task-added-as-follower', 'persian', 'Staff Member Added as Follower on Task [persian]', 'You are added as follower on task - {task_name}', '', '{companyname} | CRM', NULL, 0, 1, 0),
(432, 'tasks', 'task-commented', 'persian', 'New Comment on Task (Sent to Staff) [persian]', 'New Comment on Task - {task_name}', '', '{companyname} | CRM', NULL, 0, 1, 0),
(433, 'tasks', 'task-marked-as-finished', 'persian', 'Task Marked as Finished (Sent to Staff) [persian]', 'Task Marked as Finished - {task_name}', '', '{companyname} | CRM', NULL, 0, 1, 0),
(434, 'tasks', 'task-added-attachment', 'persian', 'New Attachment on Task (Sent to Staff) [persian]', 'New Attachment on Task - {task_name}', '', '{companyname} | CRM', NULL, 0, 1, 0),
(435, 'tasks', 'task-unmarked-as-finished', 'persian', 'Task Unmarked as Finished (Sent to Staff) [persian]', 'Task UN-marked as finished - {task_name}', '', '{companyname} | CRM', NULL, 0, 1, 0),
(436, 'estimate', 'estimate-declined-to-staff', 'persian', 'Estimate Declined (Sent to Staff) [persian]', 'Customer Declined Estimate', '', '{companyname} | CRM', NULL, 0, 1, 0),
(437, 'estimate', 'estimate-accepted-to-staff', 'persian', 'Estimate Accepted (Sent to Staff) [persian]', 'Customer Accepted Estimate', '', '{companyname} | CRM', NULL, 0, 1, 0),
(438, 'proposals', 'proposal-client-accepted', 'persian', 'Customer Action - Accepted (Sent to Staff) [persian]', 'Customer Accepted Proposal', '', '{companyname} | CRM', NULL, 0, 1, 0),
(439, 'proposals', 'proposal-send-to-customer', 'persian', 'Send Proposal to Customer [persian]', 'Proposal', '', '{companyname} | CRM', NULL, 0, 1, 0),
(440, 'proposals', 'proposal-client-declined', 'persian', 'Customer Action - Declined (Sent to Staff) [persian]', 'Client Declined Proposal', '', '{companyname} | CRM', NULL, 0, 1, 0),
(441, 'proposals', 'proposal-client-thank-you', 'persian', 'Thank You Email (Sent to Customer After Accept) [persian]', 'Thank for you accepting proposal', '', '{companyname} | CRM', NULL, 0, 1, 0),
(442, 'proposals', 'proposal-comment-to-client', 'persian', 'New Comment  (Sent to Customer Contacts) [persian]', 'New Proposal Comment', '', '{companyname} | CRM', NULL, 0, 1, 0),
(443, 'proposals', 'proposal-comment-to-admin', 'persian', 'New Comment (Sent to Staff)  [persian]', 'New Proposal Comment', '', '{companyname} | CRM', NULL, 0, 1, 0),
(444, 'estimate', 'estimate-thank-you-to-customer', 'persian', 'Thank You Email (Sent to Customer After Accept) [persian]', 'Thank for you accepting estimate', '', '{companyname} | CRM', NULL, 0, 1, 0),
(445, 'tasks', 'task-deadline-notification', 'persian', 'Task Deadline Reminder - Sent to Assigned Members [persian]', 'Task Deadline Reminder', '', '{companyname} | CRM', NULL, 0, 1, 0),
(446, 'contract', 'send-contract', 'persian', 'Send Contract to Customer [persian]', 'Contract - {contract_subject}', '', '{companyname} | CRM', NULL, 0, 1, 0),
(447, 'invoice', 'invoice-payment-recorded-to-staff', 'persian', 'Invoice Payment Recorded (Sent to Staff) [persian]', 'New Invoice Payment', '', '{companyname} | CRM', NULL, 0, 1, 0),
(448, 'ticket', 'auto-close-ticket', 'persian', 'Auto Close Ticket [persian]', 'Ticket Auto Closed', '', '{companyname} | CRM', NULL, 0, 1, 0),
(449, 'project', 'new-project-discussion-created-to-staff', 'persian', 'New Project Discussion (Sent to Project Members) [persian]', 'New Project Discussion Created', '', '{companyname} | CRM', NULL, 0, 1, 0),
(450, 'project', 'new-project-discussion-created-to-customer', 'persian', 'New Project Discussion (Sent to Customer Contacts) [persian]', 'New Project Discussion Created', '', '{companyname} | CRM', NULL, 0, 1, 0),
(451, 'project', 'new-project-file-uploaded-to-customer', 'persian', 'New Project File Uploaded (Sent to Customer Contacts) [persian]', 'New Project File Uploaded', '', '{companyname} | CRM', NULL, 0, 1, 0),
(452, 'project', 'new-project-file-uploaded-to-staff', 'persian', 'New Project File Uploaded (Sent to Project Members) [persian]', 'New Project File Uploaded', '', '{companyname} | CRM', NULL, 0, 1, 0),
(453, 'project', 'new-project-discussion-comment-to-customer', 'persian', 'New Discussion Comment  (Sent to Customer Contacts) [persian]', 'New Discussion Comment', '', '{companyname} | CRM', NULL, 0, 1, 0),
(454, 'project', 'new-project-discussion-comment-to-staff', 'persian', 'New Discussion Comment (Sent to Project Members) [persian]', 'New Discussion Comment', '', '{companyname} | CRM', NULL, 0, 1, 0),
(455, 'project', 'staff-added-as-project-member', 'persian', 'Staff Added as Project Member [persian]', 'New project assigned to you', '', '{companyname} | CRM', NULL, 0, 1, 0),
(456, 'estimate', 'estimate-expiry-reminder', 'persian', 'Estimate Expiration Reminder [persian]', 'Estimate Expiration Reminder', '', '{companyname} | CRM', NULL, 0, 1, 0),
(457, 'proposals', 'proposal-expiry-reminder', 'persian', 'Proposal Expiration Reminder [persian]', 'Proposal Expiration Reminder', '', '{companyname} | CRM', NULL, 0, 1, 0),
(458, 'staff', 'new-staff-created', 'persian', 'New Staff Created (Welcome Email) [persian]', 'You are added as staff member', '', '{companyname} | CRM', NULL, 0, 1, 0),
(459, 'client', 'contact-forgot-password', 'persian', 'Forgot Password [persian]', 'Create New Password', '', '{companyname} | CRM', NULL, 0, 1, 0),
(460, 'client', 'contact-password-reseted', 'persian', 'Password Reset - Confirmation [persian]', 'Your password has been changed', '', '{companyname} | CRM', NULL, 0, 1, 0),
(461, 'client', 'contact-set-password', 'persian', 'Set New Password [persian]', 'Set new password on {companyname} ', '', '{companyname} | CRM', NULL, 0, 1, 0),
(462, 'staff', 'staff-forgot-password', 'persian', 'Forgot Password [persian]', 'Create New Password', '', '{companyname} | CRM', NULL, 0, 1, 0),
(463, 'staff', 'staff-password-reseted', 'persian', 'Password Reset - Confirmation [persian]', 'Your password has been changed', '', '{companyname} | CRM', NULL, 0, 1, 0),
(464, 'project', 'assigned-to-project', 'persian', 'New Project Created (Sent to Customer Contacts) [persian]', 'New Project Created', '', '{companyname} | CRM', NULL, 0, 1, 0),
(465, 'tasks', 'task-marked-as-finished-to-contacts', 'persian', 'Task Marked as Finished (Sent to customer contacts) [persian]', 'Task Marked as Finished - {task_name}', '', '{companyname} | CRM', NULL, 0, 1, 0),
(466, 'tasks', 'task-added-attachment-to-contacts', 'persian', 'New Attachment on Task (Sent to Customer Contacts) [persian]', 'New Attachment on Task - {task_name}', '', '{companyname} | CRM', NULL, 0, 1, 0),
(467, 'tasks', 'task-commented-to-contacts', 'persian', 'New Comment on Task (Sent to Customer Contacts) [persian]', 'New Comment on Task - {task_name}', '', '{companyname} | CRM', NULL, 0, 1, 0),
(468, 'leads', 'new-lead-assigned', 'persian', 'New Lead Assigned to Staff Member [persian]', 'New lead assigned to you', '', '{companyname} | CRM', NULL, 0, 1, 0),
(469, 'client', 'new-client-created', 'polish', 'New Contact Added/Registered (Welcome Email) [polish]', 'Welcome aboard', '', '{companyname} | CRM', NULL, 0, 1, 0),
(470, 'invoice', 'invoice-send-to-client', 'polish', 'Send Invoice to Customer [polish]', 'Invoice with number {invoice_number} created', '', '{companyname} | CRM', NULL, 0, 1, 0),
(471, 'ticket', 'new-ticket-opened-admin', 'polish', 'New Ticket Opened (Opened by Staff, Sent to Customer) [polish]', 'New Support Ticket Opened', '', '{companyname} | CRM', NULL, 0, 1, 0),
(472, 'ticket', 'ticket-reply', 'polish', 'Ticket Reply (Sent to Customer) [polish]', 'New Ticket Reply', '', '{companyname} | CRM', NULL, 0, 1, 0),
(473, 'ticket', 'ticket-autoresponse', 'polish', 'New Ticket Opened - Autoresponse [polish]', 'New Support Ticket Opened', '', '{companyname} | CRM', NULL, 0, 1, 0),
(474, 'invoice', 'invoice-payment-recorded', 'polish', 'Invoice Payment Recorded (Sent to Customer) [polish]', 'Invoice Payment Recorded', '', '{companyname} | CRM', NULL, 0, 1, 0),
(475, 'invoice', 'invoice-overdue-notice', 'polish', 'Invoice Overdue Notice [polish]', 'Invoice Overdue Notice - {invoice_number}', '', '{companyname} | CRM', NULL, 0, 1, 0),
(476, 'invoice', 'invoice-already-send', 'polish', 'Invoice Already Sent to Customer [polish]', 'On your command here is the invoice', '', '{companyname} | CRM', NULL, 0, 1, 0),
(477, 'ticket', 'new-ticket-created-staff', 'polish', 'New Ticket Created (Opened by Customer, Sent to Staff Members) [polish]', 'New Ticket Created', '', '{companyname} | CRM', NULL, 0, 1, 0),
(478, 'estimate', 'estimate-send-to-client', 'polish', 'Send Estimate to Customer [polish]', 'Estimate # {estimate_number} created', '', '{companyname} | CRM', NULL, 0, 1, 0),
(479, 'ticket', 'ticket-reply-to-admin', 'polish', 'Ticket Reply (Sent to Staff) [polish]', 'New Support Ticket Reply', '', '{companyname} | CRM', NULL, 0, 1, 0),
(480, 'estimate', 'estimate-already-send', 'polish', 'Estimate Already Sent to Customer [polish]', 'Estimate # {estimate_number} ', '', '{companyname} | CRM', NULL, 0, 1, 0),
(481, 'contract', 'contract-expiration', 'polish', 'Contract Expiration [polish]', 'Contract Expiration Reminder', '', '{companyname} | CRM', NULL, 0, 1, 0),
(482, 'tasks', 'task-assigned', 'polish', 'New Task Assigned (Sent to Staff) [polish]', 'New Task Assigned to You - {task_name}', '', '{companyname} | CRM', NULL, 0, 1, 0),
(483, 'tasks', 'task-added-as-follower', 'polish', 'Staff Member Added as Follower on Task [polish]', 'You are added as follower on task - {task_name}', '', '{companyname} | CRM', NULL, 0, 1, 0),
(484, 'tasks', 'task-commented', 'polish', 'New Comment on Task (Sent to Staff) [polish]', 'New Comment on Task - {task_name}', '', '{companyname} | CRM', NULL, 0, 1, 0),
(485, 'tasks', 'task-marked-as-finished', 'polish', 'Task Marked as Finished (Sent to Staff) [polish]', 'Task Marked as Finished - {task_name}', '', '{companyname} | CRM', NULL, 0, 1, 0),
(486, 'tasks', 'task-added-attachment', 'polish', 'New Attachment on Task (Sent to Staff) [polish]', 'New Attachment on Task - {task_name}', '', '{companyname} | CRM', NULL, 0, 1, 0),
(487, 'tasks', 'task-unmarked-as-finished', 'polish', 'Task Unmarked as Finished (Sent to Staff) [polish]', 'Task UN-marked as finished - {task_name}', '', '{companyname} | CRM', NULL, 0, 1, 0),
(488, 'estimate', 'estimate-declined-to-staff', 'polish', 'Estimate Declined (Sent to Staff) [polish]', 'Customer Declined Estimate', '', '{companyname} | CRM', NULL, 0, 1, 0),
(489, 'estimate', 'estimate-accepted-to-staff', 'polish', 'Estimate Accepted (Sent to Staff) [polish]', 'Customer Accepted Estimate', '', '{companyname} | CRM', NULL, 0, 1, 0),
(490, 'proposals', 'proposal-client-accepted', 'polish', 'Customer Action - Accepted (Sent to Staff) [polish]', 'Customer Accepted Proposal', '', '{companyname} | CRM', NULL, 0, 1, 0),
(491, 'proposals', 'proposal-send-to-customer', 'polish', 'Send Proposal to Customer [polish]', 'Proposal', '', '{companyname} | CRM', NULL, 0, 1, 0),
(492, 'proposals', 'proposal-client-declined', 'polish', 'Customer Action - Declined (Sent to Staff) [polish]', 'Client Declined Proposal', '', '{companyname} | CRM', NULL, 0, 1, 0),
(493, 'proposals', 'proposal-client-thank-you', 'polish', 'Thank You Email (Sent to Customer After Accept) [polish]', 'Thank for you accepting proposal', '', '{companyname} | CRM', NULL, 0, 1, 0),
(494, 'proposals', 'proposal-comment-to-client', 'polish', 'New Comment  (Sent to Customer Contacts) [polish]', 'New Proposal Comment', '', '{companyname} | CRM', NULL, 0, 1, 0),
(495, 'proposals', 'proposal-comment-to-admin', 'polish', 'New Comment (Sent to Staff)  [polish]', 'New Proposal Comment', '', '{companyname} | CRM', NULL, 0, 1, 0),
(496, 'estimate', 'estimate-thank-you-to-customer', 'polish', 'Thank You Email (Sent to Customer After Accept) [polish]', 'Thank for you accepting estimate', '', '{companyname} | CRM', NULL, 0, 1, 0),
(497, 'tasks', 'task-deadline-notification', 'polish', 'Task Deadline Reminder - Sent to Assigned Members [polish]', 'Task Deadline Reminder', '', '{companyname} | CRM', NULL, 0, 1, 0),
(498, 'contract', 'send-contract', 'polish', 'Send Contract to Customer [polish]', 'Contract - {contract_subject}', '', '{companyname} | CRM', NULL, 0, 1, 0),
(499, 'invoice', 'invoice-payment-recorded-to-staff', 'polish', 'Invoice Payment Recorded (Sent to Staff) [polish]', 'New Invoice Payment', '', '{companyname} | CRM', NULL, 0, 1, 0),
(500, 'ticket', 'auto-close-ticket', 'polish', 'Auto Close Ticket [polish]', 'Ticket Auto Closed', '', '{companyname} | CRM', NULL, 0, 1, 0),
(501, 'project', 'new-project-discussion-created-to-staff', 'polish', 'New Project Discussion (Sent to Project Members) [polish]', 'New Project Discussion Created', '', '{companyname} | CRM', NULL, 0, 1, 0),
(502, 'project', 'new-project-discussion-created-to-customer', 'polish', 'New Project Discussion (Sent to Customer Contacts) [polish]', 'New Project Discussion Created', '', '{companyname} | CRM', NULL, 0, 1, 0),
(503, 'project', 'new-project-file-uploaded-to-customer', 'polish', 'New Project File Uploaded (Sent to Customer Contacts) [polish]', 'New Project File Uploaded', '', '{companyname} | CRM', NULL, 0, 1, 0),
(504, 'project', 'new-project-file-uploaded-to-staff', 'polish', 'New Project File Uploaded (Sent to Project Members) [polish]', 'New Project File Uploaded', '', '{companyname} | CRM', NULL, 0, 1, 0),
(505, 'project', 'new-project-discussion-comment-to-customer', 'polish', 'New Discussion Comment  (Sent to Customer Contacts) [polish]', 'New Discussion Comment', '', '{companyname} | CRM', NULL, 0, 1, 0),
(506, 'project', 'new-project-discussion-comment-to-staff', 'polish', 'New Discussion Comment (Sent to Project Members) [polish]', 'New Discussion Comment', '', '{companyname} | CRM', NULL, 0, 1, 0),
(507, 'project', 'staff-added-as-project-member', 'polish', 'Staff Added as Project Member [polish]', 'New project assigned to you', '', '{companyname} | CRM', NULL, 0, 1, 0),
(508, 'estimate', 'estimate-expiry-reminder', 'polish', 'Estimate Expiration Reminder [polish]', 'Estimate Expiration Reminder', '', '{companyname} | CRM', NULL, 0, 1, 0),
(509, 'proposals', 'proposal-expiry-reminder', 'polish', 'Proposal Expiration Reminder [polish]', 'Proposal Expiration Reminder', '', '{companyname} | CRM', NULL, 0, 1, 0),
(510, 'staff', 'new-staff-created', 'polish', 'New Staff Created (Welcome Email) [polish]', 'You are added as staff member', '', '{companyname} | CRM', NULL, 0, 1, 0),
(511, 'client', 'contact-forgot-password', 'polish', 'Forgot Password [polish]', 'Create New Password', '', '{companyname} | CRM', NULL, 0, 1, 0),
(512, 'client', 'contact-password-reseted', 'polish', 'Password Reset - Confirmation [polish]', 'Your password has been changed', '', '{companyname} | CRM', NULL, 0, 1, 0),
(513, 'client', 'contact-set-password', 'polish', 'Set New Password [polish]', 'Set new password on {companyname} ', '', '{companyname} | CRM', NULL, 0, 1, 0),
(514, 'staff', 'staff-forgot-password', 'polish', 'Forgot Password [polish]', 'Create New Password', '', '{companyname} | CRM', NULL, 0, 1, 0),
(515, 'staff', 'staff-password-reseted', 'polish', 'Password Reset - Confirmation [polish]', 'Your password has been changed', '', '{companyname} | CRM', NULL, 0, 1, 0),
(516, 'project', 'assigned-to-project', 'polish', 'New Project Created (Sent to Customer Contacts) [polish]', 'New Project Created', '', '{companyname} | CRM', NULL, 0, 1, 0),
(517, 'tasks', 'task-marked-as-finished-to-contacts', 'polish', 'Task Marked as Finished (Sent to customer contacts) [polish]', 'Task Marked as Finished - {task_name}', '', '{companyname} | CRM', NULL, 0, 1, 0);
INSERT INTO `tblemailtemplates` (`emailtemplateid`, `type`, `slug`, `language`, `name`, `subject`, `message`, `fromname`, `fromemail`, `plaintext`, `active`, `order`) VALUES
(518, 'tasks', 'task-added-attachment-to-contacts', 'polish', 'New Attachment on Task (Sent to Customer Contacts) [polish]', 'New Attachment on Task - {task_name}', '', '{companyname} | CRM', NULL, 0, 1, 0),
(519, 'tasks', 'task-commented-to-contacts', 'polish', 'New Comment on Task (Sent to Customer Contacts) [polish]', 'New Comment on Task - {task_name}', '', '{companyname} | CRM', NULL, 0, 1, 0),
(520, 'leads', 'new-lead-assigned', 'polish', 'New Lead Assigned to Staff Member [polish]', 'New lead assigned to you', '', '{companyname} | CRM', NULL, 0, 1, 0),
(521, 'client', 'new-client-created', 'portuguese', 'New Contact Added/Registered (Welcome Email) [portuguese]', 'Welcome aboard', '', '{companyname} | CRM', NULL, 0, 1, 0),
(522, 'invoice', 'invoice-send-to-client', 'portuguese', 'Send Invoice to Customer [portuguese]', 'Invoice with number {invoice_number} created', '', '{companyname} | CRM', NULL, 0, 1, 0),
(523, 'ticket', 'new-ticket-opened-admin', 'portuguese', 'New Ticket Opened (Opened by Staff, Sent to Customer) [portuguese]', 'New Support Ticket Opened', '', '{companyname} | CRM', NULL, 0, 1, 0),
(524, 'ticket', 'ticket-reply', 'portuguese', 'Ticket Reply (Sent to Customer) [portuguese]', 'New Ticket Reply', '', '{companyname} | CRM', NULL, 0, 1, 0),
(525, 'ticket', 'ticket-autoresponse', 'portuguese', 'New Ticket Opened - Autoresponse [portuguese]', 'New Support Ticket Opened', '', '{companyname} | CRM', NULL, 0, 1, 0),
(526, 'invoice', 'invoice-payment-recorded', 'portuguese', 'Invoice Payment Recorded (Sent to Customer) [portuguese]', 'Invoice Payment Recorded', '', '{companyname} | CRM', NULL, 0, 1, 0),
(527, 'invoice', 'invoice-overdue-notice', 'portuguese', 'Invoice Overdue Notice [portuguese]', 'Invoice Overdue Notice - {invoice_number}', '', '{companyname} | CRM', NULL, 0, 1, 0),
(528, 'invoice', 'invoice-already-send', 'portuguese', 'Invoice Already Sent to Customer [portuguese]', 'On your command here is the invoice', '', '{companyname} | CRM', NULL, 0, 1, 0),
(529, 'ticket', 'new-ticket-created-staff', 'portuguese', 'New Ticket Created (Opened by Customer, Sent to Staff Members) [portuguese]', 'New Ticket Created', '', '{companyname} | CRM', NULL, 0, 1, 0),
(530, 'estimate', 'estimate-send-to-client', 'portuguese', 'Send Estimate to Customer [portuguese]', 'Estimate # {estimate_number} created', '', '{companyname} | CRM', NULL, 0, 1, 0),
(531, 'ticket', 'ticket-reply-to-admin', 'portuguese', 'Ticket Reply (Sent to Staff) [portuguese]', 'New Support Ticket Reply', '', '{companyname} | CRM', NULL, 0, 1, 0),
(532, 'estimate', 'estimate-already-send', 'portuguese', 'Estimate Already Sent to Customer [portuguese]', 'Estimate # {estimate_number} ', '', '{companyname} | CRM', NULL, 0, 1, 0),
(533, 'contract', 'contract-expiration', 'portuguese', 'Contract Expiration [portuguese]', 'Contract Expiration Reminder', '', '{companyname} | CRM', NULL, 0, 1, 0),
(534, 'tasks', 'task-assigned', 'portuguese', 'New Task Assigned (Sent to Staff) [portuguese]', 'New Task Assigned to You - {task_name}', '', '{companyname} | CRM', NULL, 0, 1, 0),
(535, 'tasks', 'task-added-as-follower', 'portuguese', 'Staff Member Added as Follower on Task [portuguese]', 'You are added as follower on task - {task_name}', '', '{companyname} | CRM', NULL, 0, 1, 0),
(536, 'tasks', 'task-commented', 'portuguese', 'New Comment on Task (Sent to Staff) [portuguese]', 'New Comment on Task - {task_name}', '', '{companyname} | CRM', NULL, 0, 1, 0),
(537, 'tasks', 'task-marked-as-finished', 'portuguese', 'Task Marked as Finished (Sent to Staff) [portuguese]', 'Task Marked as Finished - {task_name}', '', '{companyname} | CRM', NULL, 0, 1, 0),
(538, 'tasks', 'task-added-attachment', 'portuguese', 'New Attachment on Task (Sent to Staff) [portuguese]', 'New Attachment on Task - {task_name}', '', '{companyname} | CRM', NULL, 0, 1, 0),
(539, 'tasks', 'task-unmarked-as-finished', 'portuguese', 'Task Unmarked as Finished (Sent to Staff) [portuguese]', 'Task UN-marked as finished - {task_name}', '', '{companyname} | CRM', NULL, 0, 1, 0),
(540, 'estimate', 'estimate-declined-to-staff', 'portuguese', 'Estimate Declined (Sent to Staff) [portuguese]', 'Customer Declined Estimate', '', '{companyname} | CRM', NULL, 0, 1, 0),
(541, 'estimate', 'estimate-accepted-to-staff', 'portuguese', 'Estimate Accepted (Sent to Staff) [portuguese]', 'Customer Accepted Estimate', '', '{companyname} | CRM', NULL, 0, 1, 0),
(542, 'proposals', 'proposal-client-accepted', 'portuguese', 'Customer Action - Accepted (Sent to Staff) [portuguese]', 'Customer Accepted Proposal', '', '{companyname} | CRM', NULL, 0, 1, 0),
(543, 'proposals', 'proposal-send-to-customer', 'portuguese', 'Send Proposal to Customer [portuguese]', 'Proposal', '', '{companyname} | CRM', NULL, 0, 1, 0),
(544, 'proposals', 'proposal-client-declined', 'portuguese', 'Customer Action - Declined (Sent to Staff) [portuguese]', 'Client Declined Proposal', '', '{companyname} | CRM', NULL, 0, 1, 0),
(545, 'proposals', 'proposal-client-thank-you', 'portuguese', 'Thank You Email (Sent to Customer After Accept) [portuguese]', 'Thank for you accepting proposal', '', '{companyname} | CRM', NULL, 0, 1, 0),
(546, 'proposals', 'proposal-comment-to-client', 'portuguese', 'New Comment  (Sent to Customer Contacts) [portuguese]', 'New Proposal Comment', '', '{companyname} | CRM', NULL, 0, 1, 0),
(547, 'proposals', 'proposal-comment-to-admin', 'portuguese', 'New Comment (Sent to Staff)  [portuguese]', 'New Proposal Comment', '', '{companyname} | CRM', NULL, 0, 1, 0),
(548, 'estimate', 'estimate-thank-you-to-customer', 'portuguese', 'Thank You Email (Sent to Customer After Accept) [portuguese]', 'Thank for you accepting estimate', '', '{companyname} | CRM', NULL, 0, 1, 0),
(549, 'tasks', 'task-deadline-notification', 'portuguese', 'Task Deadline Reminder - Sent to Assigned Members [portuguese]', 'Task Deadline Reminder', '', '{companyname} | CRM', NULL, 0, 1, 0),
(550, 'contract', 'send-contract', 'portuguese', 'Send Contract to Customer [portuguese]', 'Contract - {contract_subject}', '', '{companyname} | CRM', NULL, 0, 1, 0),
(551, 'invoice', 'invoice-payment-recorded-to-staff', 'portuguese', 'Invoice Payment Recorded (Sent to Staff) [portuguese]', 'New Invoice Payment', '', '{companyname} | CRM', NULL, 0, 1, 0),
(552, 'ticket', 'auto-close-ticket', 'portuguese', 'Auto Close Ticket [portuguese]', 'Ticket Auto Closed', '', '{companyname} | CRM', NULL, 0, 1, 0),
(553, 'project', 'new-project-discussion-created-to-staff', 'portuguese', 'New Project Discussion (Sent to Project Members) [portuguese]', 'New Project Discussion Created', '', '{companyname} | CRM', NULL, 0, 1, 0),
(554, 'project', 'new-project-discussion-created-to-customer', 'portuguese', 'New Project Discussion (Sent to Customer Contacts) [portuguese]', 'New Project Discussion Created', '', '{companyname} | CRM', NULL, 0, 1, 0),
(555, 'project', 'new-project-file-uploaded-to-customer', 'portuguese', 'New Project File Uploaded (Sent to Customer Contacts) [portuguese]', 'New Project File Uploaded', '', '{companyname} | CRM', NULL, 0, 1, 0),
(556, 'project', 'new-project-file-uploaded-to-staff', 'portuguese', 'New Project File Uploaded (Sent to Project Members) [portuguese]', 'New Project File Uploaded', '', '{companyname} | CRM', NULL, 0, 1, 0),
(557, 'project', 'new-project-discussion-comment-to-customer', 'portuguese', 'New Discussion Comment  (Sent to Customer Contacts) [portuguese]', 'New Discussion Comment', '', '{companyname} | CRM', NULL, 0, 1, 0),
(558, 'project', 'new-project-discussion-comment-to-staff', 'portuguese', 'New Discussion Comment (Sent to Project Members) [portuguese]', 'New Discussion Comment', '', '{companyname} | CRM', NULL, 0, 1, 0),
(559, 'project', 'staff-added-as-project-member', 'portuguese', 'Staff Added as Project Member [portuguese]', 'New project assigned to you', '', '{companyname} | CRM', NULL, 0, 1, 0),
(560, 'estimate', 'estimate-expiry-reminder', 'portuguese', 'Estimate Expiration Reminder [portuguese]', 'Estimate Expiration Reminder', '', '{companyname} | CRM', NULL, 0, 1, 0),
(561, 'proposals', 'proposal-expiry-reminder', 'portuguese', 'Proposal Expiration Reminder [portuguese]', 'Proposal Expiration Reminder', '', '{companyname} | CRM', NULL, 0, 1, 0),
(562, 'staff', 'new-staff-created', 'portuguese', 'New Staff Created (Welcome Email) [portuguese]', 'You are added as staff member', '', '{companyname} | CRM', NULL, 0, 1, 0),
(563, 'client', 'contact-forgot-password', 'portuguese', 'Forgot Password [portuguese]', 'Create New Password', '', '{companyname} | CRM', NULL, 0, 1, 0),
(564, 'client', 'contact-password-reseted', 'portuguese', 'Password Reset - Confirmation [portuguese]', 'Your password has been changed', '', '{companyname} | CRM', NULL, 0, 1, 0),
(565, 'client', 'contact-set-password', 'portuguese', 'Set New Password [portuguese]', 'Set new password on {companyname} ', '', '{companyname} | CRM', NULL, 0, 1, 0),
(566, 'staff', 'staff-forgot-password', 'portuguese', 'Forgot Password [portuguese]', 'Create New Password', '', '{companyname} | CRM', NULL, 0, 1, 0),
(567, 'staff', 'staff-password-reseted', 'portuguese', 'Password Reset - Confirmation [portuguese]', 'Your password has been changed', '', '{companyname} | CRM', NULL, 0, 1, 0),
(568, 'project', 'assigned-to-project', 'portuguese', 'New Project Created (Sent to Customer Contacts) [portuguese]', 'New Project Created', '', '{companyname} | CRM', NULL, 0, 1, 0),
(569, 'tasks', 'task-marked-as-finished-to-contacts', 'portuguese', 'Task Marked as Finished (Sent to customer contacts) [portuguese]', 'Task Marked as Finished - {task_name}', '', '{companyname} | CRM', NULL, 0, 1, 0),
(570, 'tasks', 'task-added-attachment-to-contacts', 'portuguese', 'New Attachment on Task (Sent to Customer Contacts) [portuguese]', 'New Attachment on Task - {task_name}', '', '{companyname} | CRM', NULL, 0, 1, 0),
(571, 'tasks', 'task-commented-to-contacts', 'portuguese', 'New Comment on Task (Sent to Customer Contacts) [portuguese]', 'New Comment on Task - {task_name}', '', '{companyname} | CRM', NULL, 0, 1, 0),
(572, 'leads', 'new-lead-assigned', 'portuguese', 'New Lead Assigned to Staff Member [portuguese]', 'New lead assigned to you', '', '{companyname} | CRM', NULL, 0, 1, 0),
(573, 'client', 'new-client-created', 'portuguese_br', 'New Contact Added/Registered (Welcome Email) [portuguese_br]', 'Welcome aboard', '', '{companyname} | CRM', NULL, 0, 1, 0),
(574, 'invoice', 'invoice-send-to-client', 'portuguese_br', 'Send Invoice to Customer [portuguese_br]', 'Invoice with number {invoice_number} created', '', '{companyname} | CRM', NULL, 0, 1, 0),
(575, 'ticket', 'new-ticket-opened-admin', 'portuguese_br', 'New Ticket Opened (Opened by Staff, Sent to Customer) [portuguese_br]', 'New Support Ticket Opened', '', '{companyname} | CRM', NULL, 0, 1, 0),
(576, 'ticket', 'ticket-reply', 'portuguese_br', 'Ticket Reply (Sent to Customer) [portuguese_br]', 'New Ticket Reply', '', '{companyname} | CRM', NULL, 0, 1, 0),
(577, 'ticket', 'ticket-autoresponse', 'portuguese_br', 'New Ticket Opened - Autoresponse [portuguese_br]', 'New Support Ticket Opened', '', '{companyname} | CRM', NULL, 0, 1, 0),
(578, 'invoice', 'invoice-payment-recorded', 'portuguese_br', 'Invoice Payment Recorded (Sent to Customer) [portuguese_br]', 'Invoice Payment Recorded', '', '{companyname} | CRM', NULL, 0, 1, 0),
(579, 'invoice', 'invoice-overdue-notice', 'portuguese_br', 'Invoice Overdue Notice [portuguese_br]', 'Invoice Overdue Notice - {invoice_number}', '', '{companyname} | CRM', NULL, 0, 1, 0),
(580, 'invoice', 'invoice-already-send', 'portuguese_br', 'Invoice Already Sent to Customer [portuguese_br]', 'On your command here is the invoice', '', '{companyname} | CRM', NULL, 0, 1, 0),
(581, 'ticket', 'new-ticket-created-staff', 'portuguese_br', 'New Ticket Created (Opened by Customer, Sent to Staff Members) [portuguese_br]', 'New Ticket Created', '', '{companyname} | CRM', NULL, 0, 1, 0),
(582, 'estimate', 'estimate-send-to-client', 'portuguese_br', 'Send Estimate to Customer [portuguese_br]', 'Estimate # {estimate_number} created', '', '{companyname} | CRM', NULL, 0, 1, 0),
(583, 'ticket', 'ticket-reply-to-admin', 'portuguese_br', 'Ticket Reply (Sent to Staff) [portuguese_br]', 'New Support Ticket Reply', '', '{companyname} | CRM', NULL, 0, 1, 0),
(584, 'estimate', 'estimate-already-send', 'portuguese_br', 'Estimate Already Sent to Customer [portuguese_br]', 'Estimate # {estimate_number} ', '', '{companyname} | CRM', NULL, 0, 1, 0),
(585, 'contract', 'contract-expiration', 'portuguese_br', 'Contract Expiration [portuguese_br]', 'Contract Expiration Reminder', '', '{companyname} | CRM', NULL, 0, 1, 0),
(586, 'tasks', 'task-assigned', 'portuguese_br', 'New Task Assigned (Sent to Staff) [portuguese_br]', 'New Task Assigned to You - {task_name}', '', '{companyname} | CRM', NULL, 0, 1, 0),
(587, 'tasks', 'task-added-as-follower', 'portuguese_br', 'Staff Member Added as Follower on Task [portuguese_br]', 'You are added as follower on task - {task_name}', '', '{companyname} | CRM', NULL, 0, 1, 0),
(588, 'tasks', 'task-commented', 'portuguese_br', 'New Comment on Task (Sent to Staff) [portuguese_br]', 'New Comment on Task - {task_name}', '', '{companyname} | CRM', NULL, 0, 1, 0),
(589, 'tasks', 'task-marked-as-finished', 'portuguese_br', 'Task Marked as Finished (Sent to Staff) [portuguese_br]', 'Task Marked as Finished - {task_name}', '', '{companyname} | CRM', NULL, 0, 1, 0),
(590, 'tasks', 'task-added-attachment', 'portuguese_br', 'New Attachment on Task (Sent to Staff) [portuguese_br]', 'New Attachment on Task - {task_name}', '', '{companyname} | CRM', NULL, 0, 1, 0),
(591, 'tasks', 'task-unmarked-as-finished', 'portuguese_br', 'Task Unmarked as Finished (Sent to Staff) [portuguese_br]', 'Task UN-marked as finished - {task_name}', '', '{companyname} | CRM', NULL, 0, 1, 0),
(592, 'estimate', 'estimate-declined-to-staff', 'portuguese_br', 'Estimate Declined (Sent to Staff) [portuguese_br]', 'Customer Declined Estimate', '', '{companyname} | CRM', NULL, 0, 1, 0),
(593, 'estimate', 'estimate-accepted-to-staff', 'portuguese_br', 'Estimate Accepted (Sent to Staff) [portuguese_br]', 'Customer Accepted Estimate', '', '{companyname} | CRM', NULL, 0, 1, 0),
(594, 'proposals', 'proposal-client-accepted', 'portuguese_br', 'Customer Action - Accepted (Sent to Staff) [portuguese_br]', 'Customer Accepted Proposal', '', '{companyname} | CRM', NULL, 0, 1, 0),
(595, 'proposals', 'proposal-send-to-customer', 'portuguese_br', 'Send Proposal to Customer [portuguese_br]', 'Proposal', '', '{companyname} | CRM', NULL, 0, 1, 0),
(596, 'proposals', 'proposal-client-declined', 'portuguese_br', 'Customer Action - Declined (Sent to Staff) [portuguese_br]', 'Client Declined Proposal', '', '{companyname} | CRM', NULL, 0, 1, 0),
(597, 'proposals', 'proposal-client-thank-you', 'portuguese_br', 'Thank You Email (Sent to Customer After Accept) [portuguese_br]', 'Thank for you accepting proposal', '', '{companyname} | CRM', NULL, 0, 1, 0),
(598, 'proposals', 'proposal-comment-to-client', 'portuguese_br', 'New Comment  (Sent to Customer Contacts) [portuguese_br]', 'New Proposal Comment', '', '{companyname} | CRM', NULL, 0, 1, 0),
(599, 'proposals', 'proposal-comment-to-admin', 'portuguese_br', 'New Comment (Sent to Staff)  [portuguese_br]', 'New Proposal Comment', '', '{companyname} | CRM', NULL, 0, 1, 0),
(600, 'estimate', 'estimate-thank-you-to-customer', 'portuguese_br', 'Thank You Email (Sent to Customer After Accept) [portuguese_br]', 'Thank for you accepting estimate', '', '{companyname} | CRM', NULL, 0, 1, 0),
(601, 'tasks', 'task-deadline-notification', 'portuguese_br', 'Task Deadline Reminder - Sent to Assigned Members [portuguese_br]', 'Task Deadline Reminder', '', '{companyname} | CRM', NULL, 0, 1, 0),
(602, 'contract', 'send-contract', 'portuguese_br', 'Send Contract to Customer [portuguese_br]', 'Contract - {contract_subject}', '', '{companyname} | CRM', NULL, 0, 1, 0),
(603, 'invoice', 'invoice-payment-recorded-to-staff', 'portuguese_br', 'Invoice Payment Recorded (Sent to Staff) [portuguese_br]', 'New Invoice Payment', '', '{companyname} | CRM', NULL, 0, 1, 0),
(604, 'ticket', 'auto-close-ticket', 'portuguese_br', 'Auto Close Ticket [portuguese_br]', 'Ticket Auto Closed', '', '{companyname} | CRM', NULL, 0, 1, 0),
(605, 'project', 'new-project-discussion-created-to-staff', 'portuguese_br', 'New Project Discussion (Sent to Project Members) [portuguese_br]', 'New Project Discussion Created', '', '{companyname} | CRM', NULL, 0, 1, 0),
(606, 'project', 'new-project-discussion-created-to-customer', 'portuguese_br', 'New Project Discussion (Sent to Customer Contacts) [portuguese_br]', 'New Project Discussion Created', '', '{companyname} | CRM', NULL, 0, 1, 0),
(607, 'project', 'new-project-file-uploaded-to-customer', 'portuguese_br', 'New Project File Uploaded (Sent to Customer Contacts) [portuguese_br]', 'New Project File Uploaded', '', '{companyname} | CRM', NULL, 0, 1, 0),
(608, 'project', 'new-project-file-uploaded-to-staff', 'portuguese_br', 'New Project File Uploaded (Sent to Project Members) [portuguese_br]', 'New Project File Uploaded', '', '{companyname} | CRM', NULL, 0, 1, 0),
(609, 'project', 'new-project-discussion-comment-to-customer', 'portuguese_br', 'New Discussion Comment  (Sent to Customer Contacts) [portuguese_br]', 'New Discussion Comment', '', '{companyname} | CRM', NULL, 0, 1, 0),
(610, 'project', 'new-project-discussion-comment-to-staff', 'portuguese_br', 'New Discussion Comment (Sent to Project Members) [portuguese_br]', 'New Discussion Comment', '', '{companyname} | CRM', NULL, 0, 1, 0),
(611, 'project', 'staff-added-as-project-member', 'portuguese_br', 'Staff Added as Project Member [portuguese_br]', 'New project assigned to you', '', '{companyname} | CRM', NULL, 0, 1, 0),
(612, 'estimate', 'estimate-expiry-reminder', 'portuguese_br', 'Estimate Expiration Reminder [portuguese_br]', 'Estimate Expiration Reminder', '', '{companyname} | CRM', NULL, 0, 1, 0),
(613, 'proposals', 'proposal-expiry-reminder', 'portuguese_br', 'Proposal Expiration Reminder [portuguese_br]', 'Proposal Expiration Reminder', '', '{companyname} | CRM', NULL, 0, 1, 0),
(614, 'staff', 'new-staff-created', 'portuguese_br', 'New Staff Created (Welcome Email) [portuguese_br]', 'You are added as staff member', '', '{companyname} | CRM', NULL, 0, 1, 0),
(615, 'client', 'contact-forgot-password', 'portuguese_br', 'Forgot Password [portuguese_br]', 'Create New Password', '', '{companyname} | CRM', NULL, 0, 1, 0),
(616, 'client', 'contact-password-reseted', 'portuguese_br', 'Password Reset - Confirmation [portuguese_br]', 'Your password has been changed', '', '{companyname} | CRM', NULL, 0, 1, 0),
(617, 'client', 'contact-set-password', 'portuguese_br', 'Set New Password [portuguese_br]', 'Set new password on {companyname} ', '', '{companyname} | CRM', NULL, 0, 1, 0),
(618, 'staff', 'staff-forgot-password', 'portuguese_br', 'Forgot Password [portuguese_br]', 'Create New Password', '', '{companyname} | CRM', NULL, 0, 1, 0),
(619, 'staff', 'staff-password-reseted', 'portuguese_br', 'Password Reset - Confirmation [portuguese_br]', 'Your password has been changed', '', '{companyname} | CRM', NULL, 0, 1, 0),
(620, 'project', 'assigned-to-project', 'portuguese_br', 'New Project Created (Sent to Customer Contacts) [portuguese_br]', 'New Project Created', '', '{companyname} | CRM', NULL, 0, 1, 0),
(621, 'tasks', 'task-marked-as-finished-to-contacts', 'portuguese_br', 'Task Marked as Finished (Sent to customer contacts) [portuguese_br]', 'Task Marked as Finished - {task_name}', '', '{companyname} | CRM', NULL, 0, 1, 0),
(622, 'tasks', 'task-added-attachment-to-contacts', 'portuguese_br', 'New Attachment on Task (Sent to Customer Contacts) [portuguese_br]', 'New Attachment on Task - {task_name}', '', '{companyname} | CRM', NULL, 0, 1, 0),
(623, 'tasks', 'task-commented-to-contacts', 'portuguese_br', 'New Comment on Task (Sent to Customer Contacts) [portuguese_br]', 'New Comment on Task - {task_name}', '', '{companyname} | CRM', NULL, 0, 1, 0),
(624, 'leads', 'new-lead-assigned', 'portuguese_br', 'New Lead Assigned to Staff Member [portuguese_br]', 'New lead assigned to you', '', '{companyname} | CRM', NULL, 0, 1, 0),
(625, 'client', 'new-client-created', 'spanish', 'New Contact Added/Registered (Welcome Email) [spanish]', 'Welcome aboard', '', '{companyname} | CRM', NULL, 0, 1, 0),
(626, 'invoice', 'invoice-send-to-client', 'spanish', 'Send Invoice to Customer [spanish]', 'Invoice with number {invoice_number} created', '', '{companyname} | CRM', NULL, 0, 1, 0),
(627, 'ticket', 'new-ticket-opened-admin', 'spanish', 'New Ticket Opened (Opened by Staff, Sent to Customer) [spanish]', 'New Support Ticket Opened', '', '{companyname} | CRM', NULL, 0, 1, 0),
(628, 'ticket', 'ticket-reply', 'spanish', 'Ticket Reply (Sent to Customer) [spanish]', 'New Ticket Reply', '', '{companyname} | CRM', NULL, 0, 1, 0),
(629, 'ticket', 'ticket-autoresponse', 'spanish', 'New Ticket Opened - Autoresponse [spanish]', 'New Support Ticket Opened', '', '{companyname} | CRM', NULL, 0, 1, 0),
(630, 'invoice', 'invoice-payment-recorded', 'spanish', 'Invoice Payment Recorded (Sent to Customer) [spanish]', 'Invoice Payment Recorded', '', '{companyname} | CRM', NULL, 0, 1, 0),
(631, 'invoice', 'invoice-overdue-notice', 'spanish', 'Invoice Overdue Notice [spanish]', 'Invoice Overdue Notice - {invoice_number}', '', '{companyname} | CRM', NULL, 0, 1, 0),
(632, 'invoice', 'invoice-already-send', 'spanish', 'Invoice Already Sent to Customer [spanish]', 'On your command here is the invoice', '', '{companyname} | CRM', NULL, 0, 1, 0),
(633, 'ticket', 'new-ticket-created-staff', 'spanish', 'New Ticket Created (Opened by Customer, Sent to Staff Members) [spanish]', 'New Ticket Created', '', '{companyname} | CRM', NULL, 0, 1, 0),
(634, 'estimate', 'estimate-send-to-client', 'spanish', 'Send Estimate to Customer [spanish]', 'Estimate # {estimate_number} created', '', '{companyname} | CRM', NULL, 0, 1, 0),
(635, 'ticket', 'ticket-reply-to-admin', 'spanish', 'Ticket Reply (Sent to Staff) [spanish]', 'New Support Ticket Reply', '', '{companyname} | CRM', NULL, 0, 1, 0),
(636, 'estimate', 'estimate-already-send', 'spanish', 'Estimate Already Sent to Customer [spanish]', 'Estimate # {estimate_number} ', '', '{companyname} | CRM', NULL, 0, 1, 0),
(637, 'contract', 'contract-expiration', 'spanish', 'Contract Expiration [spanish]', 'Contract Expiration Reminder', '', '{companyname} | CRM', NULL, 0, 1, 0),
(638, 'tasks', 'task-assigned', 'spanish', 'New Task Assigned (Sent to Staff) [spanish]', 'New Task Assigned to You - {task_name}', '', '{companyname} | CRM', NULL, 0, 1, 0),
(639, 'tasks', 'task-added-as-follower', 'spanish', 'Staff Member Added as Follower on Task [spanish]', 'You are added as follower on task - {task_name}', '', '{companyname} | CRM', NULL, 0, 1, 0),
(640, 'tasks', 'task-commented', 'spanish', 'New Comment on Task (Sent to Staff) [spanish]', 'New Comment on Task - {task_name}', '', '{companyname} | CRM', NULL, 0, 1, 0),
(641, 'tasks', 'task-marked-as-finished', 'spanish', 'Task Marked as Finished (Sent to Staff) [spanish]', 'Task Marked as Finished - {task_name}', '', '{companyname} | CRM', NULL, 0, 1, 0),
(642, 'tasks', 'task-added-attachment', 'spanish', 'New Attachment on Task (Sent to Staff) [spanish]', 'New Attachment on Task - {task_name}', '', '{companyname} | CRM', NULL, 0, 1, 0),
(643, 'tasks', 'task-unmarked-as-finished', 'spanish', 'Task Unmarked as Finished (Sent to Staff) [spanish]', 'Task UN-marked as finished - {task_name}', '', '{companyname} | CRM', NULL, 0, 1, 0),
(644, 'estimate', 'estimate-declined-to-staff', 'spanish', 'Estimate Declined (Sent to Staff) [spanish]', 'Customer Declined Estimate', '', '{companyname} | CRM', NULL, 0, 1, 0),
(645, 'estimate', 'estimate-accepted-to-staff', 'spanish', 'Estimate Accepted (Sent to Staff) [spanish]', 'Customer Accepted Estimate', '', '{companyname} | CRM', NULL, 0, 1, 0),
(646, 'proposals', 'proposal-client-accepted', 'spanish', 'Customer Action - Accepted (Sent to Staff) [spanish]', 'Customer Accepted Proposal', '', '{companyname} | CRM', NULL, 0, 1, 0),
(647, 'proposals', 'proposal-send-to-customer', 'spanish', 'Send Proposal to Customer [spanish]', 'Proposal', '', '{companyname} | CRM', NULL, 0, 1, 0),
(648, 'proposals', 'proposal-client-declined', 'spanish', 'Customer Action - Declined (Sent to Staff) [spanish]', 'Client Declined Proposal', '', '{companyname} | CRM', NULL, 0, 1, 0),
(649, 'proposals', 'proposal-client-thank-you', 'spanish', 'Thank You Email (Sent to Customer After Accept) [spanish]', 'Thank for you accepting proposal', '', '{companyname} | CRM', NULL, 0, 1, 0),
(650, 'proposals', 'proposal-comment-to-client', 'spanish', 'New Comment  (Sent to Customer Contacts) [spanish]', 'New Proposal Comment', '', '{companyname} | CRM', NULL, 0, 1, 0),
(651, 'proposals', 'proposal-comment-to-admin', 'spanish', 'New Comment (Sent to Staff)  [spanish]', 'New Proposal Comment', '', '{companyname} | CRM', NULL, 0, 1, 0),
(652, 'estimate', 'estimate-thank-you-to-customer', 'spanish', 'Thank You Email (Sent to Customer After Accept) [spanish]', 'Thank for you accepting estimate', '', '{companyname} | CRM', NULL, 0, 1, 0),
(653, 'tasks', 'task-deadline-notification', 'spanish', 'Task Deadline Reminder - Sent to Assigned Members [spanish]', 'Task Deadline Reminder', '', '{companyname} | CRM', NULL, 0, 1, 0),
(654, 'contract', 'send-contract', 'spanish', 'Send Contract to Customer [spanish]', 'Contract - {contract_subject}', '', '{companyname} | CRM', NULL, 0, 1, 0),
(655, 'invoice', 'invoice-payment-recorded-to-staff', 'spanish', 'Invoice Payment Recorded (Sent to Staff) [spanish]', 'New Invoice Payment', '', '{companyname} | CRM', NULL, 0, 1, 0),
(656, 'ticket', 'auto-close-ticket', 'spanish', 'Auto Close Ticket [spanish]', 'Ticket Auto Closed', '', '{companyname} | CRM', NULL, 0, 1, 0),
(657, 'project', 'new-project-discussion-created-to-staff', 'spanish', 'New Project Discussion (Sent to Project Members) [spanish]', 'New Project Discussion Created', '', '{companyname} | CRM', NULL, 0, 1, 0),
(658, 'project', 'new-project-discussion-created-to-customer', 'spanish', 'New Project Discussion (Sent to Customer Contacts) [spanish]', 'New Project Discussion Created', '', '{companyname} | CRM', NULL, 0, 1, 0),
(659, 'project', 'new-project-file-uploaded-to-customer', 'spanish', 'New Project File Uploaded (Sent to Customer Contacts) [spanish]', 'New Project File Uploaded', '', '{companyname} | CRM', NULL, 0, 1, 0),
(660, 'project', 'new-project-file-uploaded-to-staff', 'spanish', 'New Project File Uploaded (Sent to Project Members) [spanish]', 'New Project File Uploaded', '', '{companyname} | CRM', NULL, 0, 1, 0),
(661, 'project', 'new-project-discussion-comment-to-customer', 'spanish', 'New Discussion Comment  (Sent to Customer Contacts) [spanish]', 'New Discussion Comment', '', '{companyname} | CRM', NULL, 0, 1, 0),
(662, 'project', 'new-project-discussion-comment-to-staff', 'spanish', 'New Discussion Comment (Sent to Project Members) [spanish]', 'New Discussion Comment', '', '{companyname} | CRM', NULL, 0, 1, 0),
(663, 'project', 'staff-added-as-project-member', 'spanish', 'Staff Added as Project Member [spanish]', 'New project assigned to you', '', '{companyname} | CRM', NULL, 0, 1, 0),
(664, 'estimate', 'estimate-expiry-reminder', 'spanish', 'Estimate Expiration Reminder [spanish]', 'Estimate Expiration Reminder', '', '{companyname} | CRM', NULL, 0, 1, 0),
(665, 'proposals', 'proposal-expiry-reminder', 'spanish', 'Proposal Expiration Reminder [spanish]', 'Proposal Expiration Reminder', '', '{companyname} | CRM', NULL, 0, 1, 0),
(666, 'staff', 'new-staff-created', 'spanish', 'New Staff Created (Welcome Email) [spanish]', 'You are added as staff member', '', '{companyname} | CRM', NULL, 0, 1, 0),
(667, 'client', 'contact-forgot-password', 'spanish', 'Forgot Password [spanish]', 'Create New Password', '', '{companyname} | CRM', NULL, 0, 1, 0),
(668, 'client', 'contact-password-reseted', 'spanish', 'Password Reset - Confirmation [spanish]', 'Your password has been changed', '', '{companyname} | CRM', NULL, 0, 1, 0),
(669, 'client', 'contact-set-password', 'spanish', 'Set New Password [spanish]', 'Set new password on {companyname} ', '', '{companyname} | CRM', NULL, 0, 1, 0),
(670, 'staff', 'staff-forgot-password', 'spanish', 'Forgot Password [spanish]', 'Create New Password', '', '{companyname} | CRM', NULL, 0, 1, 0),
(671, 'staff', 'staff-password-reseted', 'spanish', 'Password Reset - Confirmation [spanish]', 'Your password has been changed', '', '{companyname} | CRM', NULL, 0, 1, 0),
(672, 'project', 'assigned-to-project', 'spanish', 'New Project Created (Sent to Customer Contacts) [spanish]', 'New Project Created', '', '{companyname} | CRM', NULL, 0, 1, 0),
(673, 'tasks', 'task-marked-as-finished-to-contacts', 'spanish', 'Task Marked as Finished (Sent to customer contacts) [spanish]', 'Task Marked as Finished - {task_name}', '', '{companyname} | CRM', NULL, 0, 1, 0),
(674, 'tasks', 'task-added-attachment-to-contacts', 'spanish', 'New Attachment on Task (Sent to Customer Contacts) [spanish]', 'New Attachment on Task - {task_name}', '', '{companyname} | CRM', NULL, 0, 1, 0),
(675, 'tasks', 'task-commented-to-contacts', 'spanish', 'New Comment on Task (Sent to Customer Contacts) [spanish]', 'New Comment on Task - {task_name}', '', '{companyname} | CRM', NULL, 0, 1, 0),
(676, 'leads', 'new-lead-assigned', 'spanish', 'New Lead Assigned to Staff Member [spanish]', 'New lead assigned to you', '', '{companyname} | CRM', NULL, 0, 1, 0),
(677, 'client', 'new-client-created', 'swedish', 'New Contact Added/Registered (Welcome Email) [swedish]', 'Welcome aboard', '', '{companyname} | CRM', NULL, 0, 1, 0),
(678, 'invoice', 'invoice-send-to-client', 'swedish', 'Send Invoice to Customer [swedish]', 'Invoice with number {invoice_number} created', '', '{companyname} | CRM', NULL, 0, 1, 0),
(679, 'ticket', 'new-ticket-opened-admin', 'swedish', 'New Ticket Opened (Opened by Staff, Sent to Customer) [swedish]', 'New Support Ticket Opened', '', '{companyname} | CRM', NULL, 0, 1, 0),
(680, 'ticket', 'ticket-reply', 'swedish', 'Ticket Reply (Sent to Customer) [swedish]', 'New Ticket Reply', '', '{companyname} | CRM', NULL, 0, 1, 0),
(681, 'ticket', 'ticket-autoresponse', 'swedish', 'New Ticket Opened - Autoresponse [swedish]', 'New Support Ticket Opened', '', '{companyname} | CRM', NULL, 0, 1, 0),
(682, 'invoice', 'invoice-payment-recorded', 'swedish', 'Invoice Payment Recorded (Sent to Customer) [swedish]', 'Invoice Payment Recorded', '', '{companyname} | CRM', NULL, 0, 1, 0),
(683, 'invoice', 'invoice-overdue-notice', 'swedish', 'Invoice Overdue Notice [swedish]', 'Invoice Overdue Notice - {invoice_number}', '', '{companyname} | CRM', NULL, 0, 1, 0),
(684, 'invoice', 'invoice-already-send', 'swedish', 'Invoice Already Sent to Customer [swedish]', 'On your command here is the invoice', '', '{companyname} | CRM', NULL, 0, 1, 0),
(685, 'ticket', 'new-ticket-created-staff', 'swedish', 'New Ticket Created (Opened by Customer, Sent to Staff Members) [swedish]', 'New Ticket Created', '', '{companyname} | CRM', NULL, 0, 1, 0),
(686, 'estimate', 'estimate-send-to-client', 'swedish', 'Send Estimate to Customer [swedish]', 'Estimate # {estimate_number} created', '', '{companyname} | CRM', NULL, 0, 1, 0),
(687, 'ticket', 'ticket-reply-to-admin', 'swedish', 'Ticket Reply (Sent to Staff) [swedish]', 'New Support Ticket Reply', '', '{companyname} | CRM', NULL, 0, 1, 0),
(688, 'estimate', 'estimate-already-send', 'swedish', 'Estimate Already Sent to Customer [swedish]', 'Estimate # {estimate_number} ', '', '{companyname} | CRM', NULL, 0, 1, 0),
(689, 'contract', 'contract-expiration', 'swedish', 'Contract Expiration [swedish]', 'Contract Expiration Reminder', '', '{companyname} | CRM', NULL, 0, 1, 0),
(690, 'tasks', 'task-assigned', 'swedish', 'New Task Assigned (Sent to Staff) [swedish]', 'New Task Assigned to You - {task_name}', '', '{companyname} | CRM', NULL, 0, 1, 0),
(691, 'tasks', 'task-added-as-follower', 'swedish', 'Staff Member Added as Follower on Task [swedish]', 'You are added as follower on task - {task_name}', '', '{companyname} | CRM', NULL, 0, 1, 0),
(692, 'tasks', 'task-commented', 'swedish', 'New Comment on Task (Sent to Staff) [swedish]', 'New Comment on Task - {task_name}', '', '{companyname} | CRM', NULL, 0, 1, 0),
(693, 'tasks', 'task-marked-as-finished', 'swedish', 'Task Marked as Finished (Sent to Staff) [swedish]', 'Task Marked as Finished - {task_name}', '', '{companyname} | CRM', NULL, 0, 1, 0),
(694, 'tasks', 'task-added-attachment', 'swedish', 'New Attachment on Task (Sent to Staff) [swedish]', 'New Attachment on Task - {task_name}', '', '{companyname} | CRM', NULL, 0, 1, 0),
(695, 'tasks', 'task-unmarked-as-finished', 'swedish', 'Task Unmarked as Finished (Sent to Staff) [swedish]', 'Task UN-marked as finished - {task_name}', '', '{companyname} | CRM', NULL, 0, 1, 0),
(696, 'estimate', 'estimate-declined-to-staff', 'swedish', 'Estimate Declined (Sent to Staff) [swedish]', 'Customer Declined Estimate', '', '{companyname} | CRM', NULL, 0, 1, 0),
(697, 'estimate', 'estimate-accepted-to-staff', 'swedish', 'Estimate Accepted (Sent to Staff) [swedish]', 'Customer Accepted Estimate', '', '{companyname} | CRM', NULL, 0, 1, 0),
(698, 'proposals', 'proposal-client-accepted', 'swedish', 'Customer Action - Accepted (Sent to Staff) [swedish]', 'Customer Accepted Proposal', '', '{companyname} | CRM', NULL, 0, 1, 0),
(699, 'proposals', 'proposal-send-to-customer', 'swedish', 'Send Proposal to Customer [swedish]', 'Proposal', '', '{companyname} | CRM', NULL, 0, 1, 0),
(700, 'proposals', 'proposal-client-declined', 'swedish', 'Customer Action - Declined (Sent to Staff) [swedish]', 'Client Declined Proposal', '', '{companyname} | CRM', NULL, 0, 1, 0),
(701, 'proposals', 'proposal-client-thank-you', 'swedish', 'Thank You Email (Sent to Customer After Accept) [swedish]', 'Thank for you accepting proposal', '', '{companyname} | CRM', NULL, 0, 1, 0),
(702, 'proposals', 'proposal-comment-to-client', 'swedish', 'New Comment  (Sent to Customer Contacts) [swedish]', 'New Proposal Comment', '', '{companyname} | CRM', NULL, 0, 1, 0),
(703, 'proposals', 'proposal-comment-to-admin', 'swedish', 'New Comment (Sent to Staff)  [swedish]', 'New Proposal Comment', '', '{companyname} | CRM', NULL, 0, 1, 0),
(704, 'estimate', 'estimate-thank-you-to-customer', 'swedish', 'Thank You Email (Sent to Customer After Accept) [swedish]', 'Thank for you accepting estimate', '', '{companyname} | CRM', NULL, 0, 1, 0),
(705, 'tasks', 'task-deadline-notification', 'swedish', 'Task Deadline Reminder - Sent to Assigned Members [swedish]', 'Task Deadline Reminder', '', '{companyname} | CRM', NULL, 0, 1, 0),
(706, 'contract', 'send-contract', 'swedish', 'Send Contract to Customer [swedish]', 'Contract - {contract_subject}', '', '{companyname} | CRM', NULL, 0, 1, 0),
(707, 'invoice', 'invoice-payment-recorded-to-staff', 'swedish', 'Invoice Payment Recorded (Sent to Staff) [swedish]', 'New Invoice Payment', '', '{companyname} | CRM', NULL, 0, 1, 0),
(708, 'ticket', 'auto-close-ticket', 'swedish', 'Auto Close Ticket [swedish]', 'Ticket Auto Closed', '', '{companyname} | CRM', NULL, 0, 1, 0),
(709, 'project', 'new-project-discussion-created-to-staff', 'swedish', 'New Project Discussion (Sent to Project Members) [swedish]', 'New Project Discussion Created', '', '{companyname} | CRM', NULL, 0, 1, 0),
(710, 'project', 'new-project-discussion-created-to-customer', 'swedish', 'New Project Discussion (Sent to Customer Contacts) [swedish]', 'New Project Discussion Created', '', '{companyname} | CRM', NULL, 0, 1, 0),
(711, 'project', 'new-project-file-uploaded-to-customer', 'swedish', 'New Project File Uploaded (Sent to Customer Contacts) [swedish]', 'New Project File Uploaded', '', '{companyname} | CRM', NULL, 0, 1, 0),
(712, 'project', 'new-project-file-uploaded-to-staff', 'swedish', 'New Project File Uploaded (Sent to Project Members) [swedish]', 'New Project File Uploaded', '', '{companyname} | CRM', NULL, 0, 1, 0),
(713, 'project', 'new-project-discussion-comment-to-customer', 'swedish', 'New Discussion Comment  (Sent to Customer Contacts) [swedish]', 'New Discussion Comment', '', '{companyname} | CRM', NULL, 0, 1, 0),
(714, 'project', 'new-project-discussion-comment-to-staff', 'swedish', 'New Discussion Comment (Sent to Project Members) [swedish]', 'New Discussion Comment', '', '{companyname} | CRM', NULL, 0, 1, 0),
(715, 'project', 'staff-added-as-project-member', 'swedish', 'Staff Added as Project Member [swedish]', 'New project assigned to you', '', '{companyname} | CRM', NULL, 0, 1, 0),
(716, 'estimate', 'estimate-expiry-reminder', 'swedish', 'Estimate Expiration Reminder [swedish]', 'Estimate Expiration Reminder', '', '{companyname} | CRM', NULL, 0, 1, 0),
(717, 'proposals', 'proposal-expiry-reminder', 'swedish', 'Proposal Expiration Reminder [swedish]', 'Proposal Expiration Reminder', '', '{companyname} | CRM', NULL, 0, 1, 0),
(718, 'staff', 'new-staff-created', 'swedish', 'New Staff Created (Welcome Email) [swedish]', 'You are added as staff member', '', '{companyname} | CRM', NULL, 0, 1, 0),
(719, 'client', 'contact-forgot-password', 'swedish', 'Forgot Password [swedish]', 'Create New Password', '', '{companyname} | CRM', NULL, 0, 1, 0),
(720, 'client', 'contact-password-reseted', 'swedish', 'Password Reset - Confirmation [swedish]', 'Your password has been changed', '', '{companyname} | CRM', NULL, 0, 1, 0),
(721, 'client', 'contact-set-password', 'swedish', 'Set New Password [swedish]', 'Set new password on {companyname} ', '', '{companyname} | CRM', NULL, 0, 1, 0),
(722, 'staff', 'staff-forgot-password', 'swedish', 'Forgot Password [swedish]', 'Create New Password', '', '{companyname} | CRM', NULL, 0, 1, 0),
(723, 'staff', 'staff-password-reseted', 'swedish', 'Password Reset - Confirmation [swedish]', 'Your password has been changed', '', '{companyname} | CRM', NULL, 0, 1, 0),
(724, 'project', 'assigned-to-project', 'swedish', 'New Project Created (Sent to Customer Contacts) [swedish]', 'New Project Created', '', '{companyname} | CRM', NULL, 0, 1, 0),
(725, 'tasks', 'task-marked-as-finished-to-contacts', 'swedish', 'Task Marked as Finished (Sent to customer contacts) [swedish]', 'Task Marked as Finished - {task_name}', '', '{companyname} | CRM', NULL, 0, 1, 0),
(726, 'tasks', 'task-added-attachment-to-contacts', 'swedish', 'New Attachment on Task (Sent to Customer Contacts) [swedish]', 'New Attachment on Task - {task_name}', '', '{companyname} | CRM', NULL, 0, 1, 0),
(727, 'tasks', 'task-commented-to-contacts', 'swedish', 'New Comment on Task (Sent to Customer Contacts) [swedish]', 'New Comment on Task - {task_name}', '', '{companyname} | CRM', NULL, 0, 1, 0),
(728, 'leads', 'new-lead-assigned', 'swedish', 'New Lead Assigned to Staff Member [swedish]', 'New lead assigned to you', '', '{companyname} | CRM', NULL, 0, 1, 0),
(729, 'client', 'new-client-created', 'turkish', 'New Contact Added/Registered (Welcome Email) [turkish]', 'Welcome aboard', '', '{companyname} | CRM', NULL, 0, 1, 0),
(730, 'invoice', 'invoice-send-to-client', 'turkish', 'Send Invoice to Customer [turkish]', 'Invoice with number {invoice_number} created', '', '{companyname} | CRM', NULL, 0, 1, 0),
(731, 'ticket', 'new-ticket-opened-admin', 'turkish', 'New Ticket Opened (Opened by Staff, Sent to Customer) [turkish]', 'New Support Ticket Opened', '', '{companyname} | CRM', NULL, 0, 1, 0),
(732, 'ticket', 'ticket-reply', 'turkish', 'Ticket Reply (Sent to Customer) [turkish]', 'New Ticket Reply', '', '{companyname} | CRM', NULL, 0, 1, 0),
(733, 'ticket', 'ticket-autoresponse', 'turkish', 'New Ticket Opened - Autoresponse [turkish]', 'New Support Ticket Opened', '', '{companyname} | CRM', NULL, 0, 1, 0),
(734, 'invoice', 'invoice-payment-recorded', 'turkish', 'Invoice Payment Recorded (Sent to Customer) [turkish]', 'Invoice Payment Recorded', '', '{companyname} | CRM', NULL, 0, 1, 0),
(735, 'invoice', 'invoice-overdue-notice', 'turkish', 'Invoice Overdue Notice [turkish]', 'Invoice Overdue Notice - {invoice_number}', '', '{companyname} | CRM', NULL, 0, 1, 0),
(736, 'invoice', 'invoice-already-send', 'turkish', 'Invoice Already Sent to Customer [turkish]', 'On your command here is the invoice', '', '{companyname} | CRM', NULL, 0, 1, 0),
(737, 'ticket', 'new-ticket-created-staff', 'turkish', 'New Ticket Created (Opened by Customer, Sent to Staff Members) [turkish]', 'New Ticket Created', '', '{companyname} | CRM', NULL, 0, 1, 0),
(738, 'estimate', 'estimate-send-to-client', 'turkish', 'Send Estimate to Customer [turkish]', 'Estimate # {estimate_number} created', '', '{companyname} | CRM', NULL, 0, 1, 0),
(739, 'ticket', 'ticket-reply-to-admin', 'turkish', 'Ticket Reply (Sent to Staff) [turkish]', 'New Support Ticket Reply', '', '{companyname} | CRM', NULL, 0, 1, 0),
(740, 'estimate', 'estimate-already-send', 'turkish', 'Estimate Already Sent to Customer [turkish]', 'Estimate # {estimate_number} ', '', '{companyname} | CRM', NULL, 0, 1, 0),
(741, 'contract', 'contract-expiration', 'turkish', 'Contract Expiration [turkish]', 'Contract Expiration Reminder', '', '{companyname} | CRM', NULL, 0, 1, 0),
(742, 'tasks', 'task-assigned', 'turkish', 'New Task Assigned (Sent to Staff) [turkish]', 'New Task Assigned to You - {task_name}', '', '{companyname} | CRM', NULL, 0, 1, 0),
(743, 'tasks', 'task-added-as-follower', 'turkish', 'Staff Member Added as Follower on Task [turkish]', 'You are added as follower on task - {task_name}', '', '{companyname} | CRM', NULL, 0, 1, 0),
(744, 'tasks', 'task-commented', 'turkish', 'New Comment on Task (Sent to Staff) [turkish]', 'New Comment on Task - {task_name}', '', '{companyname} | CRM', NULL, 0, 1, 0),
(745, 'tasks', 'task-marked-as-finished', 'turkish', 'Task Marked as Finished (Sent to Staff) [turkish]', 'Task Marked as Finished - {task_name}', '', '{companyname} | CRM', NULL, 0, 1, 0),
(746, 'tasks', 'task-added-attachment', 'turkish', 'New Attachment on Task (Sent to Staff) [turkish]', 'New Attachment on Task - {task_name}', '', '{companyname} | CRM', NULL, 0, 1, 0),
(747, 'tasks', 'task-unmarked-as-finished', 'turkish', 'Task Unmarked as Finished (Sent to Staff) [turkish]', 'Task UN-marked as finished - {task_name}', '', '{companyname} | CRM', NULL, 0, 1, 0),
(748, 'estimate', 'estimate-declined-to-staff', 'turkish', 'Estimate Declined (Sent to Staff) [turkish]', 'Customer Declined Estimate', '', '{companyname} | CRM', NULL, 0, 1, 0),
(749, 'estimate', 'estimate-accepted-to-staff', 'turkish', 'Estimate Accepted (Sent to Staff) [turkish]', 'Customer Accepted Estimate', '', '{companyname} | CRM', NULL, 0, 1, 0),
(750, 'proposals', 'proposal-client-accepted', 'turkish', 'Customer Action - Accepted (Sent to Staff) [turkish]', 'Customer Accepted Proposal', '', '{companyname} | CRM', NULL, 0, 1, 0),
(751, 'proposals', 'proposal-send-to-customer', 'turkish', 'Send Proposal to Customer [turkish]', 'Proposal', '', '{companyname} | CRM', NULL, 0, 1, 0),
(752, 'proposals', 'proposal-client-declined', 'turkish', 'Customer Action - Declined (Sent to Staff) [turkish]', 'Client Declined Proposal', '', '{companyname} | CRM', NULL, 0, 1, 0),
(753, 'proposals', 'proposal-client-thank-you', 'turkish', 'Thank You Email (Sent to Customer After Accept) [turkish]', 'Thank for you accepting proposal', '', '{companyname} | CRM', NULL, 0, 1, 0),
(754, 'proposals', 'proposal-comment-to-client', 'turkish', 'New Comment  (Sent to Customer Contacts) [turkish]', 'New Proposal Comment', '', '{companyname} | CRM', NULL, 0, 1, 0),
(755, 'proposals', 'proposal-comment-to-admin', 'turkish', 'New Comment (Sent to Staff)  [turkish]', 'New Proposal Comment', '', '{companyname} | CRM', NULL, 0, 1, 0),
(756, 'estimate', 'estimate-thank-you-to-customer', 'turkish', 'Thank You Email (Sent to Customer After Accept) [turkish]', 'Thank for you accepting estimate', '', '{companyname} | CRM', NULL, 0, 1, 0),
(757, 'tasks', 'task-deadline-notification', 'turkish', 'Task Deadline Reminder - Sent to Assigned Members [turkish]', 'Task Deadline Reminder', '', '{companyname} | CRM', NULL, 0, 1, 0),
(758, 'contract', 'send-contract', 'turkish', 'Send Contract to Customer [turkish]', 'Contract - {contract_subject}', '', '{companyname} | CRM', NULL, 0, 1, 0),
(759, 'invoice', 'invoice-payment-recorded-to-staff', 'turkish', 'Invoice Payment Recorded (Sent to Staff) [turkish]', 'New Invoice Payment', '', '{companyname} | CRM', NULL, 0, 1, 0),
(760, 'ticket', 'auto-close-ticket', 'turkish', 'Auto Close Ticket [turkish]', 'Ticket Auto Closed', '', '{companyname} | CRM', NULL, 0, 1, 0),
(761, 'project', 'new-project-discussion-created-to-staff', 'turkish', 'New Project Discussion (Sent to Project Members) [turkish]', 'New Project Discussion Created', '', '{companyname} | CRM', NULL, 0, 1, 0),
(762, 'project', 'new-project-discussion-created-to-customer', 'turkish', 'New Project Discussion (Sent to Customer Contacts) [turkish]', 'New Project Discussion Created', '', '{companyname} | CRM', NULL, 0, 1, 0),
(763, 'project', 'new-project-file-uploaded-to-customer', 'turkish', 'New Project File Uploaded (Sent to Customer Contacts) [turkish]', 'New Project File Uploaded', '', '{companyname} | CRM', NULL, 0, 1, 0),
(764, 'project', 'new-project-file-uploaded-to-staff', 'turkish', 'New Project File Uploaded (Sent to Project Members) [turkish]', 'New Project File Uploaded', '', '{companyname} | CRM', NULL, 0, 1, 0),
(765, 'project', 'new-project-discussion-comment-to-customer', 'turkish', 'New Discussion Comment  (Sent to Customer Contacts) [turkish]', 'New Discussion Comment', '', '{companyname} | CRM', NULL, 0, 1, 0),
(766, 'project', 'new-project-discussion-comment-to-staff', 'turkish', 'New Discussion Comment (Sent to Project Members) [turkish]', 'New Discussion Comment', '', '{companyname} | CRM', NULL, 0, 1, 0),
(767, 'project', 'staff-added-as-project-member', 'turkish', 'Staff Added as Project Member [turkish]', 'New project assigned to you', '', '{companyname} | CRM', NULL, 0, 1, 0),
(768, 'estimate', 'estimate-expiry-reminder', 'turkish', 'Estimate Expiration Reminder [turkish]', 'Estimate Expiration Reminder', '', '{companyname} | CRM', NULL, 0, 1, 0),
(769, 'proposals', 'proposal-expiry-reminder', 'turkish', 'Proposal Expiration Reminder [turkish]', 'Proposal Expiration Reminder', '', '{companyname} | CRM', NULL, 0, 1, 0),
(770, 'staff', 'new-staff-created', 'turkish', 'New Staff Created (Welcome Email) [turkish]', 'You are added as staff member', '', '{companyname} | CRM', NULL, 0, 1, 0),
(771, 'client', 'contact-forgot-password', 'turkish', 'Forgot Password [turkish]', 'Create New Password', '', '{companyname} | CRM', NULL, 0, 1, 0),
(772, 'client', 'contact-password-reseted', 'turkish', 'Password Reset - Confirmation [turkish]', 'Your password has been changed', '', '{companyname} | CRM', NULL, 0, 1, 0),
(773, 'client', 'contact-set-password', 'turkish', 'Set New Password [turkish]', 'Set new password on {companyname} ', '', '{companyname} | CRM', NULL, 0, 1, 0),
(774, 'staff', 'staff-forgot-password', 'turkish', 'Forgot Password [turkish]', 'Create New Password', '', '{companyname} | CRM', NULL, 0, 1, 0),
(775, 'staff', 'staff-password-reseted', 'turkish', 'Password Reset - Confirmation [turkish]', 'Your password has been changed', '', '{companyname} | CRM', NULL, 0, 1, 0),
(776, 'project', 'assigned-to-project', 'turkish', 'New Project Created (Sent to Customer Contacts) [turkish]', 'New Project Created', '', '{companyname} | CRM', NULL, 0, 1, 0),
(777, 'tasks', 'task-marked-as-finished-to-contacts', 'turkish', 'Task Marked as Finished (Sent to customer contacts) [turkish]', 'Task Marked as Finished - {task_name}', '', '{companyname} | CRM', NULL, 0, 1, 0),
(778, 'tasks', 'task-added-attachment-to-contacts', 'turkish', 'New Attachment on Task (Sent to Customer Contacts) [turkish]', 'New Attachment on Task - {task_name}', '', '{companyname} | CRM', NULL, 0, 1, 0),
(779, 'tasks', 'task-commented-to-contacts', 'turkish', 'New Comment on Task (Sent to Customer Contacts) [turkish]', 'New Comment on Task - {task_name}', '', '{companyname} | CRM', NULL, 0, 1, 0),
(780, 'leads', 'new-lead-assigned', 'turkish', 'New Lead Assigned to Staff Member [turkish]', 'New lead assigned to you', '', '{companyname} | CRM', NULL, 0, 1, 0),
(781, 'client', 'new-client-created', 'vietnamese', 'New Contact Added/Registered (Welcome Email) [vietnamese]', 'Welcome aboard', '', '{companyname} | CRM', NULL, 0, 1, 0),
(782, 'invoice', 'invoice-send-to-client', 'vietnamese', 'Send Invoice to Customer [vietnamese]', 'Invoice with number {invoice_number} created', '', '{companyname} | CRM', NULL, 0, 1, 0),
(783, 'ticket', 'new-ticket-opened-admin', 'vietnamese', 'New Ticket Opened (Opened by Staff, Sent to Customer) [vietnamese]', 'New Support Ticket Opened', '', '{companyname} | CRM', NULL, 0, 1, 0),
(784, 'ticket', 'ticket-reply', 'vietnamese', 'Ticket Reply (Sent to Customer) [vietnamese]', 'New Ticket Reply', '', '{companyname} | CRM', NULL, 0, 1, 0),
(785, 'ticket', 'ticket-autoresponse', 'vietnamese', 'New Ticket Opened - Autoresponse [vietnamese]', 'New Support Ticket Opened', '', '{companyname} | CRM', NULL, 0, 1, 0),
(786, 'invoice', 'invoice-payment-recorded', 'vietnamese', 'Invoice Payment Recorded (Sent to Customer) [vietnamese]', 'Invoice Payment Recorded', '', '{companyname} | CRM', NULL, 0, 1, 0),
(787, 'invoice', 'invoice-overdue-notice', 'vietnamese', 'Invoice Overdue Notice [vietnamese]', 'Invoice Overdue Notice - {invoice_number}', '', '{companyname} | CRM', NULL, 0, 1, 0),
(788, 'invoice', 'invoice-already-send', 'vietnamese', 'Invoice Already Sent to Customer [vietnamese]', 'On your command here is the invoice', '', '{companyname} | CRM', NULL, 0, 1, 0),
(789, 'ticket', 'new-ticket-created-staff', 'vietnamese', 'New Ticket Created (Opened by Customer, Sent to Staff Members) [vietnamese]', 'New Ticket Created', '', '{companyname} | CRM', NULL, 0, 1, 0);
INSERT INTO `tblemailtemplates` (`emailtemplateid`, `type`, `slug`, `language`, `name`, `subject`, `message`, `fromname`, `fromemail`, `plaintext`, `active`, `order`) VALUES
(790, 'estimate', 'estimate-send-to-client', 'vietnamese', 'Send Estimate to Customer [vietnamese]', 'Estimate # {estimate_number} created', '', '{companyname} | CRM', NULL, 0, 1, 0),
(791, 'ticket', 'ticket-reply-to-admin', 'vietnamese', 'Ticket Reply (Sent to Staff) [vietnamese]', 'New Support Ticket Reply', '', '{companyname} | CRM', NULL, 0, 1, 0),
(792, 'estimate', 'estimate-already-send', 'vietnamese', 'Estimate Already Sent to Customer [vietnamese]', 'Estimate # {estimate_number} ', '', '{companyname} | CRM', NULL, 0, 1, 0),
(793, 'contract', 'contract-expiration', 'vietnamese', 'Contract Expiration [vietnamese]', 'Contract Expiration Reminder', '', '{companyname} | CRM', NULL, 0, 1, 0),
(794, 'tasks', 'task-assigned', 'vietnamese', 'New Task Assigned (Sent to Staff) [vietnamese]', 'New Task Assigned to You - {task_name}', '', '{companyname} | CRM', NULL, 0, 1, 0),
(795, 'tasks', 'task-added-as-follower', 'vietnamese', 'Staff Member Added as Follower on Task [vietnamese]', 'You are added as follower on task - {task_name}', '', '{companyname} | CRM', NULL, 0, 1, 0),
(796, 'tasks', 'task-commented', 'vietnamese', 'New Comment on Task (Sent to Staff) [vietnamese]', 'New Comment on Task - {task_name}', '', '{companyname} | CRM', NULL, 0, 1, 0),
(797, 'tasks', 'task-marked-as-finished', 'vietnamese', 'Task Marked as Finished (Sent to Staff) [vietnamese]', 'Task Marked as Finished - {task_name}', '', '{companyname} | CRM', NULL, 0, 1, 0),
(798, 'tasks', 'task-added-attachment', 'vietnamese', 'New Attachment on Task (Sent to Staff) [vietnamese]', 'New Attachment on Task - {task_name}', '', '{companyname} | CRM', NULL, 0, 1, 0),
(799, 'tasks', 'task-unmarked-as-finished', 'vietnamese', 'Task Unmarked as Finished (Sent to Staff) [vietnamese]', 'Task UN-marked as finished - {task_name}', '', '{companyname} | CRM', NULL, 0, 1, 0),
(800, 'estimate', 'estimate-declined-to-staff', 'vietnamese', 'Estimate Declined (Sent to Staff) [vietnamese]', 'Customer Declined Estimate', '', '{companyname} | CRM', NULL, 0, 1, 0),
(801, 'estimate', 'estimate-accepted-to-staff', 'vietnamese', 'Estimate Accepted (Sent to Staff) [vietnamese]', 'Customer Accepted Estimate', '', '{companyname} | CRM', NULL, 0, 1, 0),
(802, 'proposals', 'proposal-client-accepted', 'vietnamese', 'Customer Action - Accepted (Sent to Staff) [vietnamese]', 'Customer Accepted Proposal', '', '{companyname} | CRM', NULL, 0, 1, 0),
(803, 'proposals', 'proposal-send-to-customer', 'vietnamese', 'Send Proposal to Customer [vietnamese]', 'Proposal', '', '{companyname} | CRM', NULL, 0, 1, 0),
(804, 'proposals', 'proposal-client-declined', 'vietnamese', 'Customer Action - Declined (Sent to Staff) [vietnamese]', 'Client Declined Proposal', '', '{companyname} | CRM', NULL, 0, 1, 0),
(805, 'proposals', 'proposal-client-thank-you', 'vietnamese', 'Thank You Email (Sent to Customer After Accept) [vietnamese]', 'Thank for you accepting proposal', '', '{companyname} | CRM', NULL, 0, 1, 0),
(806, 'proposals', 'proposal-comment-to-client', 'vietnamese', 'New Comment  (Sent to Customer Contacts) [vietnamese]', 'New Proposal Comment', '', '{companyname} | CRM', NULL, 0, 1, 0),
(807, 'proposals', 'proposal-comment-to-admin', 'vietnamese', 'New Comment (Sent to Staff)  [vietnamese]', 'New Proposal Comment', '', '{companyname} | CRM', NULL, 0, 1, 0),
(808, 'estimate', 'estimate-thank-you-to-customer', 'vietnamese', 'Thank You Email (Sent to Customer After Accept) [vietnamese]', 'Thank for you accepting estimate', '', '{companyname} | CRM', NULL, 0, 1, 0),
(809, 'tasks', 'task-deadline-notification', 'vietnamese', 'Task Deadline Reminder - Sent to Assigned Members [vietnamese]', 'Task Deadline Reminder', '', '{companyname} | CRM', NULL, 0, 1, 0),
(810, 'contract', 'send-contract', 'vietnamese', 'Send Contract to Customer [vietnamese]', 'Contract - {contract_subject}', '', '{companyname} | CRM', NULL, 0, 1, 0),
(811, 'invoice', 'invoice-payment-recorded-to-staff', 'vietnamese', 'Invoice Payment Recorded (Sent to Staff) [vietnamese]', 'New Invoice Payment', '', '{companyname} | CRM', NULL, 0, 1, 0),
(812, 'ticket', 'auto-close-ticket', 'vietnamese', 'Auto Close Ticket [vietnamese]', 'Ticket Auto Closed', '', '{companyname} | CRM', NULL, 0, 1, 0),
(813, 'project', 'new-project-discussion-created-to-staff', 'vietnamese', 'New Project Discussion (Sent to Project Members) [vietnamese]', 'New Project Discussion Created', '', '{companyname} | CRM', NULL, 0, 1, 0),
(814, 'project', 'new-project-discussion-created-to-customer', 'vietnamese', 'New Project Discussion (Sent to Customer Contacts) [vietnamese]', 'New Project Discussion Created', '', '{companyname} | CRM', NULL, 0, 1, 0),
(815, 'project', 'new-project-file-uploaded-to-customer', 'vietnamese', 'New Project File Uploaded (Sent to Customer Contacts) [vietnamese]', 'New Project File Uploaded', '', '{companyname} | CRM', NULL, 0, 1, 0),
(816, 'project', 'new-project-file-uploaded-to-staff', 'vietnamese', 'New Project File Uploaded (Sent to Project Members) [vietnamese]', 'New Project File Uploaded', '', '{companyname} | CRM', NULL, 0, 1, 0),
(817, 'project', 'new-project-discussion-comment-to-customer', 'vietnamese', 'New Discussion Comment  (Sent to Customer Contacts) [vietnamese]', 'New Discussion Comment', '', '{companyname} | CRM', NULL, 0, 1, 0),
(818, 'project', 'new-project-discussion-comment-to-staff', 'vietnamese', 'New Discussion Comment (Sent to Project Members) [vietnamese]', 'New Discussion Comment', '', '{companyname} | CRM', NULL, 0, 1, 0),
(819, 'project', 'staff-added-as-project-member', 'vietnamese', 'Staff Added as Project Member [vietnamese]', 'New project assigned to you', '', '{companyname} | CRM', NULL, 0, 1, 0),
(820, 'estimate', 'estimate-expiry-reminder', 'vietnamese', 'Estimate Expiration Reminder [vietnamese]', 'Estimate Expiration Reminder', '', '{companyname} | CRM', NULL, 0, 1, 0),
(821, 'proposals', 'proposal-expiry-reminder', 'vietnamese', 'Proposal Expiration Reminder [vietnamese]', 'Proposal Expiration Reminder', '', '{companyname} | CRM', NULL, 0, 1, 0),
(822, 'staff', 'new-staff-created', 'vietnamese', 'New Staff Created (Welcome Email) [vietnamese]', 'You are added as staff member', '', '{companyname} | CRM', NULL, 0, 1, 0),
(823, 'client', 'contact-forgot-password', 'vietnamese', 'Forgot Password [vietnamese]', 'Create New Password', '', '{companyname} | CRM', '', 0, 1, 0),
(824, 'client', 'contact-password-reseted', 'vietnamese', 'Password Reset - Confirmation [vietnamese]', 'Your password has been changed', '', '{companyname} | CRM', NULL, 0, 1, 0),
(825, 'client', 'contact-set-password', 'vietnamese', 'Set New Password [vietnamese]', 'Set new password on {companyname} ', '', '{companyname} | CRM', NULL, 0, 1, 0),
(826, 'staff', 'staff-forgot-password', 'vietnamese', 'Forgot Password [vietnamese]', 'Create New Password', '', '{companyname} | CRM', NULL, 0, 1, 0),
(827, 'staff', 'staff-password-reseted', 'vietnamese', 'Password Reset - Confirmation [vietnamese]', 'Your password has been changed', '', '{companyname} | CRM', NULL, 0, 1, 0),
(828, 'project', 'assigned-to-project', 'vietnamese', 'New Project Created (Sent to Customer Contacts) [vietnamese]', 'New Project Created', '', '{companyname} | CRM', NULL, 0, 1, 0),
(829, 'tasks', 'task-marked-as-finished-to-contacts', 'vietnamese', 'Task Marked as Finished (Sent to customer contacts) [vietnamese]', 'Task Marked as Finished - {task_name}', '', '{companyname} | CRM', NULL, 0, 1, 0),
(830, 'tasks', 'task-added-attachment-to-contacts', 'vietnamese', 'New Attachment on Task (Sent to Customer Contacts) [vietnamese]', 'New Attachment on Task - {task_name}', '', '{companyname} | CRM', NULL, 0, 1, 0),
(831, 'tasks', 'task-commented-to-contacts', 'vietnamese', 'New Comment on Task (Sent to Customer Contacts) [vietnamese]', 'New Comment on Task - {task_name}', '', '{companyname} | CRM', NULL, 0, 1, 0),
(832, 'leads', 'new-lead-assigned', 'vietnamese', 'New Lead Assigned to Staff Member [vietnamese]', 'New lead assigned to you', '', '{companyname} | CRM', NULL, 0, 1, 0),
(833, 'marketing', 'new-marketing-created', 'english', 'Mẫu Email Marketing 1', 'Chào Mừng Email', '<div><span style=\"font-family: arial, helvetica, sans-serif; font-size: 12pt;\">Dear {contact_firstname}&nbsp;{contact_lastname}</span></div>\r\n<div><span style=\"font-family: arial, helvetica, sans-serif; font-size: 12pt;\"><br /></span><span style=\"font-family: arial, helvetica, sans-serif; font-size: 12pt;\">Thank you for registering on the {companyname} CRM System.</span></div>\r\n<div><span style=\"font-family: arial, helvetica, sans-serif; font-size: 12pt;\">&nbsp;</span></div>\r\n<div><span style=\"font-family: arial, helvetica, sans-serif; font-size: 12pt;\">We just wanted to say welcome.</span></div>\r\n<div><span style=\"font-family: arial, helvetica, sans-serif; font-size: 12pt;\">&nbsp;</span></div>\r\n<div><span style=\"font-family: arial, helvetica, sans-serif; font-size: 12pt;\">Please contact us if you need any help.</span></div>\r\n<div><span style=\"font-family: arial, helvetica, sans-serif; font-size: 12pt;\">&nbsp;</span></div>\r\n<div><span style=\"font-family: arial, helvetica, sans-serif; font-size: 12pt;\">Click here to view your profile: <a href=\"{crm_url}\">{crm_url}</a></span></div>\r\n<div><span style=\"font-family: arial, helvetica, sans-serif; font-size: 12pt;\">&nbsp;</span></div>\r\n<div><span style=\"font-family: arial, helvetica, sans-serif; font-size: 12pt;\">Kind regards,</span></div>\r\n<div><span style=\"font-family: arial, helvetica, sans-serif; font-size: 12pt;\">&nbsp;</span></div>\r\n<div><span style=\"font-family: arial, helvetica, sans-serif; font-size: 12pt;\">{email_signature}</span></div>\r\n<div><span style=\"font-family: arial, helvetica, sans-serif; font-size: 12pt;\">&nbsp;</span></div>\r\n<div><span style=\"font-family: arial, helvetica, sans-serif; font-size: 12pt;\">(This is an automated email, so please don\'t reply to this email address)</span></div>\r\n<div><span style=\"font-family: arial, helvetica, sans-serif; font-size: 12pt;\">&nbsp;dassadsadsadsadsadsadsadsadsadasdsadsadsadsad<br />{reset_password_url}{contact_lastname}</span></div>', '{companyname} | CRM', '', 0, 1, 0),
(834, 'marketing', 'new-marketing-created', 'vietnamese', 'New marketing Added/Registered (Welcome Email) [vietnamese]', 'Welcome aboard', '', '{companyname} | CRM', '', 0, 1, 0);

-- --------------------------------------------------------

--
-- Cấu trúc bảng cho bảng `tblestimates`
--

CREATE TABLE `tblestimates` (
  `id` int(11) NOT NULL,
  `sent` tinyint(1) NOT NULL DEFAULT '0',
  `datesend` datetime DEFAULT NULL,
  `clientid` int(11) NOT NULL,
  `project_id` int(11) NOT NULL DEFAULT '0',
  `number` int(11) NOT NULL,
  `prefix` varchar(50) DEFAULT NULL,
  `number_format` int(11) NOT NULL DEFAULT '0',
  `hash` varchar(32) DEFAULT NULL,
  `datecreated` datetime NOT NULL,
  `date` date NOT NULL,
  `expirydate` date DEFAULT NULL,
  `currency` int(11) NOT NULL,
  `subtotal` decimal(11,2) NOT NULL,
  `total_tax` decimal(11,2) NOT NULL DEFAULT '0.00',
  `total` decimal(11,2) NOT NULL,
  `adjustment` decimal(11,2) DEFAULT NULL,
  `addedfrom` int(11) NOT NULL,
  `status` int(11) NOT NULL DEFAULT '1',
  `clientnote` text,
  `adminnote` text,
  `discount_percent` decimal(11,2) DEFAULT '0.00',
  `discount_total` decimal(11,2) DEFAULT '0.00',
  `discount_type` varchar(30) DEFAULT NULL,
  `invoiceid` int(11) DEFAULT NULL,
  `invoiced_date` datetime DEFAULT NULL,
  `terms` text,
  `reference_no` varchar(100) DEFAULT NULL,
  `sale_agent` int(11) NOT NULL DEFAULT '0',
  `billing_street` varchar(200) DEFAULT NULL,
  `billing_city` varchar(100) DEFAULT NULL,
  `billing_state` varchar(100) DEFAULT NULL,
  `billing_zip` varchar(100) DEFAULT NULL,
  `billing_country` int(11) DEFAULT NULL,
  `shipping_street` varchar(200) DEFAULT NULL,
  `shipping_city` varchar(100) DEFAULT NULL,
  `shipping_state` varchar(100) DEFAULT NULL,
  `shipping_zip` varchar(100) DEFAULT NULL,
  `shipping_country` int(11) DEFAULT NULL,
  `include_shipping` tinyint(1) NOT NULL,
  `show_shipping_on_estimate` tinyint(1) NOT NULL DEFAULT '1',
  `show_quantity_as` int(11) NOT NULL DEFAULT '1',
  `pipeline_order` int(11) NOT NULL DEFAULT '0',
  `is_expiry_notified` int(11) NOT NULL DEFAULT '0'
) ENGINE=MyISAM DEFAULT CHARSET=utf8;

-- --------------------------------------------------------

--
-- Cấu trúc bảng cho bảng `tblevents`
--

CREATE TABLE `tblevents` (
  `eventid` int(11) NOT NULL,
  `title` mediumtext NOT NULL,
  `description` text,
  `userid` int(11) NOT NULL,
  `start` datetime NOT NULL,
  `end` datetime DEFAULT NULL,
  `public` int(11) NOT NULL DEFAULT '0',
  `color` varchar(10) DEFAULT NULL,
  `isstartnotified` tinyint(1) NOT NULL DEFAULT '0'
) ENGINE=MyISAM DEFAULT CHARSET=utf8;

--
-- Đang đổ dữ liệu cho bảng `tblevents`
--

INSERT INTO `tblevents` (`eventid`, `title`, `description`, `userid`, `start`, `end`, `public`, `color`, `isstartnotified`) VALUES
(1, 'eafefre', 'fafe', 1, '2017-07-04 00:00:00', NULL, 0, '#fb8c00', 0),
(2, 'eafefre', 'fafe', 1, '2017-07-04 00:00:00', NULL, 0, '#fb8c00', 0),
(3, 'Thuan', '', 1, '2017-07-14 00:00:00', '2017-08-24 16:24:00', 1, '#8e24aa', 0);

-- --------------------------------------------------------

--
-- Cấu trúc bảng cho bảng `tblexigency`
--

CREATE TABLE `tblexigency` (
  `id` int(11) NOT NULL,
  `name` varchar(250) CHARACTER SET utf8 COLLATE utf8_unicode_ci DEFAULT NULL
) ENGINE=InnoDB DEFAULT CHARSET=latin1;

--
-- Đang đổ dữ liệu cho bảng `tblexigency`
--

INSERT INTO `tblexigency` (`id`, `name`) VALUES
(1, 'Bán'),
(2, 'Thuê'),
(4, 'Bán rồi'),
(5, 'Để ở'),
(6, 'Không nhu cầu');

-- --------------------------------------------------------

--
-- Cấu trúc bảng cho bảng `tblexpenses`
--

CREATE TABLE `tblexpenses` (
  `id` int(11) NOT NULL,
  `category` int(11) NOT NULL,
  `currency` int(11) NOT NULL,
  `amount` decimal(11,2) NOT NULL,
  `tax` int(11) DEFAULT NULL,
  `reference_no` varchar(100) DEFAULT NULL,
  `note` text,
  `expense_name` varchar(500) DEFAULT NULL,
  `clientid` int(11) NOT NULL,
  `project_id` int(11) NOT NULL DEFAULT '0',
  `billable` int(11) DEFAULT '0',
  `invoiceid` int(11) DEFAULT NULL,
  `paymentmode` varchar(50) DEFAULT NULL,
  `date` date NOT NULL,
  `recurring_type` varchar(10) DEFAULT NULL,
  `repeat_every` int(11) DEFAULT NULL,
  `recurring` int(11) NOT NULL DEFAULT '0',
  `recurring_ends_on` date DEFAULT NULL,
  `custom_recurring` int(11) NOT NULL DEFAULT '0',
  `last_recurring_date` date DEFAULT NULL,
  `create_invoice_billable` tinyint(1) DEFAULT NULL,
  `send_invoice_to_customer` tinyint(1) NOT NULL,
  `recurring_from` int(11) DEFAULT NULL,
  `dateadded` datetime NOT NULL,
  `addedfrom` int(11) NOT NULL
) ENGINE=MyISAM DEFAULT CHARSET=utf8;

--
-- Đang đổ dữ liệu cho bảng `tblexpenses`
--

INSERT INTO `tblexpenses` (`id`, `category`, `currency`, `amount`, `tax`, `reference_no`, `note`, `expense_name`, `clientid`, `project_id`, `billable`, `invoiceid`, `paymentmode`, `date`, `recurring_type`, `repeat_every`, `recurring`, `recurring_ends_on`, `custom_recurring`, `last_recurring_date`, `create_invoice_billable`, `send_invoice_to_customer`, `recurring_from`, `dateadded`, `addedfrom`) VALUES
(1, 0, 0, '5000.00', 1, NULL, 'abc', 'bb', 1, 0, 0, NULL, 'dsadsa', '2017-05-31', 'dsads', 2, 0, NULL, 0, NULL, NULL, 0, NULL, '0000-00-00 00:00:00', 0);

-- --------------------------------------------------------

--
-- Cấu trúc bảng cho bảng `tblexpensescategories`
--

CREATE TABLE `tblexpensescategories` (
  `id` int(11) NOT NULL,
  `name` varchar(300) NOT NULL,
  `description` text
) ENGINE=MyISAM DEFAULT CHARSET=utf8;

--
-- Đang đổ dữ liệu cho bảng `tblexpensescategories`
--

INSERT INTO `tblexpensescategories` (`id`, `name`, `description`) VALUES
(1, 'Phí môi giới', 'Phí môi giới giữa công ty và nhà thầu');

-- --------------------------------------------------------

--
-- Cấu trúc bảng cho bảng `tblfieldvalue_bds`
--

CREATE TABLE `tblfieldvalue_bds` (
  `id` int(11) NOT NULL,
  `colum_id` int(11) NOT NULL,
  `field_id` int(11) NOT NULL,
  `value` text CHARACTER SET utf8 COLLATE utf8_unicode_ci,
  `show_table` int(11) DEFAULT '0',
  `show_field` int(11) DEFAULT '0'
) ENGINE=InnoDB DEFAULT CHARSET=latin1;

--
-- Đang đổ dữ liệu cho bảng `tblfieldvalue_bds`
--

INSERT INTO `tblfieldvalue_bds` (`id`, `colum_id`, `field_id`, `value`, `show_table`, `show_field`) VALUES
(1, 60, 9, 'số tầng', 0, 0),
(2, 60, 3, '2', 0, 0),
(3, 60, 10, 'thẻ diện tích', 0, 0),
(4, 60, 4, '1', 0, 0),
(5, 60, 5, 'số nhà', 0, 0),
(6, 60, 6, 'đường', 0, 0),
(7, 60, 7, 'mặt tiền', 0, 0),
(8, 60, 8, 'đường rộng', 0, 0),
(9, 63, 3, '123', 0, 0),
(10, 63, 4, '123', 0, 0),
(11, 63, 5, '123', 0, 0),
(12, 63, 6, '123', 0, 0),
(13, 63, 7, '12312', 0, 0),
(14, 63, 8, '3123', 0, 0),
(15, 63, 9, '', 0, 0),
(16, 63, 10, '', 0, 0),
(17, 55, 0, 'abc', 0, 0),
(18, 65, 2, '5', 0, 0),
(19, 65, 3, '4', 0, 0),
(20, 65, 4, '3', 0, 0),
(21, 65, 5, 'Số nhà', 0, 0),
(22, 65, 6, 'Đường', 0, 0),
(23, 65, 7, 'mặt tiền', 0, 0),
(24, 65, 8, 'Đường rộng', 0, 0),
(25, 65, 9, 'Số tầng', 0, 0),
(26, 65, 10, 'Diện tích', 0, 0),
(27, 60, 2, '1', 0, 0),
(28, 66, 2, '', 0, 0),
(29, 66, 3, '', 0, 0),
(30, 66, 4, '', 0, 0),
(31, 66, 5, '', 0, 0),
(32, 66, 6, '', 0, 0),
(33, 66, 7, '', 0, 0),
(34, 66, 8, '', 0, 0),
(35, 66, 9, '', 0, 0),
(36, 66, 10, '', 0, 0),
(37, 56, 2, '', 0, 0),
(38, 56, 3, '', 0, 0),
(39, 56, 4, '', 0, 0),
(40, 56, 5, '', 0, 0),
(41, 56, 6, '', 0, 0),
(42, 56, 7, '', 0, 0),
(43, 56, 8, '', 0, 0),
(44, 56, 9, '', 0, 0),
(45, 56, 10, '', 0, 0),
(46, 60, 0, '4', 0, 0),
(47, 55, 2, '', 0, 0),
(48, 55, 3, '', 0, 0),
(49, 55, 4, 'căn nhà2', 0, 0),
(50, 55, 5, '', 0, 0),
(51, 55, 6, '', 0, 0),
(52, 55, 7, '', 0, 0),
(53, 55, 8, '', 0, 0),
(54, 55, 9, '', 0, 0),
(55, 55, 10, '', 0, 0),
(56, 67, 2, 'test 1', 0, 0),
(57, 67, 3, 'test 1', 0, 0),
(58, 67, 4, 'test 1', 0, 0),
(59, 67, 5, 'test 1', 0, 0),
(60, 67, 6, 'test 1', 0, 0),
(61, 67, 7, 'test 1', 0, 0),
(62, 67, 8, 'test 1', 0, 0),
(63, 67, 9, 'test 1', 0, 0),
(64, 67, 10, 'test 1', 0, 0),
(65, 68, 2, 'test 1', 0, 0),
(66, 68, 3, 'test 1', 0, 0),
(67, 68, 4, 'test 1', 0, 0),
(68, 68, 5, 'test 1', 0, 0),
(69, 68, 6, 'test 1', 0, 0),
(70, 68, 7, '', 0, 0),
(71, 68, 8, 'test 1', 0, 0),
(72, 68, 9, 'test 1', 0, 0),
(73, 68, 10, 'test 1', 0, 0),
(74, 62, 2, '', 0, 0),
(75, 62, 3, '', 0, 0),
(76, 62, 4, '', 0, 0),
(77, 62, 5, '', 0, 0),
(78, 62, 6, '', 0, 0),
(79, 62, 7, '', 0, 0),
(80, 62, 8, '', 0, 0),
(81, 62, 9, '', 0, 0),
(82, 62, 10, '', 0, 0);

-- --------------------------------------------------------

--
-- Cấu trúc bảng cho bảng `tblfiles`
--

CREATE TABLE `tblfiles` (
  `id` int(11) NOT NULL,
  `rel_id` int(11) NOT NULL,
  `rel_type` varchar(20) NOT NULL,
  `id_category` int(11) NOT NULL,
  `file_name` varchar(600) NOT NULL,
  `filetype` varchar(40) DEFAULT NULL,
  `visible_to_customer` int(11) NOT NULL DEFAULT '0',
  `attachment_key` varchar(32) DEFAULT NULL,
  `external` varchar(40) DEFAULT NULL,
  `external_link` text,
  `thumbnail_link` text COMMENT 'For external usage',
  `staffid` int(11) NOT NULL,
  `contact_id` int(11) DEFAULT '0',
  `dateadded` datetime NOT NULL
) ENGINE=MyISAM DEFAULT CHARSET=utf8;

--
-- Đang đổ dữ liệu cho bảng `tblfiles`
--

INSERT INTO `tblfiles` (`id`, `rel_id`, `rel_type`, `id_category`, `file_name`, `filetype`, `visible_to_customer`, `attachment_key`, `external`, `external_link`, `thumbnail_link`, `staffid`, `contact_id`, `dateadded`) VALUES
(53, 1, 'customer', 1, 'logohung-19.png', 'image/png', 0, '910642f344a8d7538665f2d139510da9', NULL, NULL, NULL, 1, 0, '2017-05-05 09:54:15'),
(54, 1, 'customer', 2, 'logohung-20.png', 'image/png', 0, 'ff6d635d12fc7ecfdb7f8d5ca41dff70', NULL, NULL, NULL, 1, 0, '2017-05-05 10:04:28'),
(55, 6, 'customer', 2, 'IMG_09072017_150656_0.png', 'image/png', 0, 'e3b2e2491224c7ee088da1db73949608', NULL, NULL, NULL, 1, 0, '2017-07-21 10:58:29'),
(56, 6, 'customer', 2, 'IMG_29062017_092410_0.png', 'image/png', 0, '938109530d892f791d06406fe000681b', NULL, NULL, NULL, 1, 0, '2017-07-21 10:58:34'),
(57, 7, 'customer', 2, 'apartment_for_rent_honeycomb_house.png', 'image/png', 0, 'ef76f71b3cc707a564416fbfe62458ad', NULL, NULL, NULL, 1, 0, '2017-07-28 10:02:35'),
(58, 11, 'customer', 1, 'apartment_for_rent_honeycomb_house.png', 'image/png', 0, 'db4a2f9b1e425e022769795f01de2c2d', NULL, NULL, NULL, 1, 0, '2017-07-28 13:36:37'),
(59, 14, 'customer', 0, 'twitter-bird.png', 'image/png', 0, 'c7b92c3682c7390ccebcc00bb48da2f6', NULL, NULL, NULL, 1, 0, '2017-09-22 09:27:43'),
(60, 14, 'customer', 0, 'middleman.png', 'image/png', 0, '2a032be1dc2aa874f29014b9942efac0', NULL, NULL, NULL, 1, 0, '2017-09-22 09:31:32'),
(61, 12, 'customer', 0, '20859705_1473257806087086_3403131613456891904_n.gif', 'image/gif', 0, 'aaf9d2a80345f3378320357c8e16a07d', NULL, NULL, NULL, 1, 0, '2017-10-12 10:00:06'),
(66, 58, 'customer', 0, 'kai-seidler.jpg', 'image/jpeg', 0, '5b22f6a59e6cbf5c752391319814d756', NULL, NULL, NULL, 1, 0, '2017-11-01 15:08:57'),
(65, 13, 'task', 0, 'kai-seidler.jpg', 'image/jpeg', 0, '9f4b589cc9bdbc69c05123b25d80331b', NULL, NULL, NULL, 1, 0, '2017-11-01 14:54:53');

-- --------------------------------------------------------

--
-- Cấu trúc bảng cho bảng `tblfile_bds`
--

CREATE TABLE `tblfile_bds` (
  `id` int(11) NOT NULL,
  `name` varchar(250) CHARACTER SET utf8 COLLATE utf8_unicode_ci DEFAULT NULL,
  `file` text CHARACTER SET utf8 COLLATE utf8_unicode_ci,
  `type` int(11) DEFAULT '0' COMMENT '0= video,1= hinh anh',
  `id_project` int(11) NOT NULL
) ENGINE=InnoDB DEFAULT CHARSET=latin1;

--
-- Đang đổ dữ liệu cho bảng `tblfile_bds`
--

INSERT INTO `tblfile_bds` (`id`, `name`, `file`, `type`, `id_project`) VALUES
(57, 'ABc', '<iframe width=\"854\" height=\"480\" src=\"https://www.youtube.com/embed/ArG7Yenc4sk\" frameborder=\"0\" allowfullscreen></iframe>', 0, 52),
(58, 'bbb', '<iframe width=\"854\" height=\"480\" src=\"https://www.youtube.com/embed/wmh9zhfWXgY\" frameborder=\"0\" allowfullscreen></iframe>', 0, 52),
(59, 'nhạc hoa', '<iframe width=\"854\" height=\"480\" src=\"https://www.youtube.com/embed/ef0XSDoiuyg\" frameborder=\"0\" allowfullscreen></iframe>', 0, 52),
(69, 'ABCXYZ1', '<iframe width=\"854\" height=\"480\" src=\"https://www.youtube.com/embed/ef0XSDoiuyg\" frameborder=\"0\" allowfullscreen></iframe>', 0, 52),
(72, NULL, 'bst-hinh-anh-phong-canh-thien-nhien-tuyet-dep-lang-man-tho-mong-hung-vi-nhat-the-gioi-1-4.jpeg', 1, 63),
(73, NULL, 'bst-hinh-anh-phong-canh-thien-nhien-tuyet-dep-lang-man-tho-mong-hung-vi-nhat-the-gioi-1-5.jpeg', 1, 63),
(74, NULL, 'bst-hinh-anh-phong-canh-thien-nhien-tuyet-dep-lang-man-tho-mong-hung-vi-nhat-the-gioi-1-6.jpeg', 1, 63),
(75, NULL, 'bst-hinh-anh-phong-canh-thien-nhien-tuyet-dep-lang-man-tho-mong-hung-vi-nhat-the-gioi-1-7.jpeg', 1, 63),
(76, NULL, 'bst-hinh-anh-phong-canh-thien-nhien-tuyet-dep-lang-man-tho-mong-hung-vi-nhat-the-gioi-1-8.jpeg', 1, 63),
(77, NULL, 'bst-hinh-anh-phong-canh-thien-nhien-tuyet-dep-lang-man-tho-mong-hung-vi-nhat-the-gioi-1-9.jpeg', 1, 63),
(78, NULL, 'bst-hinh-anh-phong-canh-thien-nhien-tuyet-dep-lang-man-tho-mong-hung-vi-nhat-the-gioi-1-10.jpeg', 1, 63),
(85, NULL, 'bst-hinh-anh-phong-canh-thien-nhien-tuyet-dep-lang-man-tho-mong-hung-vi-nhat-the-gioi-1-17.jpeg', 1, 63),
(86, NULL, 'bst-hinh-anh-phong-canh-thien-nhien-tuyet-dep-lang-man-tho-mong-hung-vi-nhat-the-gioi-1-18.jpeg', 1, 63),
(87, '12312', '<iframe width=\"854\" height=\"480\" src=\"https://www.youtube.com/embed/EBF6YqUH_Yk\" frameborder=\"0\" allowfullscreen></iframe>', 0, 63),
(113, NULL, 'logo-8.png', 1, 55),
(115, 'video nhạc', '<iframe width=\"854\" height=\"480\" src=\"https://www.youtube.com/embed/AOqTD-Zz104\" frameborder=\"0\" allowfullscreen></iframe>', 0, 55),
(116, NULL, 'bst-hinh-anh-phong-canh-thien-nhien-tuyet-dep-lang-man-tho-mong-hung-vi-nhat-the-gioi-1-33.jpeg', 1, 55),
(117, NULL, 'bst-hinh-anh-phong-canh-thien-nhien-tuyet-dep-lang-man-tho-mong-hung-vi-nhat-the-gioi-1-34.jpeg', 1, 55),
(118, NULL, 'bst-hinh-anh-phong-canh-thien-nhien-tuyet-dep-lang-man-tho-mong-hung-vi-nhat-the-gioi-1-35.jpeg', 1, 56),
(119, NULL, 'bst-hinh-anh-phong-canh-thien-nhien-tuyet-dep-lang-man-tho-mong-hung-vi-nhat-the-gioi-1-36.jpeg', 1, 56),
(120, NULL, 'logo-9.png', 1, 55),
(141, NULL, 'hinh-nen-de-thuong-24-2.jpg', 1, 60),
(142, NULL, 'hinh-nen-de-thuong-24-3.jpg', 1, 60),
(143, 'TRƯƠNG THỊ THÚYt', 't', 0, 55),
(144, NULL, 'kai-seidler-1.jpg', 1, 55);

-- --------------------------------------------------------

--
-- Cấu trúc bảng cho bảng `tblformquestionboxes`
--

CREATE TABLE `tblformquestionboxes` (
  `boxid` int(11) NOT NULL,
  `boxtype` varchar(10) NOT NULL,
  `questionid` int(11) NOT NULL
) ENGINE=MyISAM DEFAULT CHARSET=utf8;

--
-- Đang đổ dữ liệu cho bảng `tblformquestionboxes`
--

INSERT INTO `tblformquestionboxes` (`boxid`, `boxtype`, `questionid`) VALUES
(1, 'input', 1),
(2, 'input', 2);

-- --------------------------------------------------------

--
-- Cấu trúc bảng cho bảng `tblformquestionboxesdescription`
--

CREATE TABLE `tblformquestionboxesdescription` (
  `questionboxdescriptionid` int(11) NOT NULL,
  `description` mediumtext NOT NULL,
  `boxid` mediumtext NOT NULL,
  `questionid` int(11) NOT NULL
) ENGINE=MyISAM DEFAULT CHARSET=utf8;

-- --------------------------------------------------------

--
-- Cấu trúc bảng cho bảng `tblformquestions`
--

CREATE TABLE `tblformquestions` (
  `questionid` int(11) NOT NULL,
  `rel_id` int(11) NOT NULL,
  `rel_type` varchar(20) DEFAULT NULL,
  `question` mediumtext NOT NULL,
  `required` tinyint(1) NOT NULL DEFAULT '0',
  `question_order` int(11) NOT NULL
) ENGINE=MyISAM DEFAULT CHARSET=utf8;

--
-- Đang đổ dữ liệu cho bảng `tblformquestions`
--

INSERT INTO `tblformquestions` (`questionid`, `rel_id`, `rel_type`, `question`, `required`, `question_order`) VALUES
(1, 1, 'survey', 'Ho va ten', 1, 1),
(2, 1, 'survey', '', 0, 2);

-- --------------------------------------------------------

--
-- Cấu trúc bảng cho bảng `tblformresults`
--

CREATE TABLE `tblformresults` (
  `resultid` int(11) NOT NULL,
  `boxid` int(11) NOT NULL,
  `boxdescriptionid` int(11) DEFAULT NULL,
  `rel_id` int(11) NOT NULL,
  `rel_type` varchar(20) DEFAULT NULL,
  `questionid` int(11) NOT NULL,
  `answer` text,
  `resultsetid` int(11) NOT NULL
) ENGINE=MyISAM DEFAULT CHARSET=utf8;

-- --------------------------------------------------------

--
-- Cấu trúc bảng cho bảng `tblgoals`
--

CREATE TABLE `tblgoals` (
  `id` int(11) NOT NULL,
  `subject` varchar(400) NOT NULL,
  `description` text NOT NULL,
  `start_date` date NOT NULL,
  `end_date` date NOT NULL,
  `goal_type` int(11) NOT NULL,
  `contract_type` int(11) NOT NULL DEFAULT '0',
  `achievement` int(11) NOT NULL,
  `notify_when_fail` tinyint(1) NOT NULL DEFAULT '1',
  `notify_when_achieve` tinyint(1) NOT NULL DEFAULT '1',
  `notified` int(11) NOT NULL DEFAULT '0'
) ENGINE=MyISAM DEFAULT CHARSET=utf8;

-- --------------------------------------------------------

--
-- Cấu trúc bảng cho bảng `tblinvoicepaymentrecords`
--

CREATE TABLE `tblinvoicepaymentrecords` (
  `id` int(11) NOT NULL,
  `invoiceid` int(11) NOT NULL,
  `amount` decimal(11,2) NOT NULL,
  `paymentmode` varchar(40) DEFAULT NULL,
  `paymentmethod` varchar(200) DEFAULT NULL,
  `date` date NOT NULL,
  `daterecorded` datetime NOT NULL,
  `note` text NOT NULL,
  `transactionid` mediumtext
) ENGINE=MyISAM DEFAULT CHARSET=utf8;

--
-- Đang đổ dữ liệu cho bảng `tblinvoicepaymentrecords`
--

INSERT INTO `tblinvoicepaymentrecords` (`id`, `invoiceid`, `amount`, `paymentmode`, `paymentmethod`, `date`, `daterecorded`, `note`, `transactionid`) VALUES
(3, 2, '0.50', '1', '', '2017-05-30', '2017-05-30 16:32:33', '', ''),
(4, 2, '0.50', '1', NULL, '2017-05-30', '2017-05-30 16:33:23', '', NULL),
(5, 3, '0.20', '1', NULL, '2017-05-30', '2017-05-30 17:06:29', '', NULL),
(6, 3, '0.80', '1', NULL, '2017-05-30', '2017-05-30 17:07:16', '', NULL),
(7, 4, '0.40', '1', NULL, '2017-06-05', '2017-06-05 08:42:45', '', NULL),
(8, 4, '0.60', '1', '', '2017-06-05', '2017-06-05 08:43:45', '', '');

-- --------------------------------------------------------

--
-- Cấu trúc bảng cho bảng `tblinvoicepaymentsmodes`
--

CREATE TABLE `tblinvoicepaymentsmodes` (
  `id` int(11) NOT NULL,
  `name` varchar(100) NOT NULL,
  `description` text,
  `show_on_pdf` int(11) NOT NULL DEFAULT '0',
  `invoices_only` int(11) NOT NULL DEFAULT '0',
  `expenses_only` int(11) NOT NULL DEFAULT '0',
  `selected_by_default` int(11) NOT NULL DEFAULT '1',
  `active` tinyint(1) NOT NULL DEFAULT '1'
) ENGINE=MyISAM DEFAULT CHARSET=utf8;

--
-- Đang đổ dữ liệu cho bảng `tblinvoicepaymentsmodes`
--

INSERT INTO `tblinvoicepaymentsmodes` (`id`, `name`, `description`, `show_on_pdf`, `invoices_only`, `expenses_only`, `selected_by_default`, `active`) VALUES
(1, 'Bank', NULL, 0, 0, 0, 1, 1);

-- --------------------------------------------------------

--
-- Cấu trúc bảng cho bảng `tblinvoices`
--

CREATE TABLE `tblinvoices` (
  `id` int(11) NOT NULL,
  `sent` tinyint(1) NOT NULL DEFAULT '0',
  `datesend` datetime DEFAULT NULL,
  `clientid` int(11) NOT NULL,
  `number` int(11) NOT NULL,
  `prefix` varchar(50) DEFAULT NULL,
  `number_format` int(11) NOT NULL DEFAULT '0',
  `datecreated` datetime NOT NULL,
  `date` date NOT NULL,
  `duedate` date DEFAULT NULL,
  `currency` int(11) NOT NULL,
  `subtotal` decimal(11,2) NOT NULL,
  `total_tax` decimal(11,2) NOT NULL DEFAULT '0.00',
  `total` decimal(11,2) NOT NULL,
  `adjustment` decimal(11,2) DEFAULT NULL,
  `addedfrom` int(11) DEFAULT NULL,
  `hash` varchar(32) NOT NULL,
  `status` int(11) DEFAULT '1',
  `clientnote` text,
  `adminnote` text,
  `last_overdue_reminder` date DEFAULT NULL,
  `cancel_overdue_reminders` int(11) NOT NULL DEFAULT '0',
  `allowed_payment_modes` mediumtext,
  `token` mediumtext,
  `discount_percent` decimal(11,2) DEFAULT '0.00',
  `discount_total` decimal(11,2) DEFAULT '0.00',
  `discount_type` varchar(30) NOT NULL,
  `recurring` int(11) NOT NULL DEFAULT '0',
  `recurring_type` varchar(10) DEFAULT NULL,
  `custom_recurring` tinyint(1) NOT NULL DEFAULT '0',
  `recurring_ends_on` date DEFAULT NULL,
  `is_recurring_from` int(11) DEFAULT NULL,
  `last_recurring_date` date DEFAULT NULL,
  `terms` text,
  `sale_agent` int(11) NOT NULL DEFAULT '0',
  `billing_street` varchar(200) DEFAULT NULL,
  `billing_city` varchar(100) DEFAULT NULL,
  `billing_state` varchar(100) DEFAULT NULL,
  `billing_zip` varchar(100) DEFAULT NULL,
  `billing_country` int(11) DEFAULT NULL,
  `shipping_street` varchar(200) DEFAULT NULL,
  `shipping_city` varchar(100) DEFAULT NULL,
  `shipping_state` varchar(100) DEFAULT NULL,
  `shipping_zip` varchar(100) DEFAULT NULL,
  `shipping_country` int(11) DEFAULT NULL,
  `include_shipping` tinyint(1) NOT NULL,
  `show_shipping_on_invoice` tinyint(1) NOT NULL DEFAULT '1',
  `show_quantity_as` int(11) NOT NULL DEFAULT '1',
  `project_id` int(11) DEFAULT '0'
) ENGINE=MyISAM DEFAULT CHARSET=utf8;

--
-- Đang đổ dữ liệu cho bảng `tblinvoices`
--

INSERT INTO `tblinvoices` (`id`, `sent`, `datesend`, `clientid`, `number`, `prefix`, `number_format`, `datecreated`, `date`, `duedate`, `currency`, `subtotal`, `total_tax`, `total`, `adjustment`, `addedfrom`, `hash`, `status`, `clientnote`, `adminnote`, `last_overdue_reminder`, `cancel_overdue_reminders`, `allowed_payment_modes`, `token`, `discount_percent`, `discount_total`, `discount_type`, `recurring`, `recurring_type`, `custom_recurring`, `recurring_ends_on`, `is_recurring_from`, `last_recurring_date`, `terms`, `sale_agent`, `billing_street`, `billing_city`, `billing_state`, `billing_zip`, `billing_country`, `shipping_street`, `shipping_city`, `shipping_state`, `shipping_zip`, `shipping_country`, `include_shipping`, `show_shipping_on_invoice`, `show_quantity_as`, `project_id`) VALUES
(1, 0, NULL, 1, 1, 'INV-', 1, '2017-05-30 15:46:22', '2017-05-30', '2017-06-29', 1, '1.00', '0.00', '0.99', '0.00', 1, 'fa9beea342c2086b019ff4235f7de444', 1, '', '', NULL, 0, 'a:1:{i:0;s:1:\"1\";}', NULL, '1.00', '0.01', 'after_tax', 0, NULL, 0, NULL, NULL, NULL, '', 0, '', '', '', '', NULL, NULL, NULL, NULL, NULL, NULL, 0, 1, 1, 0),
(2, 0, NULL, 3, 2, 'INV-', 1, '2017-05-30 16:31:51', '2017-05-30', '2017-06-29', 1, '1.00', '0.00', '1.00', '0.00', 1, 'd4e85a12648714bdc81c3bae636e8763', 2, '', '', NULL, 0, 'a:1:{i:0;s:1:\"1\";}', NULL, '0.00', '0.00', '', 0, NULL, 0, NULL, NULL, NULL, '', 0, '', '', '', '', NULL, NULL, NULL, NULL, NULL, NULL, 0, 1, 1, 0),
(3, 0, NULL, 1, 3, 'INV-', 1, '2017-05-30 17:05:53', '2017-05-30', '2017-06-29', 1, '1.00', '0.00', '1.00', '0.00', 1, 'ab335cee64806055a628008dd0999d6d', 2, '', '', NULL, 0, 'a:1:{i:0;s:1:\"1\";}', NULL, '0.00', '0.00', '', 0, NULL, 0, NULL, NULL, NULL, '', 0, '', '', '', '', NULL, NULL, NULL, NULL, NULL, NULL, 0, 1, 1, 0),
(4, 0, NULL, 5, 4, 'INV-', 1, '2017-06-05 08:42:00', '2017-06-05', '2017-07-05', 1, '1.00', '0.00', '1.00', '0.00', 1, 'd3a394a766b57e805ea313df1a97deee', 2, '', '', NULL, 0, 'a:1:{i:0;s:1:\"1\";}', NULL, '0.00', '0.00', '', 0, NULL, 0, NULL, NULL, NULL, '', 0, '', '', '', '', NULL, NULL, NULL, NULL, NULL, NULL, 0, 1, 1, 0),
(5, 0, NULL, 10, 5, 'INV-', 1, '2017-07-13 11:45:02', '2017-07-13', '2017-08-12', 1, '0.00', '0.00', '0.00', '0.00', 1, 'd012db784317b5e855d0036d42e178b5', 2, '', '', NULL, 0, 'a:1:{i:0;s:1:\"1\";}', NULL, '0.00', '0.00', '', 0, NULL, 0, NULL, NULL, NULL, '', 0, '', '', '', '', NULL, NULL, NULL, NULL, NULL, NULL, 0, 1, 1, 0),
(6, 0, NULL, 10, 6, 'INV-', 1, '2017-09-01 09:20:34', '2017-09-01', '2017-10-01', 1, '0.00', '0.00', '0.00', '0.00', 1, '3030d418a6cd409b8ca7fbe829a08c9a', 6, '', '', NULL, 0, 'a:1:{i:0;s:1:\"1\";}', NULL, '0.00', '0.00', '', 0, NULL, 0, NULL, NULL, NULL, '', 0, '', '', '', '', NULL, NULL, NULL, NULL, NULL, NULL, 0, 1, 1, 0);

-- --------------------------------------------------------

--
-- Cấu trúc bảng cho bảng `tblitems`
--

CREATE TABLE `tblitems` (
  `id` int(11) NOT NULL,
  `description` mediumtext NOT NULL,
  `long_description` text,
  `landtypeid` tinyint(4) DEFAULT NULL,
  `district_id` varchar(5) DEFAULT NULL,
  `provinceid` varchar(5) DEFAULT NULL,
  `rate` decimal(11,2) NOT NULL,
  `tax` int(11) DEFAULT NULL,
  `unit` varchar(40) DEFAULT NULL,
  `group_id` int(11) NOT NULL DEFAULT '0'
) ENGINE=MyISAM DEFAULT CHARSET=utf8;

--
-- Đang đổ dữ liệu cho bảng `tblitems`
--

INSERT INTO `tblitems` (`id`, `description`, `long_description`, `landtypeid`, `district_id`, `provinceid`, `rate`, `tax`, `unit`, `group_id`) VALUES
(34, '1', 'sds', 12, '750', '77', '1.00', 1, 'a', 1),
(35, '2', '11111111', 5, '688', '70', '5.00', 1, 'cai', 1),
(36, 'dsa', 'dsad', 6, '215', '24', '1.00', 0, '', 0);

-- --------------------------------------------------------

--
-- Cấu trúc bảng cho bảng `tblitemsrelated`
--

CREATE TABLE `tblitemsrelated` (
  `id` int(11) NOT NULL,
  `rel_id` int(11) NOT NULL,
  `rel_type` varchar(30) NOT NULL,
  `item_id` int(11) NOT NULL
) ENGINE=MyISAM DEFAULT CHARSET=utf8;

-- --------------------------------------------------------

--
-- Cấu trúc bảng cho bảng `tblitemstax`
--

CREATE TABLE `tblitemstax` (
  `id` int(11) NOT NULL,
  `itemid` int(11) NOT NULL,
  `rel_id` int(11) NOT NULL,
  `rel_type` varchar(20) NOT NULL,
  `taxrate` decimal(11,2) NOT NULL,
  `taxname` varchar(100) NOT NULL
) ENGINE=MyISAM DEFAULT CHARSET=utf8;

-- --------------------------------------------------------

--
-- Cấu trúc bảng cho bảng `tblitems_groups`
--

CREATE TABLE `tblitems_groups` (
  `id` int(11) NOT NULL,
  `name` varchar(50) NOT NULL
) ENGINE=MyISAM DEFAULT CHARSET=utf8;

--
-- Đang đổ dữ liệu cho bảng `tblitems_groups`
--

INSERT INTO `tblitems_groups` (`id`, `name`) VALUES
(1, 'thuy');

-- --------------------------------------------------------

--
-- Cấu trúc bảng cho bảng `tblitems_in`
--

CREATE TABLE `tblitems_in` (
  `id` int(11) NOT NULL,
  `rel_id` int(11) NOT NULL,
  `rel_type` varchar(15) NOT NULL,
  `description` mediumtext NOT NULL,
  `long_description` mediumtext,
  `qty` decimal(11,2) NOT NULL,
  `rate` decimal(11,2) NOT NULL,
  `unit` varchar(40) DEFAULT NULL,
  `item_order` int(11) DEFAULT NULL
) ENGINE=MyISAM DEFAULT CHARSET=utf8;

--
-- Đang đổ dữ liệu cho bảng `tblitems_in`
--

INSERT INTO `tblitems_in` (`id`, `rel_id`, `rel_type`, `description`, `long_description`, `qty`, `rate`, `unit`, `item_order`) VALUES
(1, 1, 'invoice', 'dsa', 'dsad', '1.00', '1.00', '', 1),
(2, 2, 'invoice', 'dsa', 'dsad', '1.00', '1.00', '', 1),
(3, 3, 'invoice', 'dsa', 'dsad', '1.00', '1.00', '', 1),
(4, 4, 'invoice', 'dsa', 'dsad', '1.00', '1.00', '', 1);

-- --------------------------------------------------------

--
-- Cấu trúc bảng cho bảng `tblknowledgebase`
--

CREATE TABLE `tblknowledgebase` (
  `articleid` int(11) NOT NULL,
  `articlegroup` int(11) NOT NULL,
  `subject` mediumtext NOT NULL,
  `description` text NOT NULL,
  `slug` mediumtext NOT NULL,
  `active` tinyint(4) NOT NULL,
  `datecreated` datetime NOT NULL,
  `article_order` int(11) NOT NULL DEFAULT '0',
  `staff_article` int(11) NOT NULL DEFAULT '0',
  `views` int(11) DEFAULT NULL
) ENGINE=MyISAM DEFAULT CHARSET=utf8;

-- --------------------------------------------------------

--
-- Cấu trúc bảng cho bảng `tblknowledgebasearticleanswers`
--

CREATE TABLE `tblknowledgebasearticleanswers` (
  `articleanswerid` int(11) NOT NULL,
  `articleid` int(11) NOT NULL,
  `answer` int(11) NOT NULL,
  `ip` varchar(40) NOT NULL,
  `date` datetime NOT NULL
) ENGINE=MyISAM DEFAULT CHARSET=utf8;

-- --------------------------------------------------------

--
-- Cấu trúc bảng cho bảng `tblknowledgebasegroups`
--

CREATE TABLE `tblknowledgebasegroups` (
  `groupid` int(11) NOT NULL,
  `name` mediumtext NOT NULL,
  `description` mediumtext,
  `active` tinyint(4) NOT NULL,
  `color` varchar(10) DEFAULT '#28B8DA',
  `group_order` int(11) DEFAULT '0'
) ENGINE=MyISAM DEFAULT CHARSET=utf8;

-- --------------------------------------------------------

--
-- Cấu trúc bảng cho bảng `tblleadactivitylog`
--

CREATE TABLE `tblleadactivitylog` (
  `id` int(11) NOT NULL,
  `leadid` int(11) NOT NULL,
  `description` mediumtext NOT NULL,
  `additional_data` varchar(600) DEFAULT NULL,
  `date` datetime NOT NULL,
  `staffid` int(11) NOT NULL,
  `full_name` varchar(100) DEFAULT NULL
) ENGINE=MyISAM DEFAULT CHARSET=utf8;

--
-- Đang đổ dữ liệu cho bảng `tblleadactivitylog`
--

INSERT INTO `tblleadactivitylog` (`id`, `leadid`, `description`, `additional_data`, `date`, `staffid`, `full_name`) VALUES
(1, 4, 'not_lead_activity_created', '', '2017-05-30 15:44:16', 1, ' '),
(2, 4, 'not_lead_activity_assigned_to', 'a:2:{i:0;s:1:\" \";i:1;s:90:\"<a href=\"http://foso.info/PMBDS/perfex_crm/admin/profile/4\" target=\"_blank\">Thùy Linh</a>\";}', '2017-05-30 15:44:17', 1, ' '),
(3, 5, 'not_lead_activity_created', '', '2017-05-30 16:26:57', 1, ' '),
(4, 5, 'not_lead_activity_assigned_to', 'a:2:{i:0;s:1:\" \";i:1;s:90:\"<a href=\"http://foso.info/PMBDS/perfex_crm/admin/profile/4\" target=\"_blank\">Thùy Linh</a>\";}', '2017-05-30 16:26:58', 1, ' '),
(5, 5, 'not_lead_activity_contacted', 'a:2:{i:0;s:1:\" \";i:1;s:19:\"2017-05-30 16:28:00\";}', '2017-05-30 16:28:26', 1, ' '),
(6, 4, 'not_lead_activity_converted', 'a:1:{i:0;s:1:\" \";}', '2017-05-30 16:29:59', 1, ' '),
(7, 6, 'not_lead_activity_created', '', '2017-05-30 17:02:02', 1, ' '),
(8, 6, 'not_lead_activity_assigned_to', 'a:2:{i:0;s:1:\" \";i:1;s:90:\"<a href=\"http://foso.info/PMBDS/perfex_crm/admin/profile/4\" target=\"_blank\">Thùy Linh</a>\";}', '2017-05-30 17:02:02', 1, ' '),
(9, 6, 'not_lead_activity_contacted', 'a:2:{i:0;s:1:\" \";i:1;s:19:\"2017-05-30 17:03:00\";}', '2017-05-30 17:03:29', 1, ' '),
(10, 5, 'not_lead_activity_converted', 'a:1:{i:0;s:1:\" \";}', '2017-05-30 17:04:37', 1, ' '),
(11, 6, 'not_lead_activity_converted', 'a:1:{i:0;s:1:\" \";}', '2017-05-31 16:13:17', 1, ' '),
(12, 6, 'not_lead_activity_created_proposal', 'a:1:{i:0;s:104:\"<a href=\"http://foso.info/PMBDS/perfex_crm/admin/proposals/list_proposals/1\" target=\"_blank\">ddsdsad</a>\";}', '2017-05-31 17:46:14', 1, ' '),
(13, 6, 'not_lead_activity_created_proposal', 'a:1:{i:0;s:104:\"<a href=\"http://foso.info/PMBDS/perfex_crm/admin/proposals/list_proposals/2\" target=\"_blank\">ddsdsad</a>\";}', '2017-05-31 17:46:16', 1, ' '),
(14, 6, 'not_lead_activity_contacted', 'a:2:{i:0;s:1:\" \";i:1;s:19:\"2017-05-06 17:46:00\";}', '2017-05-31 17:47:11', 1, ' '),
(15, 7, 'not_lead_activity_created', '', '2017-05-31 17:51:45', 1, ' '),
(16, 7, 'not_lead_activity_assigned_to', 'a:2:{i:0;s:1:\" \";i:1;s:93:\"<a href=\"http://foso.info/PMBDS/perfex_crm/admin/profile/2\" target=\"_blank\">Tân Nguyễn</a>\";}', '2017-05-31 17:51:46', 1, ' '),
(17, 5, 'not_lead_activity_status_updated', 'a:3:{i:0;s:1:\" \";i:1;s:8:\"Customer\";i:2;s:16:\"Đã liên lạc\";}', '2017-06-05 08:39:18', 1, ' '),
(18, 7, 'not_lead_activity_added_attachment', '', '2017-07-28 10:07:58', 1, 'FOSO SOFT');

-- --------------------------------------------------------

--
-- Cấu trúc bảng cho bảng `tblleads`
--

CREATE TABLE `tblleads` (
  `id` int(11) NOT NULL,
  `name` varchar(300) NOT NULL,
  `title` varchar(100) DEFAULT NULL,
  `company` varchar(300) DEFAULT NULL,
  `description` text,
  `country` int(11) NOT NULL DEFAULT '0',
  `zip` varchar(15) DEFAULT NULL,
  `city` varchar(100) DEFAULT NULL,
  `state` varchar(50) DEFAULT NULL,
  `address` varchar(100) DEFAULT NULL,
  `assigned` int(11) NOT NULL,
  `dateadded` datetime NOT NULL,
  `from_form_id` int(11) NOT NULL DEFAULT '0',
  `status` int(11) NOT NULL,
  `source` int(11) NOT NULL,
  `lastcontact` datetime DEFAULT NULL,
  `dateassigned` date DEFAULT NULL,
  `last_status_change` datetime DEFAULT NULL,
  `addedfrom` int(11) NOT NULL,
  `email` varchar(150) DEFAULT NULL,
  `website` varchar(150) DEFAULT NULL,
  `leadorder` int(11) DEFAULT '1',
  `phonenumber` varchar(50) DEFAULT NULL,
  `date_converted` datetime DEFAULT NULL,
  `lost` tinyint(1) NOT NULL DEFAULT '0',
  `junk` int(11) NOT NULL DEFAULT '0',
  `last_lead_status` int(11) NOT NULL DEFAULT '0',
  `is_imported_from_email_integration` tinyint(1) NOT NULL DEFAULT '0',
  `email_integration_uid` varchar(30) DEFAULT NULL,
  `is_public` tinyint(1) NOT NULL DEFAULT '0',
  `client_id` int(11) NOT NULL DEFAULT '0'
) ENGINE=MyISAM DEFAULT CHARSET=utf8;

--
-- Đang đổ dữ liệu cho bảng `tblleads`
--

INSERT INTO `tblleads` (`id`, `name`, `title`, `company`, `description`, `country`, `zip`, `city`, `state`, `address`, `assigned`, `dateadded`, `from_form_id`, `status`, `source`, `lastcontact`, `dateassigned`, `last_status_change`, `addedfrom`, `email`, `website`, `leadorder`, `phonenumber`, `date_converted`, `lost`, `junk`, `last_lead_status`, `is_imported_from_email_integration`, `email_integration_uid`, `is_public`, `client_id`) VALUES
(4, 'Nguyễn Văn A', '', '', '', 0, '', '', '', '110 Luỹ Bán Bích', 4, '2017-05-30 15:44:16', 0, 1, 1, '2017-05-30 15:44:16', '2017-05-30', NULL, 1, '', '', 1, '', '2017-05-30 16:29:59', 0, 0, 0, 0, NULL, 0, 0),
(5, 'Nguyễn Văn B', '', 'Fososoft', '', 0, '', '', '', '', 4, '2017-05-30 16:26:57', 0, 2, 1, '2017-05-30 16:28:00', '2017-05-30', '2017-06-05 08:39:18', 1, 'infor@foso.com', '', 1, '0999334728', '2017-05-30 17:04:37', 0, 0, 0, 0, NULL, 0, 0),
(6, 'Nguyễn văn c', '', '', '\'- Ngành nghề, nhu cầu & vướng mắc doanh nghiệp đang gặp phải; doanh thu/chi phí/hóa đơn trung bình tháng,… để báo giá.<br />\r\n- Note lại tính cách, đặc điểm của chủ doanh nghiệp này để lần sau người khác tiếp cận nắm thông tin; số lượt đã xuống khách hàng này tư vấn. ', 0, '', '', '', '', 4, '2017-05-30 17:02:02', 0, 1, 1, '2017-05-06 17:46:00', '2017-05-30', NULL, 1, '', '', 1, '', '2017-05-31 16:13:17', 0, 0, 0, 0, NULL, 0, 0),
(7, 'dsada', '', '', 'dsadsa', 0, '', '', '', 'dsadsa', 2, '2017-05-31 17:51:45', 0, 2, 1, '2017-05-31 17:51:45', '2017-05-31', NULL, 1, '', '', 1, '', NULL, 0, 0, 0, 0, NULL, 0, 0);

-- --------------------------------------------------------

--
-- Cấu trúc bảng cho bảng `tblleadsemailintegrationemails`
--

CREATE TABLE `tblleadsemailintegrationemails` (
  `id` int(11) NOT NULL,
  `subject` mediumtext,
  `body` mediumtext,
  `dateadded` datetime NOT NULL,
  `leadid` int(11) NOT NULL,
  `emailid` int(11) NOT NULL
) ENGINE=MyISAM DEFAULT CHARSET=utf8;

-- --------------------------------------------------------

--
-- Cấu trúc bảng cho bảng `tblleadsintegration`
--

CREATE TABLE `tblleadsintegration` (
  `id` int(11) NOT NULL COMMENT 'the ID always must be 1',
  `active` int(11) NOT NULL,
  `email` varchar(100) NOT NULL,
  `imap_server` varchar(100) NOT NULL,
  `password` mediumtext NOT NULL,
  `check_every` int(11) NOT NULL DEFAULT '5',
  `responsible` int(11) NOT NULL,
  `lead_source` int(11) NOT NULL,
  `lead_status` int(11) NOT NULL,
  `encryption` varchar(3) DEFAULT NULL,
  `folder` varchar(100) NOT NULL,
  `last_run` varchar(50) DEFAULT NULL,
  `notify_lead_imported` tinyint(1) NOT NULL DEFAULT '1',
  `notify_lead_contact_more_times` tinyint(1) NOT NULL DEFAULT '1',
  `notify_type` varchar(20) DEFAULT NULL,
  `notify_ids` mediumtext,
  `only_loop_on_unseen_emails` tinyint(1) NOT NULL DEFAULT '1',
  `delete_after_import` int(11) NOT NULL DEFAULT '0'
) ENGINE=MyISAM DEFAULT CHARSET=utf8;

--
-- Đang đổ dữ liệu cho bảng `tblleadsintegration`
--

INSERT INTO `tblleadsintegration` (`id`, `active`, `email`, `imap_server`, `password`, `check_every`, `responsible`, `lead_source`, `lead_status`, `encryption`, `folder`, `last_run`, `notify_lead_imported`, `notify_lead_contact_more_times`, `notify_type`, `notify_ids`, `only_loop_on_unseen_emails`, `delete_after_import`) VALUES
(1, 0, '', '', '', 10, 0, 0, 0, 'tls', 'inbox', '', 1, 1, 'roles', '', 1, 0);

-- --------------------------------------------------------

--
-- Cấu trúc bảng cho bảng `tblleadssources`
--

CREATE TABLE `tblleadssources` (
  `id` int(11) NOT NULL,
  `name` varchar(150) NOT NULL
) ENGINE=MyISAM DEFAULT CHARSET=utf8;

--
-- Đang đổ dữ liệu cho bảng `tblleadssources`
--

INSERT INTO `tblleadssources` (`id`, `name`) VALUES
(1, 'Google'),
(2, 'Facebook');

-- --------------------------------------------------------

--
-- Cấu trúc bảng cho bảng `tblleadsstatus`
--

CREATE TABLE `tblleadsstatus` (
  `id` int(11) NOT NULL,
  `name` varchar(50) NOT NULL,
  `statusorder` int(11) DEFAULT NULL,
  `color` varchar(10) DEFAULT '#28B8DA',
  `isdefault` int(11) NOT NULL DEFAULT '0'
) ENGINE=MyISAM DEFAULT CHARSET=utf8;

--
-- Đang đổ dữ liệu cho bảng `tblleadsstatus`
--

INSERT INTO `tblleadsstatus` (`id`, `name`, `statusorder`, `color`, `isdefault`) VALUES
(1, 'Customer', 1000, '#7cb342', 1),
(2, 'Đã liên lạc', 0, '#4fc25b', 0),
(3, 'Đã báo giá', 3, '#000000', 0);

-- --------------------------------------------------------

--
-- Cấu trúc bảng cho bảng `tbllistemails`
--

CREATE TABLE `tbllistemails` (
  `emailid` int(11) NOT NULL,
  `listid` int(11) NOT NULL,
  `email` varchar(250) NOT NULL,
  `dateadded` datetime NOT NULL
) ENGINE=MyISAM DEFAULT CHARSET=utf8;

-- --------------------------------------------------------

--
-- Cấu trúc bảng cho bảng `tbllog_bds`
--

CREATE TABLE `tbllog_bds` (
  `id` int(11) NOT NULL,
  `id_project` int(11) DEFAULT NULL,
  `staffid` int(11) NOT NULL,
  `name` text CHARACTER SET utf8 COLLATE utf8_unicode_ci,
  `date` datetime DEFAULT NULL
) ENGINE=InnoDB DEFAULT CHARSET=latin1;

--
-- Đang đổ dữ liệu cho bảng `tbllog_bds`
--

INSERT INTO `tbllog_bds` (`id`, `id_project`, `staffid`, `name`, `date`) VALUES
(3, 40, 1, 'Xóa file images 40 bởi[1: admin ]', '2017-07-29 11:45:36'),
(4, 52, 1, 'Xóa file [74] bởi[1: admin ]', '2017-07-29 11:51:17'),
(5, 52, 1, 'Upload file bst-hinh-anh-phong-canh-thien-nhien-tuyet-dep-lang-man-tho-mong-hung-vi-nhat-the-gioi-1-1.jpeg bởi[1: admin ]', '2017-07-29 11:51:49'),
(6, 52, 1, 'Cập nhật bất động sản 52 bởi[1: admin ]', '2017-07-29 11:52:08'),
(7, 52, 1, 'Cập nhật chủ sở hữu [7] bởi[1: admin ]', '2017-07-29 11:55:54'),
(8, 52, 1, 'Chuyển trạng thái chủ sở hữu [7] là chủ sở hữu chính bởi[1: admin ]', '2017-07-29 12:00:06'),
(9, 54, 1, 'Chuyển trạng thái bất động sản  Chưa được bán54 bởi[1: admin ]', '2017-07-29 12:03:56'),
(10, 52, 1, 'Chuyển trạng thái bất động sản  đã bán52 bởi[1: admin ]', '2017-07-29 12:04:00'),
(11, 54, 1, 'Chuyển trạng thái bất động sản  đã bán54 bởi[1: admin ]', '2017-07-29 12:14:00'),
(12, 52, 1, 'Chuyển trạng thái bất động sản  Chưa được bán52 bởi[1: admin ]', '2017-07-29 12:21:45'),
(13, 52, 1, 'Xóa file [75] bởi[1: admin ]', '2017-07-31 09:08:22'),
(14, 52, 1, 'Chuyển trạng thái bất động sản  đã bán52 bởi[1: admin ]', '2017-07-31 09:21:47'),
(15, 52, 1, 'Chuyển trạng thái bất động sản  Chưa được bán52 bởi[1: admin ]', '2017-07-31 09:21:48'),
(16, 52, 1, 'Cập nhật bất động sản 52 bởi[1: admin ]', '2017-07-31 10:12:02'),
(17, NULL, 1, 'Cập nhật Nhật ký cuộc gọi của [admin ] bởi[1: admin ]', '2017-07-31 16:10:30'),
(18, NULL, 1, 'Cập nhật Nhật ký cuộc gọi của [admin ] bởi[1: admin ]', '2017-07-31 16:10:36'),
(19, NULL, 1, 'Cập nhật gười quản trị cho bất động sản của [ID: 49] bởi[1: admin ]', '2017-07-31 17:14:57'),
(20, NULL, 1, 'Cập nhật gười quản trị cho bất động sản của [ID: 49] bởi[1: admin ]', '2017-07-31 17:15:14'),
(21, NULL, 1, 'Cập nhật gười quản trị cho bất động sản của [ID: 49] bởi[1: admin ]', '2017-07-31 17:15:24'),
(22, NULL, 1, 'Cập nhật gười quản trị cho bất động sản của [ID: 49] bởi[1: admin ]', '2017-07-31 17:17:58'),
(23, NULL, 1, 'Cập nhật gười quản trị cho bất động sản của [ID: 49] bởi[1: admin ]', '2017-07-31 17:24:01'),
(24, NULL, 1, 'Cập nhật gười quản trị cho bất động sản của [ID: 49] bởi[1: admin ]', '2017-07-31 17:24:09'),
(25, NULL, 1, 'Cập nhật gười quản trị cho bất động sản của [ID: 49] bởi[1: admin ]', '2017-07-31 17:24:20'),
(26, NULL, 1, 'Cập nhật gười quản trị cho bất động sản của [ID: 49] bởi[1: admin ]', '2017-07-31 17:24:59'),
(27, NULL, 1, 'Cập nhật gười quản trị cho bất động sản của [ID: 49] bởi[1: admin ]', '2017-07-31 17:26:53'),
(28, NULL, 1, 'Cập nhật gười quản trị cho bất động sản của [ID: 49] bởi[1: admin ]', '2017-07-31 17:27:21'),
(29, NULL, 1, 'Cập nhật gười quản trị cho bất động sản của [ID: 49] bởi[1: admin ]', '2017-07-31 17:28:08'),
(30, NULL, 1, 'Cập nhật gười quản trị cho bất động sản của [ID: 49] bởi[1: admin ]', '2017-07-31 17:28:16'),
(31, NULL, 1, 'Cập nhật gười quản trị cho bất động sản của [ID: 49] bởi[1: admin ]', '2017-07-31 17:28:25'),
(32, NULL, 1, 'Cập nhật gười quản trị cho bất động sản của [ID: 49] bởi[1: admin ]', '2017-07-31 17:31:03'),
(33, NULL, 1, 'Cập nhật gười quản trị cho bất động sản của [ID: 49] bởi[1: admin ]', '2017-07-31 17:32:28'),
(34, NULL, 1, 'Cập nhật gười quản trị cho bất động sản của [ID: 49] bởi[1: admin ]', '2017-07-31 17:34:02'),
(35, NULL, 1, 'Cập nhật gười quản trị cho bất động sản của [ID: 49] bởi[1: admin ]', '2017-07-31 17:34:46'),
(36, NULL, 1, 'Cập nhật gười quản trị cho bất động sản của [ID: 49] bởi[1: admin ]', '2017-07-31 17:35:08'),
(37, NULL, 1, 'Cập nhật gười quản trị cho bất động sản của [ID: 49] bởi[1: admin ]', '2017-07-31 17:37:47'),
(38, NULL, 1, 'Cập nhật gười quản trị cho bất động sản của [ID: 52] bởi[1: admin ]', '2017-08-01 08:21:06'),
(39, NULL, 1, 'Cập nhật gười quản trị cho bất động sản của [ID: 52] bởi[1: admin ]', '2017-08-01 08:27:28'),
(40, NULL, 1, 'Cập nhật gười quản trị cho bất động sản của [ID: 52] bởi[1: admin ]', '2017-08-01 08:27:32'),
(41, NULL, 1, 'Cập nhật gười quản trị cho bất động sản của [ID: 52] bởi[1: admin ]', '2017-08-01 08:27:38'),
(42, NULL, 1, 'Cập nhật gười quản trị cho bất động sản của [ID: 52] bởi[1: admin ]', '2017-08-01 08:28:06'),
(43, NULL, 1, 'Cập nhật gười quản trị cho bất động sản của [ID: 52] bởi[1: admin ]', '2017-08-01 08:28:11'),
(44, NULL, 1, 'Cập nhật gười quản trị cho bất động sản của [ID: 52] bởi[1: admin ]', '2017-08-01 08:30:16'),
(45, NULL, 1, 'Cập nhật gười quản trị cho bất động sản của [ID: 52] bởi[1: admin ]', '2017-08-01 08:30:25'),
(46, NULL, 1, 'Cập nhật gười quản trị cho bất động sản của [ID: 52] bởi[1: admin ]', '2017-08-01 08:30:37'),
(47, NULL, 1, 'Cập nhật gười quản trị cho bất động sản của [ID: 52] bởi[1: admin ]', '2017-08-01 08:34:50'),
(48, NULL, 1, 'Cập nhật gười quản trị cho bất động sản của [ID: 52] bởi[1: admin ]', '2017-08-01 08:35:05'),
(49, NULL, 1, 'Cập nhật gười quản trị cho bất động sản của [ID: 52] bởi[1: admin ]', '2017-08-01 08:35:09'),
(50, NULL, 1, 'Cập nhật gười quản trị cho bất động sản của [ID: 52] bởi[1: admin ]', '2017-08-01 08:35:12'),
(51, NULL, 1, 'Cập nhật gười quản trị cho bất động sản của [ID: 52] bởi[1: admin ]', '2017-08-01 08:35:17'),
(52, NULL, 1, 'Cập nhật gười quản trị cho bất động sản của [ID: 52] bởi[1: admin ]', '2017-08-01 08:35:23'),
(53, NULL, 1, 'Cập nhật gười quản trị cho bất động sản của [ID: 52] bởi[1: admin ]', '2017-08-01 08:35:30'),
(54, NULL, 1, 'Cập nhật gười quản trị cho bất động sản của [ID: 52] bởi[1: admin ]', '2017-08-01 08:50:29'),
(55, NULL, 1, 'Cập nhật gười quản trị cho bất động sản của [ID: 52] bởi[1: admin ]', '2017-08-01 08:50:35'),
(56, NULL, 1, 'Cập nhật gười quản trị cho bất động sản của [ID: 52] bởi[1: admin ]', '2017-08-01 08:50:40'),
(57, NULL, 1, 'Cập nhật gười quản trị cho bất động sản của [ID: 52] bởi[1: admin ]', '2017-08-01 08:50:45'),
(58, NULL, 1, 'Cập nhật gười quản trị cho bất động sản của [ID: 52] bởi[1: admin ]', '2017-08-01 08:51:00'),
(59, NULL, 1, 'Cập nhật gười quản trị cho bất động sản của [ID: 52] bởi[1: admin ]', '2017-08-01 08:51:04'),
(60, NULL, 1, 'Cập nhật gười quản trị cho bất động sản của [ID: 52] bởi[1: admin ]', '2017-08-01 08:51:41'),
(61, NULL, 1, 'Cập nhật gười quản trị cho bất động sản của [ID: 52] bởi[1: admin ]', '2017-08-01 08:52:15'),
(62, NULL, 1, 'Cập nhật gười quản trị cho bất động sản của [ID: 52] bởi[1: admin ]', '2017-08-01 08:52:26'),
(63, NULL, 1, 'Cập nhật gười quản trị cho bất động sản của [ID: 52] bởi[1: admin ]', '2017-08-01 08:53:19'),
(64, NULL, 1, 'Cập nhật gười quản trị cho bất động sản của [ID: 52] bởi[1: admin ]', '2017-08-01 08:53:31'),
(65, NULL, 1, 'Cập nhật gười quản trị cho bất động sản của [ID: 52] bởi[1: admin ]', '2017-08-01 08:54:24'),
(66, NULL, 1, 'Cập nhật gười quản trị cho bất động sản của [ID: 52] bởi[1: admin ]', '2017-08-01 08:54:34'),
(67, NULL, 1, 'Cập nhật gười quản trị cho bất động sản của [ID: 52] bởi[1: admin ]', '2017-08-01 08:55:02'),
(68, NULL, 1, 'Cập nhật gười quản trị cho bất động sản của [ID: 52] bởi[1: admin ]', '2017-08-01 08:57:01'),
(69, NULL, 1, 'Cập nhật gười quản trị cho bất động sản của [ID: 52] bởi[1: admin ]', '2017-08-01 09:00:19'),
(70, NULL, 1, 'Cập nhật gười quản trị cho bất động sản của [ID: 52] bởi[1: admin ]', '2017-08-01 09:00:27'),
(71, NULL, 1, 'Cập nhật gười quản trị cho bất động sản của [ID: 52] bởi[1: admin ]', '2017-08-01 09:00:38'),
(72, NULL, 1, 'Cập nhật gười quản trị cho bất động sản của [ID: 52] bởi[1: admin ]', '2017-08-01 09:03:32'),
(73, NULL, 1, 'Cập nhật gười quản trị cho bất động sản của [ID: 52] bởi[1: admin ]', '2017-08-01 09:04:12'),
(74, NULL, 1, 'Cập nhật gười quản trị cho bất động sản của [ID: 52] bởi[1: admin ]', '2017-08-01 09:04:55'),
(75, NULL, 1, 'Cập nhật gười quản trị cho bất động sản của [ID: 52] bởi[1: admin ]', '2017-08-01 09:05:02'),
(76, NULL, 1, 'Cập nhật gười quản trị cho bất động sản của [ID: 52] bởi[1: admin ]', '2017-08-01 09:05:06'),
(77, NULL, 1, 'Cập nhật gười quản trị cho bất động sản của [ID: 52] bởi[1: admin ]', '2017-08-01 09:05:09'),
(78, NULL, 1, 'Cập nhật gười quản trị cho bất động sản của [ID: 52] bởi[1: admin ]', '2017-08-01 09:05:13'),
(79, NULL, 1, 'Cập nhật gười quản trị cho bất động sản của [ID: 52] bởi[1: admin ]', '2017-08-01 09:05:16'),
(80, NULL, 1, 'Cập nhật gười quản trị cho bất động sản của [ID: 52] bởi[1: admin ]', '2017-08-01 09:05:20'),
(81, NULL, 1, 'Cập nhật gười quản trị cho bất động sản của [ID: 52] bởi[1: admin ]', '2017-08-01 09:05:24'),
(82, NULL, 1, 'Cập nhật gười quản trị cho bất động sản của [ID: 52] bởi[1: admin ]', '2017-08-01 09:06:02'),
(83, NULL, 1, 'Cập nhật gười quản trị cho bất động sản của [ID: 52] bởi[1: admin ]', '2017-08-01 09:06:04'),
(84, NULL, 1, 'Cập nhật gười quản trị cho bất động sản của [ID: 52] bởi[1: admin ]', '2017-08-01 09:06:14'),
(85, NULL, 1, 'Cập nhật gười quản trị cho bất động sản của [ID: 52] bởi[1: admin ]', '2017-08-01 09:06:29'),
(86, NULL, 1, 'Cập nhật gười quản trị cho bất động sản của [ID: 52] bởi[1: admin ]', '2017-08-01 09:07:32'),
(87, NULL, 1, 'Cập nhật gười quản trị cho bất động sản của [ID: 52] bởi[1: admin ]', '2017-08-01 09:07:35'),
(88, NULL, 1, 'Cập nhật gười quản trị cho bất động sản của [ID: 52] bởi[1: admin ]', '2017-08-01 09:11:51'),
(89, NULL, 1, 'Cập nhật gười quản trị cho bất động sản của [ID: 52] bởi[1: admin ]', '2017-08-01 09:12:02'),
(90, NULL, 1, 'Cập nhật gười quản trị cho bất động sản của [ID: 52] bởi[1: admin ]', '2017-08-01 09:12:15'),
(91, NULL, 1, 'Cập nhật gười quản trị cho bất động sản của [ID: 52] bởi[1: admin ]', '2017-08-01 09:13:10'),
(92, NULL, 1, 'Cập nhật gười quản trị cho bất động sản của [ID: 52] bởi[1: admin ]', '2017-08-01 09:13:36'),
(93, NULL, 1, 'Cập nhật gười quản trị cho bất động sản của [ID: 52] bởi[1: admin ]', '2017-08-01 09:13:52'),
(94, NULL, 1, 'Cập nhật gười quản trị cho bất động sản của [ID: 52] bởi[1: admin ]', '2017-08-01 09:14:01'),
(95, NULL, 1, 'Cập nhật gười quản trị cho bất động sản của [ID: 52] bởi[1: admin ]', '2017-08-01 09:14:35'),
(96, NULL, 1, 'Cập nhật gười quản trị cho bất động sản của [ID: 52] bởi[1: admin ]', '2017-08-01 09:14:40'),
(97, NULL, 1, 'Cập nhật gười quản trị cho bất động sản của [ID: 52] bởi[1: admin ]', '2017-08-01 09:14:45'),
(98, NULL, 1, 'Cập nhật gười quản trị cho bất động sản của [ID: 52] bởi[1: admin ]', '2017-08-01 09:14:51'),
(99, NULL, 1, 'Cập nhật gười quản trị cho bất động sản của [ID: 52] bởi[1: admin ]', '2017-08-01 09:14:58'),
(100, NULL, 1, 'Cập nhật gười quản trị cho bất động sản của [ID: 52] bởi[1: admin ]', '2017-08-01 09:15:15'),
(101, NULL, 1, 'Cập nhật gười quản trị cho bất động sản của [ID: 52] bởi[1: admin ]', '2017-08-01 09:15:20'),
(102, NULL, 1, 'Cập nhật gười quản trị cho bất động sản của [ID: 52] bởi[1: admin ]', '2017-08-01 09:15:24'),
(103, NULL, 1, 'Cập nhật gười quản trị cho bất động sản của [ID: 52] bởi[1: admin ]', '2017-08-01 09:15:42'),
(104, NULL, 1, 'Cập nhật gười quản trị cho bất động sản của [ID: 52] bởi[1: admin ]', '2017-08-01 09:15:49'),
(105, NULL, 1, 'Cập nhật gười quản trị cho bất động sản của [ID: 52] bởi[1: admin ]', '2017-08-01 09:15:53'),
(106, NULL, 1, 'Cập nhật gười quản trị cho bất động sản của [ID: 52] bởi[1: admin ]', '2017-08-01 09:15:56'),
(107, NULL, 1, 'Cập nhật gười quản trị cho bất động sản của [ID: 52] bởi[1: admin ]', '2017-08-01 09:16:00'),
(108, NULL, 1, 'Cập nhật gười quản trị cho bất động sản của [ID: 52] bởi[1: admin ]', '2017-08-01 09:16:29'),
(109, NULL, 1, 'Cập nhật gười quản trị cho bất động sản của [ID: 52] bởi[1: admin ]', '2017-08-01 09:48:48'),
(110, NULL, 1, 'Cập nhật gười quản trị cho bất động sản của [ID: 52] bởi[1: admin ]', '2017-08-01 09:48:57'),
(111, NULL, 1, 'Cập nhật gười quản trị cho bất động sản của [ID: 52] bởi[1: admin ]', '2017-08-01 09:49:02'),
(112, NULL, 1, 'Cập nhật gười quản trị cho bất động sản của [ID: 52] bởi[1: admin ]', '2017-08-01 09:49:06'),
(113, NULL, 1, 'Cập nhật gười quản trị cho bất động sản của [ID: 52] bởi[1: admin ]', '2017-08-01 09:49:11'),
(114, 52, 1, 'Cập nhật bất động sản 52 bởi[1: admin ]', '2017-08-01 09:55:07'),
(115, NULL, 1, 'Cập nhật gười quản trị cho bất động sản của [ID: 52] bởi[1: admin ]', '2017-08-02 13:45:46'),
(116, 52, 1, 'Xóa  Chủ sở hữu[ID: 7] bởi[1: admin ]', '2017-08-02 13:58:42'),
(117, NULL, 1, 'Xóa dữ liệu Chủ sở hữu[ID: 11]bởi[1: admin ]', '2017-08-02 13:58:51'),
(118, NULL, 1, 'Xóa dữ liệu Nhật ký cuộc gọi[ID: 63]bởi[1: admin ]', '2017-08-02 14:00:06'),
(119, NULL, 1, 'Xóa dữ liệu Chủ sở hữu[ID: 7]bởi[1: admin ]', '2017-08-02 14:01:26'),
(120, NULL, 1, 'Xóa dữ liệu Chủ sở hữu[ID: 11]bởi[1: admin ]', '2017-08-02 14:01:26'),
(121, NULL, 1, 'Xóa dữ liệu Chủ sở hữu[ID: 7]bởi[1: admin ]', '2017-08-02 14:02:22'),
(122, NULL, 1, 'Xóa dữ liệu Chủ sở hữu[ID: 11]bởi[1: admin ]', '2017-08-02 14:03:06'),
(123, NULL, 1, 'Xóa dữ liệu Chủ sở hữu[ID: 7]bởi[1: admin ]', '2017-08-02 14:04:30'),
(124, 52, 1, 'Xóa  Chủ sở hữu[ID: 11] bởi[1: admin ]', '2017-08-02 14:05:42'),
(125, NULL, 1, 'Xóa dữ liệu Chủ sở hữu[ID: 7]bởi[1: admin ]', '2017-08-02 14:06:03'),
(126, NULL, 1, 'Xóa dữ liệu Chủ sở hữu[ID: 11]bởi[1: admin ]', '2017-08-02 14:07:23'),
(127, 52, 1, 'Xóa dữ liệu Chủ sở hữu[ID: 11]bởi[1: admin ]', '2017-08-02 14:09:59'),
(128, 52, 1, 'Xóa dữ liệu Chủ sở hữu[ID: 7]bởi[1: admin ]', '2017-08-02 14:10:21'),
(129, 52, 1, 'Xóa dữ liệu Nhật ký cuộc gọi[ID: 63]bởi[1: admin ]', '2017-08-02 14:11:00'),
(130, 52, 1, 'Cập nhật bất động sản 52 bởi[1: admin ]', '2017-08-02 16:30:47'),
(131, 54, 1, 'Cập nhật bất động sản 54 bởi[1: admin ]', '2017-08-02 16:30:54'),
(132, 56, 1, 'Cập nhật bất động sản 56 bởi[1: admin ]', '2017-08-02 16:47:17'),
(133, 55, 1, 'Upload file apartment_for_rent_honeycomb_house-30.png bởi[1: admin ]', '2017-08-03 08:51:20'),
(134, 55, 1, 'Xóa file [70] bởi[1: admin ]', '2017-08-03 08:51:47'),
(135, 55, 1, 'Cập nhật bất động sản 55 bởi[1: admin ]', '2017-08-03 17:17:49'),
(136, 55, 1, 'Upload file apartment_for_rent_honeycomb_house-31.png bởi[1: admin ]', '2017-08-05 09:36:37'),
(137, 55, 1, 'Chuyển trạng thái bất động sản  đã bán55 bởi[1: admin ]', '2017-08-05 10:49:24'),
(138, 56, 1, 'Chuyển trạng thái bất động sản  đã bán56 bởi[1: admin ]', '2017-08-05 12:10:53'),
(139, 55, 1, 'Cập nhật bất động sản 55 bởi[1: admin ]', '2017-08-07 11:28:55'),
(140, 55, 1, 'Chuyển trạng thái sản phẩm  [55] bởi[1: admin ]', '2017-08-09 08:48:33'),
(141, 55, 1, 'Chuyển trạng thái sản phẩm  Bán[55] bởi[1: admin ]', '2017-08-09 08:48:43'),
(142, 57, 1, 'Chuyển trạng thái sản phẩm  [57] bởi[1: admin ]', '2017-08-09 09:30:34'),
(143, 55, 1, 'Chuyển trạng thái sản phẩm  Thuê[55] bởi[1: admin ]', '2017-08-09 09:30:47'),
(144, 55, 1, 'Chuyển trạng thái sản phẩm  Thuê[55] bởi[1: admin ]', '2017-08-09 10:44:00'),
(145, 60, 1, 'Cập nhật bất động sản 60 bởi[1: admin ]', '2017-08-09 15:11:19'),
(146, 60, 1, 'Cập nhật bất động sản 60 bởi[1: admin ]', '2017-08-09 15:18:43'),
(147, 60, 1, 'Cập nhật bất động sản 60 bởi[1: admin ]', '2017-08-09 15:38:48'),
(148, 60, 1, 'Cập nhật bất động sản 60 bởi[1: admin ]', '2017-08-09 15:42:39'),
(149, 63, 1, 'Cập nhật bất động sản 63 bởi[1: admin ]', '2017-08-09 15:53:13'),
(150, 63, 1, 'Cập nhật bất động sản 63 bởi[1: admin ]', '2017-08-09 15:55:46'),
(151, 56, 1, 'Chuyển trạng thái sản phẩm  [56] bởi[1: admin ]', '2017-08-09 17:03:54'),
(152, 55, 1, 'Chuyển trạng thái sản phẩm  Thuê[55] bởi[1: admin ]', '2017-08-10 10:48:30'),
(153, 55, 1, 'Upload file Quy-trinh-quan-tri-san-xuat-1.png bởi[1: admin ]', '2017-08-10 11:57:01'),
(154, 55, 1, 'Xóa file [71] bởi[1: admin ]', '2017-08-10 11:57:03'),
(155, 55, 1, 'Xóa file [70] bởi[1: admin ]', '2017-08-10 11:57:06'),
(156, 55, 1, 'Chuyển trạng thái sản phẩm  Thuê[55] bởi[1: admin ]', '2017-08-10 15:50:40'),
(157, 57, 1, 'Chuyển trạng thái sản phẩm  [57] bởi[1: admin ]', '2017-08-10 16:40:55'),
(158, 60, 1, 'Chuyển trạng thái sản phẩm  [60] bởi[1: admin ]', '2017-08-10 16:42:42'),
(159, 60, 1, 'Chuyển trạng thái sản phẩm  [60] bởi[1: admin ]', '2017-08-10 16:42:43'),
(160, 60, 1, 'Chuyển trạng thái sản phẩm  [60] bởi[1: admin ]', '2017-08-10 16:42:43'),
(161, 62, 1, 'Chuyển trạng thái sản phẩm  [62] bởi[1: admin ]', '2017-08-11 14:49:30'),
(162, 63, 1, 'Chuyển trạng thái sản phẩm  [63] bởi[1: admin ]', '2017-08-11 14:49:59'),
(163, 62, 1, 'Chuyển trạng thái sản phẩm  [62] bởi[1: admin ]', '2017-08-11 14:50:36'),
(164, 60, 1, 'Cập nhật bất động sản 60 bởi[1: admin ]', '2017-08-11 15:51:40'),
(165, 58, 1, 'Chuyển trạng thái sản phẩm  [58] bởi[1: admin ]', '2017-08-11 17:38:12'),
(166, 57, 1, 'Chuyển trạng thái sản phẩm  [57] bởi[1: admin ]', '2017-08-12 10:26:31'),
(167, 55, 1, 'Chuyển trạng thái sản phẩm  Thuê[55] bởi[1: admin ]', '2017-08-12 12:19:41'),
(168, 56, 1, 'Chuyển trạng thái sản phẩm  [56] bởi[1: admin ]', '2017-08-14 11:02:39'),
(169, 56, 1, 'Chuyển trạng thái sản phẩm  [56] bởi[1: admin ]', '2017-08-14 11:02:51'),
(170, 56, 1, 'Chuyển trạng thái sản phẩm  [56] bởi[1: admin ]', '2017-08-14 11:04:27'),
(171, 58, 1, 'Chuyển trạng thái sản phẩm  [58] bởi[1: admin ]', '2017-08-14 11:06:10'),
(172, 58, 1, 'Chuyển trạng thái sản phẩm  [58] bởi[1: admin ]', '2017-08-14 11:06:11'),
(173, 55, 1, 'Upload file bst-hinh-anh-phong-canh-thien-nhien-tuyet-dep-lang-man-tho-mong-hung-vi-nhat-the-gioi-1-2.jpeg bởi[1: admin ]', '2017-08-14 11:36:50'),
(174, 55, 1, 'Upload file bst-hinh-anh-phong-canh-thien-nhien-tuyet-dep-lang-man-tho-mong-hung-vi-nhat-the-gioi-1-3.jpeg bởi[1: admin ]', '2017-08-14 11:37:08'),
(175, 57, 1, 'Chuyển trạng thái sản phẩm  [57] bởi[1: admin ]', '2017-08-14 14:19:18'),
(176, 63, 1, 'Upload file bst-hinh-anh-phong-canh-thien-nhien-tuyet-dep-lang-man-tho-mong-hung-vi-nhat-the-gioi-1-4.jpeg bởi[1: admin ]', '2017-08-14 15:12:22'),
(177, 63, 1, 'Upload file bst-hinh-anh-phong-canh-thien-nhien-tuyet-dep-lang-man-tho-mong-hung-vi-nhat-the-gioi-1-5.jpeg bởi[1: admin ]', '2017-08-14 15:14:59'),
(178, 63, 1, 'Upload file bst-hinh-anh-phong-canh-thien-nhien-tuyet-dep-lang-man-tho-mong-hung-vi-nhat-the-gioi-1-6.jpeg bởi[1: admin ]', '2017-08-14 15:23:38'),
(179, 63, 1, 'Upload file bst-hinh-anh-phong-canh-thien-nhien-tuyet-dep-lang-man-tho-mong-hung-vi-nhat-the-gioi-1-7.jpeg bởi[1: admin ]', '2017-08-14 15:23:42'),
(180, 63, 1, 'Upload file bst-hinh-anh-phong-canh-thien-nhien-tuyet-dep-lang-man-tho-mong-hung-vi-nhat-the-gioi-1-8.jpeg bởi[1: admin ]', '2017-08-14 15:23:47'),
(181, 63, 1, 'Upload file bst-hinh-anh-phong-canh-thien-nhien-tuyet-dep-lang-man-tho-mong-hung-vi-nhat-the-gioi-1-9.jpeg bởi[1: admin ]', '2017-08-14 15:28:12'),
(182, 63, 1, 'Upload file bst-hinh-anh-phong-canh-thien-nhien-tuyet-dep-lang-man-tho-mong-hung-vi-nhat-the-gioi-1-10.jpeg bởi[1: admin ]', '2017-08-14 15:28:33'),
(183, 63, 1, 'Upload file bst-hinh-anh-phong-canh-thien-nhien-tuyet-dep-lang-man-tho-mong-hung-vi-nhat-the-gioi-1-11.jpeg bởi[1: admin ]', '2017-08-14 15:30:49'),
(184, 63, 1, 'Upload file bst-hinh-anh-phong-canh-thien-nhien-tuyet-dep-lang-man-tho-mong-hung-vi-nhat-the-gioi-1-12.jpeg bởi[1: admin ]', '2017-08-14 15:30:56'),
(185, 63, 1, 'Upload file bst-hinh-anh-phong-canh-thien-nhien-tuyet-dep-lang-man-tho-mong-hung-vi-nhat-the-gioi-1-13.jpeg bởi[1: admin ]', '2017-08-14 15:32:18'),
(186, 63, 1, 'Upload file bst-hinh-anh-phong-canh-thien-nhien-tuyet-dep-lang-man-tho-mong-hung-vi-nhat-the-gioi-1-14.jpeg bởi[1: admin ]', '2017-08-14 15:35:54'),
(187, 63, 1, 'Upload file bst-hinh-anh-phong-canh-thien-nhien-tuyet-dep-lang-man-tho-mong-hung-vi-nhat-the-gioi-1-15.jpeg bởi[1: admin ]', '2017-08-14 15:37:51'),
(188, 63, 1, 'Upload file bst-hinh-anh-phong-canh-thien-nhien-tuyet-dep-lang-man-tho-mong-hung-vi-nhat-the-gioi-1-16.jpeg bởi[1: admin ]', '2017-08-14 15:38:32'),
(189, 63, 1, 'Xóa file [80] bởi[1: admin ]', '2017-08-14 15:38:36'),
(190, 63, 1, 'Xóa file [83] bởi[1: admin ]', '2017-08-14 15:38:40'),
(191, 63, 1, 'Xóa file [81] bởi[1: admin ]', '2017-08-14 15:38:46'),
(192, 63, 1, 'Xóa file [82] bởi[1: admin ]', '2017-08-14 15:38:47'),
(193, 63, 1, 'Xóa file [79] bởi[1: admin ]', '2017-08-14 15:38:49'),
(194, 63, 1, 'Upload file bst-hinh-anh-phong-canh-thien-nhien-tuyet-dep-lang-man-tho-mong-hung-vi-nhat-the-gioi-1-17.jpeg bởi[1: admin ]', '2017-08-14 15:43:02'),
(195, 63, 1, 'Xóa file [84] bởi[1: admin ]', '2017-08-14 15:44:04'),
(196, 63, 1, 'Upload file bst-hinh-anh-phong-canh-thien-nhien-tuyet-dep-lang-man-tho-mong-hung-vi-nhat-the-gioi-1-18.jpeg bởi[1: admin ]', '2017-08-14 15:45:05'),
(197, 63, 1, 'Thêm video mới 87 bởi[1: admin ]', '2017-08-14 15:45:18'),
(198, 55, 1, 'Upload file bst-hinh-anh-phong-canh-thien-nhien-tuyet-dep-lang-man-tho-mong-hung-vi-nhat-the-gioi-1-19.jpeg bởi[1: admin ]', '2017-08-14 15:55:58'),
(199, 55, 1, 'Upload file blank-6.gif bởi[1: admin ]', '2017-08-14 16:18:07'),
(200, 55, 1, 'Upload file bst-hinh-anh-phong-canh-thien-nhien-tuyet-dep-lang-man-tho-mong-hung-vi-nhat-the-gioi-1-20.jpeg bởi[1: admin ]', '2017-08-14 16:18:07'),
(201, 55, 1, 'Upload file logo-1.png bởi[1: admin ]', '2017-08-14 16:18:21'),
(202, 55, 1, 'Upload file bst-hinh-anh-phong-canh-thien-nhien-tuyet-dep-lang-man-tho-mong-hung-vi-nhat-the-gioi-1-21.jpeg bởi[1: admin ]', '2017-08-14 16:18:21'),
(203, 55, 1, 'Xóa file [91] bởi[1: admin ]', '2017-08-14 16:18:28'),
(204, 55, 1, 'Xóa file [92] bởi[1: admin ]', '2017-08-14 16:18:29'),
(205, 55, 1, 'Xóa file [90] bởi[1: admin ]', '2017-08-14 16:18:31'),
(206, 55, 1, 'Xóa file [89] bởi[1: admin ]', '2017-08-14 16:18:32'),
(207, 55, 1, 'Xóa file [88] bởi[1: admin ]', '2017-08-14 16:18:34'),
(208, 55, 1, 'Xóa file [71] bởi[1: admin ]', '2017-08-14 16:18:36'),
(209, 55, 1, 'Upload file apartment_for_rent_honeycomb_house-32.png bởi[1: admin ]', '2017-08-14 16:19:41'),
(210, 55, 1, 'Upload file bst-hinh-anh-phong-canh-thien-nhien-tuyet-dep-lang-man-tho-mong-hung-vi-nhat-the-gioi-1-22.jpeg bởi[1: admin ]', '2017-08-14 16:19:41'),
(211, 55, 1, 'Xóa file [93] bởi[1: admin ]', '2017-08-14 16:19:56'),
(212, 55, 1, 'Xóa file [70] bởi[1: admin ]', '2017-08-14 16:19:57'),
(213, 55, 1, 'Xóa file [94] bởi[1: admin ]', '2017-08-14 16:19:58'),
(214, 55, 1, 'Upload file bst-hinh-anh-phong-canh-thien-nhien-tuyet-dep-lang-man-tho-mong-hung-vi-nhat-the-gioi-1-23.jpeg bởi[1: admin ]', '2017-08-14 16:20:05'),
(215, 55, 1, 'Upload file apartment_for_rent_honeycomb_house-33.png bởi[1: admin ]', '2017-08-14 16:20:05'),
(216, 55, 1, 'Upload file logo-2.png bởi[1: admin ]', '2017-08-14 16:20:05'),
(217, 55, 1, 'Upload file logo-3.png bởi[1: admin ]', '2017-08-14 16:22:09'),
(218, 55, 1, 'Upload file bst-hinh-anh-phong-canh-thien-nhien-tuyet-dep-lang-man-tho-mong-hung-vi-nhat-the-gioi-1-24.jpeg bởi[1: admin ]', '2017-08-14 16:22:09'),
(219, 55, 1, 'Upload file logo-4.png bởi[1: admin ]', '2017-08-14 16:22:44'),
(220, 55, 1, 'Upload file bst-hinh-anh-phong-canh-thien-nhien-tuyet-dep-lang-man-tho-mong-hung-vi-nhat-the-gioi-1-25.jpeg bởi[1: admin ]', '2017-08-14 16:22:45'),
(221, 55, 1, 'Xóa file [98] bởi[1: admin ]', '2017-08-14 16:23:09'),
(222, 55, 1, 'Xóa file [99] bởi[1: admin ]', '2017-08-14 16:23:10'),
(223, 55, 1, 'Xóa file [100] bởi[1: admin ]', '2017-08-14 16:23:10'),
(224, 55, 1, 'Xóa file [101] bởi[1: admin ]', '2017-08-14 16:23:12'),
(225, 55, 1, 'Xóa file [97] bởi[1: admin ]', '2017-08-14 16:23:13'),
(226, 55, 1, 'Xóa file [96] bởi[1: admin ]', '2017-08-14 16:23:14'),
(227, 55, 1, 'Xóa file [95] bởi[1: admin ]', '2017-08-14 16:23:15'),
(228, 55, 1, 'Upload file apartment_for_rent_honeycomb_house-34.png bởi[1: admin ]', '2017-08-14 16:23:21'),
(229, 55, 1, 'Upload file bst-hinh-anh-phong-canh-thien-nhien-tuyet-dep-lang-man-tho-mong-hung-vi-nhat-the-gioi-1-26.jpeg bởi[1: admin ]', '2017-08-14 16:23:21'),
(230, 55, 1, 'Upload file logo-5.png bởi[1: admin ]', '2017-08-14 16:23:22'),
(231, 55, 1, 'Upload file bst-hinh-anh-phong-canh-thien-nhien-tuyet-dep-lang-man-tho-mong-hung-vi-nhat-the-gioi-1-27.jpeg bởi[1: admin ]', '2017-08-14 16:24:18'),
(232, 55, 1, 'Upload file logo-6.png bởi[1: admin ]', '2017-08-14 16:24:18'),
(233, 55, 1, 'Xóa file [104] bởi[1: admin ]', '2017-08-14 16:24:27'),
(234, 55, 1, 'Xóa file [106] bởi[1: admin ]', '2017-08-14 16:24:29'),
(235, 55, 1, 'Xóa file [103] bởi[1: admin ]', '2017-08-14 16:24:30'),
(236, 55, 1, 'Xóa file [102] bởi[1: admin ]', '2017-08-14 16:24:32'),
(237, 55, 1, 'Upload file apartment_for_rent_honeycomb_house-35.png bởi[1: admin ]', '2017-08-14 16:25:07'),
(238, 55, 1, 'Upload file bst-hinh-anh-phong-canh-thien-nhien-tuyet-dep-lang-man-tho-mong-hung-vi-nhat-the-gioi-1-28.jpeg bởi[1: admin ]', '2017-08-14 16:25:07'),
(239, 55, 1, 'Xóa file [107] bởi[1: admin ]', '2017-08-14 16:25:22'),
(240, 55, 1, 'Xóa file [105] bởi[1: admin ]', '2017-08-14 16:25:23'),
(241, 55, 1, 'Xóa file [108] bởi[1: admin ]', '2017-08-14 16:25:24'),
(242, 55, 1, 'Upload file logo-7.png bởi[1: admin ]', '2017-08-14 16:26:00'),
(243, 55, 1, 'Upload file bst-hinh-anh-phong-canh-thien-nhien-tuyet-dep-lang-man-tho-mong-hung-vi-nhat-the-gioi-1-29.jpeg bởi[1: admin ]', '2017-08-14 16:26:00'),
(244, 55, 1, 'Upload file bst-hinh-anh-phong-canh-thien-nhien-tuyet-dep-lang-man-tho-mong-hung-vi-nhat-the-gioi-1-30.jpeg bởi[1: admin ]', '2017-08-14 16:26:16'),
(245, 55, 1, 'Upload file apartment_for_rent_honeycomb_house-36.png bởi[1: admin ]', '2017-08-14 16:26:16'),
(246, 55, 1, 'Xóa file [112] bởi[1: admin ]', '2017-08-14 16:26:20'),
(247, 55, 1, 'Xóa file [111] bởi[1: admin ]', '2017-08-14 16:26:21'),
(248, 55, 1, 'Xóa file [110] bởi[1: admin ]', '2017-08-14 16:26:22'),
(249, 55, 1, 'Xóa file [109] bởi[1: admin ]', '2017-08-14 16:26:24'),
(250, 55, 1, 'Upload file logo-8.png bởi[1: admin ]', '2017-08-14 16:30:52'),
(251, 55, 1, 'Upload file bst-hinh-anh-phong-canh-thien-nhien-tuyet-dep-lang-man-tho-mong-hung-vi-nhat-the-gioi-1-31.jpeg bởi[1: admin ]', '2017-08-14 16:30:52'),
(252, 55, 1, 'Thêm video mới 115 bởi[1: admin ]', '2017-08-15 08:24:45'),
(253, NULL, 1, 'Cập nhật gười quản trị cho bất động sản của [ID: 55] bởi[1: admin ]', '2017-08-15 09:37:30'),
(254, NULL, 1, 'Cập nhật gười quản trị cho bất động sản của [ID: 55] bởi[1: admin ]', '2017-08-15 09:39:27'),
(255, 55, 1, 'Upload file bst-hinh-anh-phong-canh-thien-nhien-tuyet-dep-lang-man-tho-mong-hung-vi-nhat-the-gioi-1-32.jpeg bởi[1: admin ]', '2017-08-15 09:41:39'),
(256, NULL, 1, 'Xóa người quản trị  [ID: ()]bởi[1: admin ]', '2017-08-15 09:41:58'),
(257, NULL, 1, 'Cập nhật gười quản trị cho bất động sản của [ID: 55] bởi[1: admin ]', '2017-08-15 09:43:24'),
(258, 56, 1, 'Chuyển trạng thái sản phẩm  [56] bởi[1: admin ]', '2017-08-16 11:31:44'),
(259, 59, 1, 'Chuyển trạng thái sản phẩm  [59] bởi[1: admin ]', '2017-08-16 11:48:37'),
(260, 59, 1, 'Chuyển trạng thái sản phẩm  [59] bởi[1: admin ]', '2017-08-16 11:48:50'),
(261, 55, 1, 'Xóa file [116] bởi[1: admin ]', '2017-08-18 08:51:40'),
(262, 55, 1, 'Xóa file [114] bởi[1: admin ]', '2017-08-18 08:51:41'),
(263, 55, 1, 'Upload file bst-hinh-anh-phong-canh-thien-nhien-tuyet-dep-lang-man-tho-mong-hung-vi-nhat-the-gioi-1-33.jpeg bởi[1: admin ]', '2017-08-19 09:26:25'),
(264, 55, 1, 'Upload file bst-hinh-anh-phong-canh-thien-nhien-tuyet-dep-lang-man-tho-mong-hung-vi-nhat-the-gioi-1-34.jpeg bởi[1: admin ]', '2017-08-19 09:26:36'),
(265, 56, 1, 'Upload file bst-hinh-anh-phong-canh-thien-nhien-tuyet-dep-lang-man-tho-mong-hung-vi-nhat-the-gioi-1-35.jpeg bởi[1: admin ]', '2017-08-19 11:54:36'),
(266, 56, 1, 'Upload file bst-hinh-anh-phong-canh-thien-nhien-tuyet-dep-lang-man-tho-mong-hung-vi-nhat-the-gioi-1-36.jpeg bởi[1: admin ]', '2017-08-19 12:00:36'),
(267, 60, 1, 'Cập nhật bất động sản 60 bởi[1: admin ]', '2017-08-24 10:45:13'),
(268, 60, 1, 'Cập nhật bất động sản 60 bởi[1: admin ]', '2017-08-24 10:58:41'),
(269, 60, 1, 'Cập nhật bất động sản 60 bởi[1: admin ]', '2017-08-24 10:58:54'),
(270, 60, 1, 'Cập nhật bất động sản 60 bởi[1: admin ]', '2017-08-24 14:36:14'),
(271, 65, 1, 'Cập nhật bất động sản 65 bởi[1: admin ]', '2017-08-24 14:36:30'),
(272, 55, 1, 'Upload file logo-9.png bởi[1: admin ]', '2017-08-24 15:05:23'),
(273, 56, 1, 'Cập nhật bất động sản 56 bởi[1: admin ]', '2017-08-25 09:53:28'),
(274, 66, 1, 'Cập nhật bất động sản 66 bởi[1: admin ]', '2017-08-25 09:53:42'),
(275, 56, 1, 'Chuyển trạng thái chủ sở hữu [13] là chủ sở hữu chính bởi[1: admin ]', '2017-08-25 13:36:39'),
(276, 56, 1, 'Chuyển trạng thái chủ sở hữu [13] là chủ sở hữu chính bởi[1: admin ]', '2017-08-25 13:36:42'),
(277, 56, 1, 'Chuyển trạng thái chủ sở hữu [13] là chủ sở hữu phụ  bởi[1: admin ]', '2017-08-25 13:36:49'),
(278, 56, 1, 'Chuyển trạng thái chủ sở hữu [13] là chủ sở hữu chính bởi[1: admin ]', '2017-08-25 13:37:43'),
(279, 56, 1, 'Xóa  Chủ sở hữu[ID: 19] bởi[1: admin ]', '2017-08-25 13:50:10'),
(280, 56, 1, 'Xóa  Chủ sở hữu[ID: 20] bởi[1: admin ]', '2017-08-25 13:53:28'),
(281, 56, 1, 'Cập nhật chủ sở hữu [13] bởi[1: admin ]', '2017-08-25 14:16:37'),
(282, 56, 1, 'Cập nhật chủ sở hữu [14] bởi[1: admin ]', '2017-08-25 14:17:16'),
(283, 56, 1, 'Cập nhật chủ sở hữu [14] bởi[1: admin ]', '2017-08-25 14:19:25'),
(284, 60, 1, 'Cập nhật gười quản trị cho bất động sản của [ID: 60] bởi[1: admin ]', '2017-08-25 16:25:15'),
(285, 55, 1, 'Xóa dữ liệu Nhật ký cuộc gọi[ID: 67]bởi[1: admin ]', '2017-08-28 09:26:19'),
(286, 55, 1, 'Xóa dữ liệu Nhật ký cuộc gọi[ID: 69]bởi[1: admin ]', '2017-08-28 09:26:19'),
(287, 56, 1, 'Cập nhật chủ sở hữu [14] bởi[1: admin ]', '2017-08-29 11:17:59'),
(288, 56, 1, 'Cập nhật chủ sở hữu [14] bởi[1: admin ]', '2017-08-29 11:41:30'),
(289, 56, 1, 'Cập nhật bất động sản 56 bởi[1: admin ]', '2017-08-29 14:53:03'),
(290, 56, 1, 'Chuyển trạng thái chủ sở hữu [14] là chủ sở hữu chính bởi[1: admin ]', '2017-08-31 08:36:14'),
(291, 56, 1, 'Cập nhật chủ sở hữu [13] bởi[1: admin ]', '2017-08-31 09:04:41'),
(292, 56, 1, 'Cập nhật chủ sở hữu [13] bởi[1: admin ]', '2017-08-31 09:04:58'),
(293, 13, 1, 'Upload file master Capture-.png bởi[1: admin ]', '2017-08-31 10:55:42'),
(294, 14, 1, 'Upload file master logo-26.png bởi[1: admin ]', '2017-08-31 10:59:14'),
(295, 14, 1, 'Upload file master Capture--.png bởi[1: admin ]', '2017-08-31 10:59:26'),
(296, 13, 1, 'Upload file master logo-27.png bởi[1: admin ]', '2017-08-31 11:03:53'),
(297, 13, 1, 'Upload file master bst-hinh-anh-phong-canh-thien-nhien-tuyet-dep-lang-man-tho-mong-hung-vi-nhat-the-gioi-1-52.jpeg bởi[1: admin ]', '2017-08-31 11:03:57'),
(298, 13, 1, 'Upload file master bst-hinh-anh-phong-canh-thien-nhien-tuyet-dep-lang-man-tho-mong-hung-vi-nhat-the-gioi-1-53.jpeg bởi[1: admin ]', '2017-08-31 11:04:14'),
(299, 56, 1, 'Cập nhật chủ sở hữu [14] bởi[1: admin ]', '2017-08-31 11:23:44'),
(300, 56, 1, 'Cập nhật chủ sở hữu [13] bởi[1: admin ]', '2017-08-31 11:25:26'),
(301, 56, 1, 'Cập nhật chủ sở hữu [15] bởi[1: admin ]', '2017-08-31 14:15:49'),
(302, 56, 1, 'Cập nhật chủ sở hữu [13] bởi[1: admin ]', '2017-08-31 14:27:51'),
(303, 56, 1, 'Chuyển trạng thái chủ sở hữu [15] là chủ sở hữu chính bởi[1: admin ]', '2017-08-31 14:51:49'),
(304, 56, 1, 'Cập nhật chủ sở hữu [15] bởi[1: admin ]', '2017-08-31 16:25:36'),
(305, 56, 1, 'Cập nhật chủ sở hữu [15] bởi[1: admin ]', '2017-08-31 16:33:57'),
(306, 56, 1, 'Cập nhật chủ sở hữu [15] bởi[1: admin ]', '2017-08-31 16:35:34'),
(307, 56, 1, 'Cập nhật chủ sở hữu [15] bởi[1: admin ]', '2017-08-31 16:36:58'),
(308, 56, 1, 'Cập nhật chủ sở hữu [15] bởi[1: admin ]', '2017-08-31 16:39:00'),
(309, 56, 1, 'Cập nhật chủ sở hữu [15] bởi[1: admin ]', '2017-08-31 16:40:07'),
(310, 56, 1, 'Cập nhật chủ sở hữu [15] bởi[1: admin ]', '2017-08-31 16:40:41'),
(311, 56, 1, 'Cập nhật chủ sở hữu [15] bởi[1: admin ]', '2017-08-31 16:41:23'),
(312, 56, 1, 'Cập nhật chủ sở hữu [15] bởi[1: admin ]', '2017-08-31 16:42:40'),
(313, 56, 1, 'Cập nhật chủ sở hữu [15] bởi[1: admin ]', '2017-08-31 16:44:11'),
(314, 56, 1, 'Cập nhật chủ sở hữu [18] bởi[1: admin ]', '2017-08-31 16:51:30'),
(315, 56, 1, 'Cập nhật chủ sở hữu [18] bởi[1: admin ]', '2017-08-31 16:51:48'),
(316, 56, 1, 'Cập nhật chủ sở hữu [23] bởi[1: admin ]', '2017-08-31 17:00:11'),
(317, 56, 1, 'Cập nhật chủ sở hữu [23] bởi[1: admin ]', '2017-08-31 17:00:18'),
(318, 66, 1, 'Chuyển trạng thái chủ sở hữu [2] là chủ sở hữu chính bởi[1: admin ]', '2017-09-05 10:45:50'),
(319, 66, 1, 'Chuyển trạng thái chủ sở hữu [2] là chủ sở hữu phụ  bởi[1: admin ]', '2017-09-05 10:51:34'),
(320, 66, 1, 'Chuyển trạng thái chủ sở hữu [2] là chủ sở hữu chính bởi[1: admin ]', '2017-09-05 10:51:39'),
(321, 66, 1, 'Chuyển trạng thái chủ sở hữu [2] là chủ sở hữu phụ  bởi[1: admin ]', '2017-09-05 10:54:20'),
(322, 66, 1, 'Chuyển trạng thái chủ sở hữu [2] là chủ sở hữu chính bởi[1: admin ]', '2017-09-05 11:04:37'),
(323, 66, 1, 'Chuyển trạng thái chủ sở hữu [2] là chủ sở hữu phụ  bởi[1: admin ]', '2017-09-05 11:05:24'),
(324, 66, 1, 'Chuyển trạng thái chủ sở hữu [2] là chủ sở hữu chính bởi[1: admin ]', '2017-09-05 11:05:26'),
(325, 55, 1, 'Cập nhật chủ sở hữu [8] bởi[1: admin ]', '2017-09-05 14:26:48'),
(326, 55, 1, 'Cập nhật chủ sở hữu [8] bởi[1: admin ]', '2017-09-05 14:27:08'),
(327, 55, 1, 'Chuyển trạng thái chủ sở hữu [12] là chủ sở hữu chính bởi[1: admin ]', '2017-09-05 14:31:47'),
(328, 55, 1, 'Chuyển trạng thái chủ sở hữu [12] là chủ sở hữu phụ  bởi[1: admin ]', '2017-09-05 14:31:51'),
(329, 55, 1, 'Chuyển trạng thái chủ sở hữu [12] là chủ sở hữu chính bởi[1: admin ]', '2017-09-05 14:31:54'),
(330, 66, 1, 'Chuyển trạng thái chủ sở hữu [2] là chủ sở hữu chính bởi[1: admin ]', '2017-09-05 14:35:19'),
(331, 66, 1, 'Chuyển trạng thái chủ sở hữu [5] là chủ sở hữu chính bởi[1: admin ]', '2017-09-05 14:35:47'),
(332, 66, 1, 'Chuyển trạng thái chủ sở hữu [5] là chủ sở hữu phụ  bởi[1: admin ]', '2017-09-05 14:35:49'),
(333, 66, 1, 'Cập nhật chủ sở hữu [1] bởi[1: admin ]', '2017-09-05 14:45:24'),
(334, 66, 1, 'Cập nhật chủ sở hữu [1] bởi[1: admin ]', '2017-09-05 14:45:45'),
(335, 66, 1, 'Cập nhật chủ sở hữu [2] bởi[1: admin ]', '2017-09-05 14:47:22'),
(336, 66, 1, 'Chuyển trạng thái chủ sở hữu [14] là chủ sở hữu chính bởi[1: admin ]', '2017-09-05 14:51:16'),
(337, 66, 1, 'Chuyển trạng thái chủ sở hữu [14] là chủ sở hữu phụ  bởi[1: admin ]', '2017-09-05 14:51:19'),
(338, 66, 1, 'Chuyển trạng thái chủ sở hữu [27] là chủ sở hữu chính bởi[1: admin ]', '2017-09-05 15:46:42'),
(339, 55, 1, 'Chuyển trạng thái chủ sở hữu [65] là chủ sở hữu chính bởi[1: admin ]', '2017-09-05 16:55:39'),
(340, 60, 1, 'Upload file apartment_for_rent_honeycomb_house-1-1.png bởi[1: admin ]', '2017-09-06 10:26:00'),
(341, 60, 1, 'Upload file apartment_for_rent_honeycomb_house-2-1.png bởi[1: admin ]', '2017-09-06 10:26:04'),
(342, 60, 1, 'Upload file apartment_for_rent_honeycomb_house-38.png bởi[1: admin ]', '2017-09-06 10:26:06'),
(343, 60, 1, 'Xóa nhiều file [apartment_for_rent_honeycomb_house-1-1.png,apartment_for_rent_honeycomb_house-2-1.png] bởi[1: admin ]', '2017-09-06 11:04:06'),
(344, 60, 1, 'Xóa nhiều file [apartment_for_rent_honeycomb_house-38.png] bởi[1: admin ]', '2017-09-06 11:06:46'),
(345, 60, 1, 'Upload file apartment_for_rent_honeycomb_house-39.png bởi[1: admin ]', '2017-09-06 11:07:02'),
(346, 60, 1, 'Upload file apartment_for_rent_honeycomb_house-2-2.png bởi[1: admin ]', '2017-09-06 11:07:04'),
(347, 60, 1, 'Upload file apartment_for_rent_honeycomb_house-1-2.png bởi[1: admin ]', '2017-09-06 11:07:06'),
(348, 60, 1, 'Xóa nhiều file [apartment_for_rent_honeycomb_house-39.png,apartment_for_rent_honeycomb_house-2-2.png] bởi[1: admin ]', '2017-09-06 11:07:09'),
(349, 60, 1, 'Xóa nhiều file [apartment_for_rent_honeycomb_house-1-2.png] bởi[1: admin ]', '2017-09-06 11:07:51'),
(350, 60, 1, 'Upload file apartment_for_rent_honeycomb_house-40.png bởi[1: admin ]', '2017-09-06 11:09:57'),
(351, 60, 1, 'Upload file apartment_for_rent_honeycomb_house-2-3.png bởi[1: admin ]', '2017-09-06 11:09:59'),
(352, 60, 1, 'Xóa nhiều file [apartment_for_rent_honeycomb_house-40.png] bởi[1: admin ]', '2017-09-06 11:10:04'),
(353, 60, 1, 'Xóa nhiều file [apartment_for_rent_honeycomb_house-2-3.png] bởi[1: admin ]', '2017-09-06 11:10:16'),
(354, 60, 1, 'Upload file apartment_for_rent_honeycomb_house-1-3.png bởi[1: admin ]', '2017-09-06 11:10:56'),
(355, 60, 1, 'Upload file apartment_for_rent_honeycomb_house-2-4.png bởi[1: admin ]', '2017-09-06 11:10:58'),
(356, 60, 1, 'Upload file apartment_for_rent_honeycomb_house-41.png bởi[1: admin ]', '2017-09-06 11:11:01'),
(357, 60, 1, 'Xóa nhiều file [apartment_for_rent_honeycomb_house-1-3.png] bởi[1: admin ]', '2017-09-06 11:11:58'),
(358, 60, 1, 'Xóa nhiều file [apartment_for_rent_honeycomb_house-2-4.png] bởi[1: admin ]', '2017-09-06 11:12:04'),
(359, 60, 1, 'Upload file apartment_for_rent_honeycomb_house-2-5.png bởi[1: admin ]', '2017-09-06 11:13:03'),
(360, 60, 1, 'Xóa nhiều file [apartment_for_rent_honeycomb_house-2-5.png] bởi[1: admin ]', '2017-09-06 11:13:07'),
(361, 60, 1, 'Upload file apartment_for_rent_honeycomb_house-2-6.png bởi[1: admin ]', '2017-09-06 11:14:11'),
(362, 60, 1, 'Upload file apartment_for_rent_honeycomb_house-1-4.png bởi[1: admin ]', '2017-09-06 11:14:14'),
(363, 60, 1, 'Xóa nhiều file [apartment_for_rent_honeycomb_house-41.png] bởi[1: admin ]', '2017-09-06 11:14:18'),
(364, 60, 1, 'Xóa nhiều file [apartment_for_rent_honeycomb_house-2-6.png] bởi[1: admin ]', '2017-09-06 11:15:15'),
(365, 60, 1, 'Upload file apartment_for_rent_honeycomb_house-2-7.png bởi[1: admin ]', '2017-09-06 11:16:07'),
(366, 60, 1, 'Xóa nhiều file [apartment_for_rent_honeycomb_house-2-7.png] bởi[1: admin ]', '2017-09-06 11:18:16'),
(367, 60, 1, 'Xóa nhiều file [apartment_for_rent_honeycomb_house-1-4.png] bởi[1: admin ]', '2017-09-06 11:25:45'),
(368, 60, 1, 'Upload file apartment_for_rent_honeycomb_house-42.png bởi[1: admin ]', '2017-09-06 11:25:48'),
(369, 60, 1, 'Upload file apartment_for_rent_honeycomb_house-2-8.png bởi[1: admin ]', '2017-09-06 11:25:50'),
(370, 60, 1, 'Upload file apartment_for_rent_honeycomb_house-1-5.png bởi[1: admin ]', '2017-09-06 11:25:52'),
(371, 60, 1, 'Upload file apartment_for_rent_honeycomb_house-43.png bởi[1: admin ]', '2017-09-06 11:25:54'),
(372, 60, 1, 'Xóa nhiều file [apartment_for_rent_honeycomb_house-42.png,apartment_for_rent_honeycomb_house-2-8.png] bởi[1: admin ]', '2017-09-06 11:25:57'),
(373, 60, 1, 'Xóa nhiều file [apartment_for_rent_honeycomb_house-1-5.png] bởi[1: admin ]', '2017-09-06 11:26:22'),
(374, 60, 1, 'Upload file apartment_for_rent_honeycomb_house-2-9.png bởi[1: admin ]', '2017-09-06 11:27:43'),
(375, 60, 1, 'Xóa nhiều file [apartment_for_rent_honeycomb_house-2-9.png] bởi[1: admin ]', '2017-09-06 11:27:46'),
(376, 60, 1, 'Xóa nhiều file [apartment_for_rent_honeycomb_house-43.png] bởi[1: admin ]', '2017-09-06 11:30:05'),
(377, 60, 1, 'Upload file hinh-nen-de-thuong-24-2.jpg bởi[1: admin ]', '2017-09-06 17:01:44'),
(378, 60, 1, 'Upload file hinh-nen-de-thuong-24-3.jpg bởi[1: admin ]', '2017-09-06 17:01:47'),
(379, 65, 1, 'Cập nhật chủ sở hữu [68] bởi[1: admin ]', '2017-09-08 17:20:33'),
(380, 65, 1, 'Cập nhật chủ sở hữu [67] bởi[1: admin ]', '2017-09-08 17:22:17'),
(381, 65, 1, 'Cập nhật chủ sở hữu [67] bởi[1: admin ]', '2017-09-08 17:22:34'),
(382, 55, 1, 'Cập nhật bất động sản 55 bởi[1: admin ]', '2017-09-11 13:26:39'),
(383, 55, 1, 'Chuyển trạng thái chủ sở hữu [70] là chủ sở hữu chính bởi[1: admin ]', '2017-09-11 14:39:37'),
(384, 55, 1, 'Cập nhật bất động sản 55 bởi[1: admin ]', '2017-09-11 14:39:54'),
(385, 55, 1, 'Cập nhật chủ sở hữu [72] bởi[1: admin ]', '2017-09-18 16:47:30'),
(386, 0, 1, 'Xóa  Chủ sở hữu[ID: 72] bởi[1: admin ]', '2017-09-22 17:01:00'),
(387, 55, 1, 'Chuyển trạng thái chủ sở hữu [65] là chủ sở hữu chính bởi[1: admin ]', '2017-10-09 08:51:48'),
(388, 55, 1, 'Xóa  Chủ sở hữu[ID: 65] bởi[1: admin ]', '2017-10-09 16:55:06'),
(389, 55, 1, 'Xóa  Chủ sở hữu[ID: 66] bởi[1: admin ]', '2017-10-09 16:55:12'),
(390, 55, 1, 'Xóa  Chủ sở hữu[ID: 71] bởi[1: admin ]', '2017-10-09 16:55:25'),
(391, 55, 1, 'Xóa  Chủ sở hữu[ID: 65] bởi[1: admin ]', '2017-10-09 16:59:41'),
(392, 55, 1, 'Xóa  Chủ sở hữu[ID: 66] bởi[1: admin ]', '2017-10-09 17:00:12'),
(393, 62, 1, 'Cập nhật bất động sản 62 bởi[1: admin ]', '2017-10-10 10:23:10'),
(394, 55, 1, 'Cập nhật bất động sản 55 bởi[1: admin ]', '2017-10-10 14:37:17'),
(395, 55, 1, 'Cập nhật bất động sản 55 bởi[1: admin ]', '2017-10-10 14:46:09'),
(396, 55, 1, 'Cập nhật bất động sản 55 bởi[1: admin ]', '2017-10-10 14:47:00'),
(397, 55, 1, 'Cập nhật bất động sản 55 bởi[1: admin ]', '2017-10-10 15:16:10'),
(398, 55, 1, 'Cập nhật bất động sản 55 bởi[1: admin ]', '2017-10-10 15:16:27'),
(399, 55, 1, 'Cập nhật bất động sản 55 bởi[1: admin ]', '2017-10-10 15:16:58'),
(400, 55, 1, 'Cập nhật bất động sản 55 bởi[1: admin ]', '2017-10-10 15:17:24'),
(401, 55, 1, 'Thêm video mới 143 bởi[1: admin ]', '2017-10-11 08:54:35'),
(402, 55, 1, 'Chuyển trạng thái chủ sở hữu [71] là chủ sở hữu chính bởi[1: admin ]', '2017-10-31 09:16:05'),
(403, 56, 1, 'Chuyển trạng thái chủ sở hữu [80] là chủ sở hữu chính bởi[1: admin ]', '2017-10-31 11:49:29'),
(404, 55, 1, 'Cập nhật chủ sở hữu [71] bởi[1: admin ]', '2017-11-01 10:37:43'),
(405, 55, 1, 'Xóa  Chủ sở hữu[ID: 71] bởi[1: admin ]', '2017-11-01 10:38:17'),
(406, 55, 1, 'Cập nhật chủ sở hữu [70] bởi[1: admin ]', '2017-11-01 10:38:35'),
(407, 55, 1, 'Chuyển trạng thái chủ sở hữu [70] là chủ sở hữu chính bởi[1: admin ]', '2017-11-01 10:40:25'),
(408, 55, 1, 'Upload file kai-seidler-1.jpg bởi[1: admin ]', '2017-11-01 15:33:53');

-- --------------------------------------------------------

--
-- Cấu trúc bảng cho bảng `tblmaillistscustomfields`
--

CREATE TABLE `tblmaillistscustomfields` (
  `customfieldid` int(11) NOT NULL,
  `listid` int(11) NOT NULL,
  `fieldname` varchar(150) NOT NULL,
  `fieldslug` varchar(100) NOT NULL
) ENGINE=MyISAM DEFAULT CHARSET=utf8;

-- --------------------------------------------------------

--
-- Cấu trúc bảng cho bảng `tblmaillistscustomfieldvalues`
--

CREATE TABLE `tblmaillistscustomfieldvalues` (
  `customfieldvalueid` int(11) NOT NULL,
  `listid` int(11) NOT NULL,
  `customfieldid` int(11) NOT NULL,
  `emailid` int(11) NOT NULL,
  `value` varchar(100) NOT NULL
) ENGINE=MyISAM DEFAULT CHARSET=utf8;

-- --------------------------------------------------------

--
-- Cấu trúc bảng cho bảng `tblmaster_bds`
--

CREATE TABLE `tblmaster_bds` (
  `id` int(11) NOT NULL,
  `type_master` int(11) NOT NULL COMMENT '0= cá nhân, 1= doanh nghiệp,2= doanh nghiệp chính,3 cá nhân chính',
  `code_master` varchar(250) DEFAULT NULL,
  `name` varchar(250) CHARACTER SET utf8 COLLATE utf8_unicode_ci DEFAULT NULL COMMENT 'tên khách hàng',
  `facebook` varchar(250) CHARACTER SET utf8 COLLATE utf8_unicode_ci DEFAULT NULL,
  `birthday` varchar(250) CHARACTER SET utf8 COLLATE utf8_unicode_ci DEFAULT NULL COMMENT 'sinh nhật',
  `company` varchar(250) CHARACTER SET utf8 COLLATE utf8_unicode_ci DEFAULT NULL COMMENT 'tên công ty',
  `hear` varchar(250) CHARACTER SET utf8 COLLATE utf8_unicode_ci DEFAULT NULL COMMENT 'ngành nghề',
  `phonenumber` varchar(250) CHARACTER SET utf8 COLLATE utf8_unicode_ci DEFAULT NULL COMMENT 'số điện thoại',
  `email_master` varchar(100) CHARACTER SET utf8 COLLATE utf8_unicode_ci DEFAULT NULL COMMENT 'email',
  `state` varchar(250) CHARACTER SET utf8 COLLATE utf8_unicode_ci DEFAULT NULL COMMENT 'quốc tịch (click)',
  `vocative` int(11) DEFAULT NULL COMMENT 'Cách xưng hô. 0= anh,1= chị',
  `CMND` varchar(250) CHARACTER SET utf8 COLLATE utf8_unicode_ci DEFAULT NULL COMMENT 'chứng minh nhân dân',
  `relation` varchar(250) CHARACTER SET utf8 COLLATE utf8_unicode_ci DEFAULT NULL COMMENT 'Quan Hệ',
  `address_permanent` varchar(250) CHARACTER SET utf8 COLLATE utf8_unicode_ci DEFAULT NULL,
  `address` varchar(250) CHARACTER SET utf8 COLLATE utf8_unicode_ci DEFAULT NULL COMMENT 'địa chỉ',
  `TNCN` int(11) DEFAULT NULL COMMENT 'mã số thuế TNCN',
  `tax` int(11) DEFAULT NULL,
  `position` varchar(250) CHARACTER SET utf8 COLLATE utf8_unicode_ci DEFAULT NULL COMMENT 'Chức vụ',
  `hobby` text CHARACTER SET utf8 COLLATE utf8_unicode_ci COMMENT 'sở thích',
  `website` varchar(250) CHARACTER SET utf8 COLLATE utf8_unicode_ci DEFAULT NULL COMMENT 'website',
  `delegate` varchar(250) CHARACTER SET utf8 COLLATE utf8_unicode_ci DEFAULT NULL COMMENT 'Đại diện',
  `bonus` decimal(10,0) DEFAULT NULL COMMENT 'Hoa hồng',
  `note` text CHARACTER SET utf8 COLLATE utf8_unicode_ci,
  `_file` text CHARACTER SET utf8 COLLATE utf8_unicode_ci,
  `idproject` int(11) DEFAULT NULL COMMENT 'dự án',
  `view` int(11) DEFAULT '0' COMMENT '0= not view,1=view',
  `_delete` int(11) DEFAULT '0',
  `date_delete` date DEFAULT NULL
) ENGINE=InnoDB DEFAULT CHARSET=latin1;

--
-- Đang đổ dữ liệu cho bảng `tblmaster_bds`
--

INSERT INTO `tblmaster_bds` (`id`, `type_master`, `code_master`, `name`, `facebook`, `birthday`, `company`, `hear`, `phonenumber`, `email_master`, `state`, `vocative`, `CMND`, `relation`, `address_permanent`, `address`, `TNCN`, `tax`, `position`, `hobby`, `website`, `delegate`, `bonus`, `note`, `_file`, `idproject`, `view`, `_delete`, `date_delete`) VALUES
(65, 0, 'O1', 'Tuan Anh Nguyen', '', '', '', '', '12312312312312,2312321312', 'nguyenhuutuananh2@gmail.com', 'N/A', 0, '', '', '38 nguyen thanh tuyen', '38 nguyen thanh tuyen', 0, NULL, '', '', NULL, NULL, NULL, '', '', 55, 0, 1, '2017-10-09'),
(66, 0, 'O1', 'Tuan Anh Nguyen', '', '', '', '', '12312312312312,2312321312', 'nguyenhuutuananh2@gmail.com', 'N/A', 0, '', '', '38 nguyen thanh tuyen', '38 nguyen thanh tuyen', 0, NULL, '', '', NULL, NULL, NULL, '', '', 55, 0, 1, '2017-10-09'),
(67, 0, 'O2', 'asdasd', '', '', '', '', '413521234132', '', '', 0, '', '123123', '', '12312321312', 0, NULL, '', '', NULL, NULL, NULL, '', '', 65, 0, 0, NULL),
(68, 0, 'O2', 'asdasd', '', '', '', '', '413521234132', '', '', 0, '', '123123', '', '12312321312', 0, NULL, '', '', NULL, NULL, NULL, '', '', 65, 0, 0, NULL),
(69, 0, 'O2', 'asdasd', '', '', '', '', '413521234132', '', '', 0, '', '123123', '', '12312321312', 0, NULL, '', '', NULL, NULL, NULL, '', '', 65, 0, 0, NULL),
(70, 3, 'O1', 'Tuan Anh Nguyen', '', '', '', '', '12312312312312,2312321312', 'nguyenhuutuananh2@gmail.com', 'N/A', 0, '', '', '38 nguyen thanh tuyen', '38 nguyen thanh tuyen', 0, NULL, '', '', NULL, NULL, NULL, '', '', 55, 1, 0, NULL),
(71, 0, 'O1', 'Tuan Anh Nguyen', '', '', '', '', '12312312312312,2312321312', 'nguyenhuutuananh2@gmail.com', 'N/A', 0, '', '', '38 nguyen thanh tuyen', '38 nguyen thanh tuyen', 0, NULL, '', '', NULL, NULL, NULL, '', '', 55, 0, 1, '2017-11-01'),
(72, 2, 'O2', 'abc', '', '', '', '', '00000000000', '', 'VN', 1, '', 'Cháu', '68 Nguyễn Huệ, Phường Bến Nghé, Quận 1, TP.HCM', '68 Nguyễn Huệ, Phường Bến Nghé, Quận 1, TP.HCM', 0, 18541564, 'test 3', '', 'website', NULL, NULL, '', '', 56, 0, 0, '2017-09-22'),
(73, 3, 'O3', 'test 1', 'test 1', 'test 1', 'test 1', 'test 1', '0121212500', 'test 1', 'test 1', 1, 'test 1', 'test 1', 'test 1', 'test 1', 0, NULL, 'test 1', 'test 1', NULL, NULL, NULL, 'test 1', '', 0, 0, 0, NULL),
(74, 0, 'O3', 'test 2', '', 'test 2', 'test 2', 'test 2', '0125001010', 'test 2', 'test 2', 1, 'test 2', 'test 2', 'test 2', 'test 2', 0, NULL, 'test 2', 'test 2', NULL, NULL, NULL, 'test 2', '', 0, 0, 0, NULL),
(78, 0, 'O3', 'Tuan Anh Nguyen', 'test 4', 'test 4', 'test 4', 'test 4', '0909091222', 'nguyenhuutuananh2@gmail.com', 'N/A', 1, '', 'test 4', '38 nguyen thanh tuyen', '38 nguyen thanh tuyen', 0, NULL, 'test 4', 'test 4', NULL, NULL, NULL, 'test 4', '', 0, 0, 0, NULL),
(79, 2, 'O4', 'abc', '', '', '', '', '00000000000', '', 'VN', 1, '', 'Cháu', '68 Nguyễn Huệ, Phường Bến Nghé, Quận 1, TP.HCM', '68 Nguyễn Huệ, Phường Bến Nghé, Quận 1, TP.HCM', 0, 0, 'test 3', '', 'test 5', NULL, NULL, '', '', 56, 0, 0, NULL),
(80, 3, 'O5', 'Tuan Anh Nguyen', '', '', 'Cty TNHH MTV A', '', '01212121212', 'nguyenhuutuananh2@gmail.com', 'N/A', 1, '', 'Con của anh rể', '38 nguyen thanh tuyen', '38 nguyen thanh tuyen', 0, NULL, 'vvv', '', NULL, NULL, NULL, '', '', 56, 1, 0, NULL),
(81, 0, 'O5', 'abc', '', '', '', '', '00000000000', '', 'VN', 1, '', 'Cháu', '68 Nguyễn Huệ, Phường Bến Nghé, Quận 1, TP.HCM', '68 Nguyễn Huệ, Phường Bến Nghé, Quận 1, TP.HCM', 0, NULL, 'test 3', '', NULL, NULL, NULL, '', '', 56, 0, 0, NULL);

-- --------------------------------------------------------

--
-- Cấu trúc bảng cho bảng `tblmenubds`
--

CREATE TABLE `tblmenubds` (
  `id` int(11) NOT NULL,
  `menu_chil` varchar(250) COLLATE utf8_unicode_ci DEFAULT NULL,
  `menu_name` varchar(255) COLLATE utf8_unicode_ci DEFAULT NULL,
  `parent_id` int(11) DEFAULT NULL,
  `district_from` int(11) DEFAULT '0',
  `district_table` int(11) DEFAULT '0',
  `province_from` int(11) DEFAULT '0',
  `province_table` int(11) DEFAULT '0'
) ENGINE=InnoDB DEFAULT CHARSET=utf8 COLLATE=utf8_unicode_ci;

--
-- Đang đổ dữ liệu cho bảng `tblmenubds`
--

INSERT INTO `tblmenubds` (`id`, `menu_chil`, `menu_name`, `parent_id`, `district_from`, `district_table`, `province_from`, `province_table`) VALUES
(58, '1,2,4,5,6', 'VILLA/HOUSE', 0, 1, 1, 1, 1),
(76, '', 'SERVICED APARTMENT', 0, 2, 0, 0, 0),
(130, '1,2', 'Căn hộ mới', NULL, NULL, NULL, NULL, NULL),
(141, '1,2', 'Căn hộ vĩnh hạo', NULL, NULL, NULL, NULL, NULL),
(142, '1,2,4,5,6', 'CĂN HỘ/DỰ ÁN', NULL, NULL, NULL, NULL, NULL),
(144, NULL, 'text', NULL, NULL, NULL, NULL, NULL),
(146, '1,2,4,6', 'dsad', NULL, NULL, NULL, NULL, NULL);

-- --------------------------------------------------------

--
-- Cấu trúc bảng cho bảng `tblmigrations`
--

CREATE TABLE `tblmigrations` (
  `version` bigint(20) NOT NULL
) ENGINE=InnoDB DEFAULT CHARSET=utf8;

--
-- Đang đổ dữ liệu cho bảng `tblmigrations`
--

INSERT INTO `tblmigrations` (`version`) VALUES
(161);

-- --------------------------------------------------------

--
-- Cấu trúc bảng cho bảng `tblmilestones`
--

CREATE TABLE `tblmilestones` (
  `id` int(11) NOT NULL,
  `name` varchar(400) NOT NULL,
  `description` text,
  `description_visible_to_customer` tinyint(1) DEFAULT '0',
  `due_date` date NOT NULL,
  `project_id` int(11) NOT NULL,
  `color` varchar(10) DEFAULT NULL,
  `milestone_order` int(11) NOT NULL DEFAULT '0',
  `datecreated` date NOT NULL
) ENGINE=MyISAM DEFAULT CHARSET=utf8;

-- --------------------------------------------------------

--
-- Cấu trúc bảng cho bảng `tblname_colum`
--

CREATE TABLE `tblname_colum` (
  `id` int(11) NOT NULL,
  `name` varchar(200) CHARACTER SET utf8 COLLATE utf8_unicode_ci NOT NULL,
  `field` varchar(200) CHARACTER SET utf8 COLLATE utf8_unicode_ci NOT NULL
) ENGINE=InnoDB DEFAULT CHARSET=latin1;

--
-- Đang đổ dữ liệu cho bảng `tblname_colum`
--

INSERT INTO `tblname_colum` (`id`, `name`, `field`) VALUES
(1, 'Mã SP', 'code'),
(2, 'Thành phố', 'province_name'),
(3, 'Quận/Huyện', 'district_name'),
(4, 'PN', 'type_pn'),
(5, 'Hướng cửa', 'door_direction_name'),
(6, 'Tên KH', 'fullname'),
(7, 'SDT', 'numberphone'),
(8, 'Email', 'email'),
(9, 'Nội thất', 'furniture_name'),
(10, 'DT', 'convenient'),
(11, 'ĐĐSP', 'characteristics'),
(12, 'Ngày lọc', 'date_update'),
(13, 'Nhu cầu', 'exigency_name'),
(14, 'Giá Thuê', 'price'),
(15, 'Giá Bán', 'cost'),
(16, 'Tình trạng', 'status'),
(17, 'Giá Gồm', 'detail_price'),
(18, 'Thời gian thuế', 'deadline'),
(20, 'Nhân viên tạo', 'staff_id'),
(21, 'Hoa hồng', 'bonus'),
(22, 'Ghi chú', 'note'),
(23, 'Thẻ', 'tag'),
(24, 'P.VS', 'bathroom'),
(25, 'TG HHĐ', 'expires'),
(26, 'Ngày xem nhà', 'watch_house'),
(27, 'Chủ sở hữu chính', 'master'),
(28, 'Phone chủ sở hữu', 'master_phone'),
(29, 'Email chủ sở hữu', 'master_email');

-- --------------------------------------------------------

--
-- Cấu trúc bảng cho bảng `tblnotes`
--

CREATE TABLE `tblnotes` (
  `id` int(11) NOT NULL,
  `rel_id` int(11) NOT NULL,
  `rel_type` varchar(20) NOT NULL,
  `description` text,
  `date_contacted` datetime DEFAULT NULL,
  `addedfrom` int(11) NOT NULL,
  `dateadded` datetime NOT NULL
) ENGINE=MyISAM DEFAULT CHARSET=utf8;

--
-- Đang đổ dữ liệu cho bảng `tblnotes`
--

INSERT INTO `tblnotes` (`id`, `rel_id`, `rel_type`, `description`, `date_contacted`, `addedfrom`, `dateadded`) VALUES
(1, 5, 'lead', 'Đã liên lạc, khách hàng đang xem xét', '2017-05-30 16:28:00', 1, '2017-05-30 16:28:26'),
(2, 6, 'lead', 'Đã gọi nhưng khách hàng đang xem', '2017-05-30 17:03:00', 1, '2017-05-30 17:03:29'),
(3, 6, 'lead', '', NULL, 1, '2017-05-30 17:03:33'),
(4, 6, 'lead', 'dsada', '2017-05-06 17:46:00', 1, '2017-05-31 17:47:11'),
(6, 6, 'lead', 'ss', NULL, 1, '2017-05-31 17:48:11');

-- --------------------------------------------------------

--
-- Cấu trúc bảng cho bảng `tblnotifications`
--

CREATE TABLE `tblnotifications` (
  `id` int(11) NOT NULL,
  `isread` int(11) NOT NULL DEFAULT '0',
  `date` datetime NOT NULL,
  `description` text NOT NULL,
  `fromuserid` int(11) NOT NULL,
  `fromclientid` int(11) NOT NULL DEFAULT '0',
  `from_fullname` varchar(100) NOT NULL,
  `touserid` int(11) NOT NULL,
  `fromcompany` int(11) DEFAULT NULL,
  `link` mediumtext,
  `additional_data` varchar(600) DEFAULT NULL
) ENGINE=MyISAM DEFAULT CHARSET=utf8;

--
-- Đang đổ dữ liệu cho bảng `tblnotifications`
--

INSERT INTO `tblnotifications` (`id`, `isread`, `date`, `description`, `fromuserid`, `fromclientid`, `from_fullname`, `touserid`, `fromcompany`, `link`, `additional_data`) VALUES
(1, 1, '2017-04-03 12:52:41', 'not_task_assigned_to_you', 1, 0, ' ', 4, NULL, '#taskid=1', 'a:1:{i:0;s:14:\"Nhiệm vụ 1\";}'),
(2, 1, '2017-04-03 12:52:55', 'not_task_added_you_as_follower', 1, 0, ' ', 4, NULL, '#taskid=1', 'a:1:{i:0;s:14:\"Nhiệm vụ 1\";}'),
(3, 1, '2017-04-03 12:53:07', 'not_task_marked_as_complete', 1, 0, ' ', 4, NULL, '#taskid=1', 'a:1:{i:0;s:14:\"Nhiệm vụ 1\";}'),
(4, 1, '2017-04-03 12:56:20', 'not_task_assigned_to_you', 1, 0, ' ', 4, NULL, '#taskid=2', 'a:1:{i:0;s:23:\"Chăm sóc khách hàng\";}'),
(5, 1, '2017-04-03 12:56:30', 'not_task_marked_as_complete', 1, 0, ' ', 4, NULL, '#taskid=2', 'a:1:{i:0;s:23:\"Chăm sóc khách hàng\";}'),
(6, 1, '2017-04-03 12:56:38', 'not_task_unmarked_as_complete', 1, 0, ' ', 4, NULL, '#taskid=2', 'a:1:{i:0;s:23:\"Chăm sóc khách hàng\";}'),
(7, 1, '2017-04-03 12:56:52', 'not_task_marked_as_complete', 1, 0, ' ', 4, NULL, '#taskid=2', 'a:1:{i:0;s:23:\"Chăm sóc khách hàng\";}'),
(8, 1, '2017-04-03 12:58:07', 'not_task_assigned_to_you', 1, 0, ' ', 4, NULL, '#taskid=3', 'a:1:{i:0;s:23:\"Chăm sóc khách hàng\";}'),
(9, 1, '2017-04-03 12:58:08', 'not_task_added_you_as_follower', 1, 0, ' ', 4, NULL, '#taskid=3', 'a:1:{i:0;s:23:\"Chăm sóc khách hàng\";}'),
(10, 1, '2017-04-03 12:58:43', 'not_task_new_comment', 4, 0, 'Thùy Linh', 1, NULL, '#taskid=3', 'a:1:{i:0;s:23:\"Chăm sóc khách hàng\";}'),
(11, 1, '2017-05-25 14:08:44', 'not_staff_added_as_project_member', 1, 0, ' ', 4, NULL, 'projects/view/1', 'a:1:{i:0;s:3:\"ABC\";}'),
(12, 0, '2017-05-25 14:08:44', 'not_staff_added_as_project_member', 1, 0, ' ', 3, NULL, 'projects/view/1', 'a:1:{i:0;s:3:\"ABC\";}'),
(13, 0, '2017-05-25 14:10:04', 'not_staff_added_as_project_member', 1, 0, ' ', 3, NULL, 'projects/view/2', 'a:1:{i:0;s:3:\"dcb\";}'),
(14, 1, '2017-05-30 15:44:17', 'not_assigned_lead_to_you', 1, 0, ' ', 4, NULL, '#leadid=4', 'a:2:{i:0;s:1:\" \";i:1;s:15:\"Nguyễn Văn A\";}'),
(15, 1, '2017-05-30 16:26:57', 'not_assigned_lead_to_you', 1, 0, ' ', 4, NULL, '#leadid=5', 'a:2:{i:0;s:1:\" \";i:1;s:15:\"Nguyễn Văn B\";}'),
(16, 1, '2017-05-30 17:02:02', 'not_assigned_lead_to_you', 1, 0, ' ', 4, NULL, '#leadid=6', 'a:2:{i:0;s:1:\" \";i:1;s:15:\"Nguyễn văn c\";}'),
(17, 1, '2017-05-31 17:51:45', 'not_assigned_lead_to_you', 1, 0, ' ', 2, NULL, '#leadid=7', 'a:2:{i:0;s:1:\" \";i:1;s:5:\"dsada\";}'),
(18, 1, '2017-07-04 13:40:03', 'not_task_marked_as_complete', 1, 0, 'FOSO SOFT', 4, NULL, '#taskid=3', 'a:1:{i:0;s:23:\"Chăm sóc khách hàng\";}'),
(19, 1, '2017-07-10 09:44:00', 'not_staff_added_as_project_member', 1, 0, 'FOSO SOFT', 4, NULL, 'projects/view/4', 'a:1:{i:0;s:10:\"Dự án 1\";}'),
(20, 0, '2017-07-10 09:44:00', 'not_staff_added_as_project_member', 1, 0, 'FOSO SOFT', 3, NULL, 'projects/view/4', 'a:1:{i:0;s:10:\"Dự án 1\";}'),
(21, 1, '2017-07-28 10:07:58', 'not_lead_added_attachment', 1, 0, 'FOSO SOFT', 2, NULL, '#leadid=7', 'a:1:{i:0;s:5:\"dsada\";}'),
(22, 1, '2017-07-28 16:18:09', 'not_task_assigned_to_you', 1, 0, 'FOSO SOFT', 4, NULL, '#taskid=5', 'a:1:{i:0;s:16:\"báo cáo thuế\";}'),
(23, 1, '2017-07-28 16:18:11', 'not_task_assigned_to_you', 1, 0, 'FOSO SOFT', 2, NULL, '#taskid=5', 'a:1:{i:0;s:16:\"báo cáo thuế\";}'),
(24, 1, '2017-07-28 16:18:12', 'not_task_assigned_someone', 1, 0, 'FOSO SOFT', 4, NULL, '#taskid=5', 'a:2:{i:0;s:13:\"Tân Nguyễn\";i:1;s:16:\"báo cáo thuế\";}'),
(25, 0, '2017-08-25 15:11:19', 'not_task_assigned_to_you', 1, 0, 'admin ', 16, NULL, '#taskid=5', 'a:1:{i:0;s:16:\"báo cáo thuế\";}'),
(26, 1, '2017-08-25 15:11:21', 'not_task_assigned_someone', 1, 0, 'admin ', 2, NULL, '#taskid=5', 'a:2:{i:0;s:13:\" 123123123213\";i:1;s:16:\"báo cáo thuế\";}'),
(34, 0, '2017-08-31 08:51:16', 'not_task_new_comment', 1, 0, 'admin ', 2, NULL, '#taskid=5', 'a:1:{i:0;s:16:\"báo cáo thuế\";}'),
(35, 1, '2017-08-31 08:51:17', 'not_task_new_comment', 1, 0, 'admin ', 4, NULL, '#taskid=5', 'a:1:{i:0;s:16:\"báo cáo thuế\";}'),
(36, 0, '2017-08-31 08:51:18', 'not_task_new_comment', 1, 0, 'admin ', 16, NULL, '#taskid=5', 'a:1:{i:0;s:16:\"báo cáo thuế\";}'),
(33, 1, '2017-08-25 16:31:15', 'Hợp đồng MTR-13 hết hạn', 1, 0, 'admin ', 2, NULL, 'newview/project/58/60', NULL),
(37, 0, '2017-09-11 13:26:39', 'Hợp đồng MTR-1 hết hạn', 1, 0, 'admin ', 2, NULL, 'newview/project/58/55', NULL),
(38, 0, '2017-09-11 13:26:39', 'Hợp đồng MTR-1 hết hạn', 1, 0, 'admin ', 3, NULL, 'newview/project/58/55', NULL),
(39, 1, '2017-09-11 13:26:39', 'Hợp đồng MTR-1 hết hạn', 1, 0, 'admin ', 1, NULL, 'newview/project/58/55', NULL),
(40, 1, '2017-09-18 11:45:50', 'not_task_assigned_to_you', 1, 0, 'admin ', 14, NULL, '#taskid=7', 'a:1:{i:0;s:1:\"d\";}'),
(41, 1, '2017-09-18 11:47:28', 'not_task_assigned_to_you', 1, 0, 'admin ', 14, NULL, '#taskid=8', 'a:1:{i:0;s:14:\"test cong viec\";}'),
(42, 1, '2017-09-22 08:19:58', 'not_task_assigned_to_you', 1, 0, 'admin ', 14, NULL, '#taskid=13', 'a:1:{i:0;s:1:\"d\";}'),
(43, 1, '2017-09-22 08:20:02', 'not_task_added_himself_as_follower', 1, 0, 'admin ', 14, NULL, '#taskid=13', 'a:1:{i:0;s:1:\"d\";}'),
(44, 0, '2017-09-23 11:03:31', 'not_task_added_himself_as_follower', 1, 0, 'admin ', 2, NULL, '#taskid=5', 'a:1:{i:0;s:16:\"báo cáo thuế\";}'),
(45, 0, '2017-09-23 11:03:31', 'not_task_added_himself_as_follower', 1, 0, 'admin ', 4, NULL, '#taskid=5', 'a:1:{i:0;s:16:\"báo cáo thuế\";}'),
(46, 0, '2017-09-23 11:03:31', 'not_task_added_himself_as_follower', 1, 0, 'admin ', 16, NULL, '#taskid=5', 'a:1:{i:0;s:16:\"báo cáo thuế\";}'),
(47, 0, '2017-09-23 11:54:33', 'not_task_assigned_to_you_support', 1, 0, 'admin ', 14, NULL, '#taskid=5', 'a:1:{i:0;s:16:\"báo cáo thuế\";}'),
(48, 0, '2017-09-23 11:54:35', 'not_task_assigned_someone', 1, 0, 'admin ', 2, NULL, '#taskid=5', 'a:2:{i:0;s:6:\"33 333\";i:1;s:16:\"báo cáo thuế\";}'),
(49, 0, '2017-09-23 11:54:35', 'not_task_assigned_someone', 1, 0, 'admin ', 4, NULL, '#taskid=5', 'a:2:{i:0;s:6:\"33 333\";i:1;s:16:\"báo cáo thuế\";}'),
(50, 0, '2017-09-23 11:54:35', 'not_task_assigned_someone', 1, 0, 'admin ', 16, NULL, '#taskid=5', 'a:2:{i:0;s:6:\"33 333\";i:1;s:16:\"báo cáo thuế\";}'),
(51, 0, '2017-09-23 12:00:51', 'not_task_assigned_to_you_support', 1, 0, 'admin ', 14, NULL, '#taskid=5', 'a:1:{i:0;s:16:\"báo cáo thuế\";}'),
(52, 0, '2017-09-23 12:00:53', 'not_task_assigned_someone', 1, 0, 'admin ', 2, NULL, '#taskid=5', 'a:2:{i:0;s:6:\"33 333\";i:1;s:16:\"báo cáo thuế\";}'),
(53, 0, '2017-09-23 12:00:53', 'not_task_assigned_someone', 1, 0, 'admin ', 4, NULL, '#taskid=5', 'a:2:{i:0;s:6:\"33 333\";i:1;s:16:\"báo cáo thuế\";}'),
(54, 0, '2017-09-23 12:00:53', 'not_task_assigned_someone', 1, 0, 'admin ', 16, NULL, '#taskid=5', 'a:2:{i:0;s:6:\"33 333\";i:1;s:16:\"báo cáo thuế\";}'),
(55, 0, '2017-09-23 12:00:53', 'not_task_assigned_to_you_support', 1, 0, 'admin ', 14, NULL, '#taskid=5', 'a:1:{i:0;s:16:\"báo cáo thuế\";}'),
(56, 0, '2017-09-23 12:00:54', 'not_task_assigned_someone', 1, 0, 'admin ', 2, NULL, '#taskid=5', 'a:2:{i:0;s:6:\"33 333\";i:1;s:16:\"báo cáo thuế\";}'),
(57, 0, '2017-09-23 12:00:54', 'not_task_assigned_someone', 1, 0, 'admin ', 4, NULL, '#taskid=5', 'a:2:{i:0;s:6:\"33 333\";i:1;s:16:\"báo cáo thuế\";}'),
(58, 0, '2017-09-23 12:00:54', 'not_task_assigned_someone', 1, 0, 'admin ', 16, NULL, '#taskid=5', 'a:2:{i:0;s:6:\"33 333\";i:1;s:16:\"báo cáo thuế\";}'),
(59, 0, '2017-09-23 12:01:00', 'not_task_assigned_to_you_support', 1, 0, 'admin ', 2, NULL, '#taskid=5', 'a:1:{i:0;s:16:\"báo cáo thuế\";}'),
(60, 0, '2017-09-23 12:01:01', 'not_task_assigned_someone', 1, 0, 'admin ', 4, NULL, '#taskid=5', 'a:2:{i:0;s:9:\" Nguyễn\";i:1;s:16:\"báo cáo thuế\";}'),
(61, 0, '2017-09-23 12:01:01', 'not_task_assigned_someone', 1, 0, 'admin ', 16, NULL, '#taskid=5', 'a:2:{i:0;s:9:\" Nguyễn\";i:1;s:16:\"báo cáo thuế\";}'),
(62, 0, '2017-09-23 12:01:02', 'not_task_assigned_to_you_support', 1, 0, 'admin ', 2, NULL, '#taskid=5', 'a:1:{i:0;s:16:\"báo cáo thuế\";}'),
(63, 0, '2017-09-23 12:01:03', 'not_task_assigned_someone', 1, 0, 'admin ', 4, NULL, '#taskid=5', 'a:2:{i:0;s:9:\" Nguyễn\";i:1;s:16:\"báo cáo thuế\";}'),
(64, 0, '2017-09-23 12:01:03', 'not_task_assigned_someone', 1, 0, 'admin ', 16, NULL, '#taskid=5', 'a:2:{i:0;s:9:\" Nguyễn\";i:1;s:16:\"báo cáo thuế\";}'),
(65, 0, '2017-09-23 12:01:03', 'not_task_assigned_to_you_support', 1, 0, 'admin ', 2, NULL, '#taskid=5', 'a:1:{i:0;s:16:\"báo cáo thuế\";}'),
(66, 0, '2017-09-23 12:01:04', 'not_task_assigned_someone', 1, 0, 'admin ', 4, NULL, '#taskid=5', 'a:2:{i:0;s:9:\" Nguyễn\";i:1;s:16:\"báo cáo thuế\";}'),
(67, 0, '2017-09-23 12:01:04', 'not_task_assigned_someone', 1, 0, 'admin ', 16, NULL, '#taskid=5', 'a:2:{i:0;s:9:\" Nguyễn\";i:1;s:16:\"báo cáo thuế\";}'),
(68, 0, '2017-09-23 12:01:05', 'not_task_assigned_to_you_support', 1, 0, 'admin ', 2, NULL, '#taskid=5', 'a:1:{i:0;s:16:\"báo cáo thuế\";}'),
(69, 0, '2017-09-23 12:01:06', 'not_task_assigned_someone', 1, 0, 'admin ', 4, NULL, '#taskid=5', 'a:2:{i:0;s:9:\" Nguyễn\";i:1;s:16:\"báo cáo thuế\";}'),
(70, 0, '2017-09-23 12:01:06', 'not_task_assigned_someone', 1, 0, 'admin ', 16, NULL, '#taskid=5', 'a:2:{i:0;s:9:\" Nguyễn\";i:1;s:16:\"báo cáo thuế\";}'),
(71, 0, '2017-09-23 12:01:06', 'not_task_assigned_to_you_support', 1, 0, 'admin ', 2, NULL, '#taskid=5', 'a:1:{i:0;s:16:\"báo cáo thuế\";}'),
(72, 0, '2017-09-23 12:01:07', 'not_task_assigned_someone', 1, 0, 'admin ', 4, NULL, '#taskid=5', 'a:2:{i:0;s:9:\" Nguyễn\";i:1;s:16:\"báo cáo thuế\";}'),
(73, 0, '2017-09-23 12:01:07', 'not_task_assigned_someone', 1, 0, 'admin ', 16, NULL, '#taskid=5', 'a:2:{i:0;s:9:\" Nguyễn\";i:1;s:16:\"báo cáo thuế\";}'),
(74, 0, '2017-09-23 12:04:57', 'not_task_will_do_user', 1, 0, 'admin ', 2, NULL, '#taskid=5', 'a:1:{i:0;s:16:\"báo cáo thuế\";}'),
(75, 0, '2017-09-23 12:04:57', 'not_task_will_do_user', 1, 0, 'admin ', 4, NULL, '#taskid=5', 'a:1:{i:0;s:16:\"báo cáo thuế\";}'),
(76, 0, '2017-09-23 12:04:57', 'not_task_will_do_user', 1, 0, 'admin ', 16, NULL, '#taskid=5', 'a:1:{i:0;s:16:\"báo cáo thuế\";}'),
(77, 0, '2017-09-23 12:04:58', 'not_task_will_do_user', 1, 0, 'admin ', 2, NULL, '#taskid=5', 'a:1:{i:0;s:16:\"báo cáo thuế\";}'),
(78, 0, '2017-09-23 12:04:58', 'not_task_will_do_user', 1, 0, 'admin ', 4, NULL, '#taskid=5', 'a:1:{i:0;s:16:\"báo cáo thuế\";}'),
(79, 0, '2017-09-23 12:04:58', 'not_task_will_do_user', 1, 0, 'admin ', 16, NULL, '#taskid=5', 'a:1:{i:0;s:16:\"báo cáo thuế\";}'),
(80, 0, '2017-09-23 12:04:58', 'not_task_will_do_user', 1, 0, 'admin ', 2, NULL, '#taskid=5', 'a:1:{i:0;s:16:\"báo cáo thuế\";}'),
(81, 0, '2017-09-23 12:04:58', 'not_task_will_do_user', 1, 0, 'admin ', 4, NULL, '#taskid=5', 'a:1:{i:0;s:16:\"báo cáo thuế\";}'),
(82, 0, '2017-09-23 12:04:58', 'not_task_will_do_user', 1, 0, 'admin ', 16, NULL, '#taskid=5', 'a:1:{i:0;s:16:\"báo cáo thuế\";}'),
(83, 0, '2017-09-23 12:04:58', 'not_task_will_do_user', 1, 0, 'admin ', 2, NULL, '#taskid=5', 'a:1:{i:0;s:16:\"báo cáo thuế\";}'),
(84, 0, '2017-09-23 12:04:58', 'not_task_will_do_user', 1, 0, 'admin ', 4, NULL, '#taskid=5', 'a:1:{i:0;s:16:\"báo cáo thuế\";}'),
(85, 0, '2017-09-23 12:04:58', 'not_task_will_do_user', 1, 0, 'admin ', 16, NULL, '#taskid=5', 'a:1:{i:0;s:16:\"báo cáo thuế\";}'),
(86, 0, '2017-09-23 12:04:58', 'not_task_will_do_user', 1, 0, 'admin ', 2, NULL, '#taskid=5', 'a:1:{i:0;s:16:\"báo cáo thuế\";}'),
(87, 0, '2017-09-23 12:04:58', 'not_task_will_do_user', 1, 0, 'admin ', 4, NULL, '#taskid=5', 'a:1:{i:0;s:16:\"báo cáo thuế\";}'),
(88, 0, '2017-09-23 12:04:58', 'not_task_will_do_user', 1, 0, 'admin ', 16, NULL, '#taskid=5', 'a:1:{i:0;s:16:\"báo cáo thuế\";}'),
(89, 0, '2017-09-23 12:04:59', 'not_task_will_do_user', 1, 0, 'admin ', 2, NULL, '#taskid=5', 'a:1:{i:0;s:16:\"báo cáo thuế\";}'),
(90, 0, '2017-09-23 12:04:59', 'not_task_will_do_user', 1, 0, 'admin ', 4, NULL, '#taskid=5', 'a:1:{i:0;s:16:\"báo cáo thuế\";}'),
(91, 0, '2017-09-23 12:04:59', 'not_task_will_do_user', 1, 0, 'admin ', 16, NULL, '#taskid=5', 'a:1:{i:0;s:16:\"báo cáo thuế\";}'),
(92, 0, '2017-09-23 12:04:59', 'not_task_will_do_user', 1, 0, 'admin ', 2, NULL, '#taskid=5', 'a:1:{i:0;s:16:\"báo cáo thuế\";}'),
(93, 0, '2017-09-23 12:04:59', 'not_task_will_do_user', 1, 0, 'admin ', 4, NULL, '#taskid=5', 'a:1:{i:0;s:16:\"báo cáo thuế\";}'),
(94, 0, '2017-09-23 12:04:59', 'not_task_will_do_user', 1, 0, 'admin ', 16, NULL, '#taskid=5', 'a:1:{i:0;s:16:\"báo cáo thuế\";}'),
(95, 0, '2017-09-23 12:04:59', 'not_task_will_do_user', 1, 0, 'admin ', 2, NULL, '#taskid=5', 'a:1:{i:0;s:16:\"báo cáo thuế\";}'),
(96, 0, '2017-09-23 12:04:59', 'not_task_will_do_user', 1, 0, 'admin ', 4, NULL, '#taskid=5', 'a:1:{i:0;s:16:\"báo cáo thuế\";}'),
(97, 0, '2017-09-23 12:04:59', 'not_task_will_do_user', 1, 0, 'admin ', 16, NULL, '#taskid=5', 'a:1:{i:0;s:16:\"báo cáo thuế\";}'),
(98, 0, '2017-09-23 12:04:59', 'not_task_will_do_user', 1, 0, 'admin ', 2, NULL, '#taskid=5', 'a:1:{i:0;s:16:\"báo cáo thuế\";}'),
(99, 0, '2017-09-23 12:04:59', 'not_task_will_do_user', 1, 0, 'admin ', 4, NULL, '#taskid=5', 'a:1:{i:0;s:16:\"báo cáo thuế\";}'),
(100, 0, '2017-09-23 12:04:59', 'not_task_will_do_user', 1, 0, 'admin ', 16, NULL, '#taskid=5', 'a:1:{i:0;s:16:\"báo cáo thuế\";}'),
(101, 0, '2017-09-23 12:05:00', 'not_task_will_do_user', 1, 0, 'admin ', 2, NULL, '#taskid=5', 'a:1:{i:0;s:16:\"báo cáo thuế\";}'),
(102, 0, '2017-09-23 12:05:00', 'not_task_will_do_user', 1, 0, 'admin ', 4, NULL, '#taskid=5', 'a:1:{i:0;s:16:\"báo cáo thuế\";}'),
(103, 0, '2017-09-23 12:05:00', 'not_task_will_do_user', 1, 0, 'admin ', 16, NULL, '#taskid=5', 'a:1:{i:0;s:16:\"báo cáo thuế\";}'),
(104, 0, '2017-09-23 12:05:00', 'not_task_will_do_user', 1, 0, 'admin ', 2, NULL, '#taskid=5', 'a:1:{i:0;s:16:\"báo cáo thuế\";}'),
(105, 0, '2017-09-23 12:05:00', 'not_task_will_do_user', 1, 0, 'admin ', 4, NULL, '#taskid=5', 'a:1:{i:0;s:16:\"báo cáo thuế\";}'),
(106, 0, '2017-09-23 12:05:00', 'not_task_will_do_user', 1, 0, 'admin ', 16, NULL, '#taskid=5', 'a:1:{i:0;s:16:\"báo cáo thuế\";}'),
(107, 0, '2017-09-25 09:22:28', 'not_task_will_do_user', 1, 0, 'admin ', 2, NULL, '#taskid=5', 'a:1:{i:0;s:16:\"báo cáo thuế\";}'),
(108, 0, '2017-09-25 09:22:29', 'not_task_will_do_user', 1, 0, 'admin ', 4, NULL, '#taskid=5', 'a:1:{i:0;s:16:\"báo cáo thuế\";}'),
(109, 0, '2017-09-25 09:22:29', 'not_task_will_do_user', 1, 0, 'admin ', 16, NULL, '#taskid=5', 'a:1:{i:0;s:16:\"báo cáo thuế\";}'),
(110, 0, '2017-11-01 11:05:02', 'not_task_new_attachment', 1, 0, 'admin ', 14, NULL, '#taskid=13', ''),
(111, 0, '2017-11-01 11:13:29', 'not_task_new_attachment', 1, 0, 'admin ', 14, NULL, '#taskid=13', ''),
(112, 0, '2017-11-01 14:54:53', 'not_task_new_attachment', 1, 0, 'admin ', 14, NULL, '#taskid=13', '');

-- --------------------------------------------------------

--
-- Cấu trúc bảng cho bảng `tbloptions`
--

CREATE TABLE `tbloptions` (
  `id` int(11) NOT NULL,
  `name` varchar(60) NOT NULL,
  `value` longtext NOT NULL
) ENGINE=MyISAM DEFAULT CHARSET=utf8;

--
-- Đang đổ dữ liệu cho bảng `tbloptions`
--

INSERT INTO `tbloptions` (`id`, `name`, `value`) VALUES
(1, 'dateformat', 'd/m/Y|%d/%m/%Y'),
(2, 'companyname', ''),
(3, 'services', '1'),
(4, 'maximum_allowed_ticket_attachments', '4'),
(5, 'ticket_attachments_file_extensions', '.jpg,.png,.pdf,.doc'),
(6, 'staff_access_only_assigned_departments', '1'),
(7, 'use_knowledge_base', '1'),
(8, 'smtp_email', 'nguyenthuan.fososoft@gmail.com'),
(9, 'smtp_password', 'f63cead8f41159d268aad7d7d900ee126d497ae008f549d329170c6f9079c5692cd6a29372e4175bcfb3ed6a8bd09206f3d822f6de5ac554dfd5887e32e2a919tvoCZ2yk7thZiTxeV4LRUIlVL6+yOB33bFJK3ZCuMGU='),
(10, 'smtp_port', '465'),
(11, 'smtp_host', 'smtp.gmail.com'),
(12, 'smtp_email_charset', 'utf-8'),
(13, 'default_timezone', 'Asia/Bangkok'),
(14, 'clients_default_theme', 'perfex'),
(15, 'company_logo', 'logo.png'),
(16, 'tables_pagination_limit', '25'),
(17, 'main_domain', ''),
(18, 'allow_registration', '1'),
(19, 'knowledge_base_without_registration', '1'),
(20, 'email_signature', '---GIẢI PHÁP PHẦN MỀM FOSO---'),
(21, 'default_staff_role', '1'),
(22, 'newsfeed_maximum_files_upload', '10'),
(23, 'newsfeed_maximum_file_size', '5'),
(24, 'contract_expiration_before', '4'),
(25, 'invoice_prefix', 'INV-'),
(26, 'decimal_separator', '.'),
(27, 'thousand_separator', ','),
(28, 'currency_placement', 'before'),
(29, 'invoice_company_name', ''),
(30, 'invoice_company_address', ''),
(31, 'invoice_company_city', ''),
(32, 'invoice_company_country_code', ''),
(33, 'invoice_company_postal_code', ''),
(34, 'invoice_company_phonenumber', ''),
(35, 'view_invoice_only_logged_in', '0'),
(36, 'invoice_number_format', '1'),
(37, 'next_invoice_number', '7'),
(38, 'cron_send_invoice_overdue_reminder', '1'),
(39, 'active_language', 'english'),
(40, 'invoice_number_decrement_on_delete', '1'),
(41, 'automatically_send_invoice_overdue_reminder_after', '1'),
(42, 'automatically_resend_invoice_overdue_reminder_after', '3'),
(43, 'expenses_auto_operations_hour', '21'),
(44, 'survey_send_emails_per_cron_run', '100'),
(45, 'delete_only_on_last_invoice', '1'),
(46, 'delete_only_on_last_estimate', '1'),
(47, 'create_invoice_from_recurring_only_on_paid_invoices', '0'),
(48, 'allow_payment_amount_to_be_modified', '1'),
(49, 'send_renewed_invoice_from_recurring_to_email', '1'),
(50, 'rtl_support_client', '0'),
(51, 'limit_top_search_bar_results_to', '10'),
(52, 'estimate_prefix', 'EST-'),
(53, 'next_estimate_number', '1'),
(54, 'estimate_number_decrement_on_delete', '1'),
(55, 'estimate_number_format', '1'),
(56, 'estimate_auto_convert_to_invoice_on_client_accept', '1'),
(57, 'exclude_estimate_from_client_area_with_draft_status', '1'),
(58, 'rtl_support_admin', '0'),
(59, 'last_cron_run', ''),
(60, 'show_sale_agent_on_estimates', '1'),
(61, 'show_sale_agent_on_invoices', '1'),
(62, 'predefined_terms_invoice', ''),
(63, 'predefined_terms_estimate', ''),
(64, 'default_task_priority', '2'),
(65, 'dropbox_app_key', ''),
(66, 'show_expense_reminders_on_calendar', '1'),
(67, 'only_show_contact_tickets', '1'),
(68, 'predefined_clientnote_invoice', ''),
(69, 'predefined_clientnote_estimate', ''),
(70, 'custom_pdf_logo_image_url', ''),
(71, 'favicon', 'favicon.png'),
(72, 'auto_backup_enabled', '0'),
(73, 'invoice_due_after', '30'),
(74, 'google_api_key', ''),
(75, 'google_calendar_main_calendar', ''),
(76, 'default_tax', ''),
(77, 'show_invoices_on_calendar', '1'),
(78, 'show_estimates_on_calendar', '1'),
(79, 'show_contracts_on_calendar', '1'),
(80, 'show_tasks_on_calendar', '1'),
(81, 'show_customer_reminders_on_calendar', '1'),
(82, 'auto_backup_every', '7'),
(83, 'last_auto_backup', ''),
(84, 'output_client_pdfs_from_admin_area_in_client_language', '0'),
(85, 'show_lead_reminders_on_calendar', '1'),
(86, 'aside_menu_active', '{\"aside_menu_active\":[{\"name\":\"als_dashboard\",\"url\":\"\\/\",\"permission\":\"\",\"icon\":\"fa fa-tachometer\",\"id\":\"dashboard\"},{\"name\":\"als_client_simple\",\"url\":\"clients_simple\",\"permission\":\"customers\",\"icon\":\"fa fa-users\",\"id\":\"customers\"},{\"name\":\"als_clients\",\"url\":\"clients\",\"permission\":\"customers\",\"icon\":\"fa fa-users\",\"id\":\"customers\"},{\"name\":\"client_contract_list\",\"url\":\"contract_list\",\"permission\":\"customers\",\"icon\":\"fa fa-balance-scale\",\"id\":\"customers\"},{\"name\":\"Khai b\\u00e1o danh m\\u1ee5c\",\"url\":\"#\",\"permission\":\"customers\",\"icon\":\"fa fa-users\",\"id\":\"customers\",\"children\":[{\"name\":\"als_projects\",\"url\":\"projects\",\"permission\":\"projects\",\"icon\":\"\",\"id\":\"projects\"},{\"name\":\"als_master\",\"url\":\"master\",\"permission\":\"master\",\"icon\":\"\",\"id\":\"master\"},{\"name\":\"Danh m\\u1ee5c chung\",\"url\":\"categorys\",\"permission\":\"categorys\",\"icon\":\"\",\"id\":\"categorys\"}]},{\"name\":\"als_agency\",\"url\":\"partner\",\"permission\":\"partner\",\"icon\":\"glyphicon glyphicon-list-alt\",\"id\":\"partner\",\"children\":[{\"name\":\"Giao d\\u1ecbch th\\u01b0\\u1eddng xuy\\u00ean\",\"url\":\"partner?type=3\",\"permission\":\"\",\"icon\":\"\",\"id\":\"sales\"},{\"name\":\"Chuy\\u00ean D\\u1ef1 \\u00c1n\",\"url\":\"partner?type=1\",\"permission\":\"payments\",\"icon\":\"\",\"id\":\"child-payments\"},{\"name\":\"Kh\\u00f4ng H\\u1ee3p T\\u00e1c\",\"url\":\"partner?type=1\",\"permission\":\"invoices\",\"icon\":\"\",\"id\":\"child-invoices\"}]},{\"name\":\"als_tasks\",\"url\":\"tasks\\/list_tasks\",\"permission\":\"\",\"icon\":\"fa fa-tasks\",\"id\":\"tasks\"},{\"name\":\"als_staff\",\"url\":\"staff\",\"permission\":\"staff\",\"icon\":\"glyphicon glyphicon-user\",\"id\":\"staff\"},{\"name\":\"worksheet\",\"url\":\"worksheet\",\"permission\":\"is_admin\",\"icon\":\"fa fa-calendar\",\"id\":\"predifined-replies\"},{\"name\":\"als_reports\",\"url\":\"#\",\"permission\":\"reports\",\"icon\":\"fa fa-area-chart\",\"id\":\"reports\",\"children\":[{\"name\":\"als_reports_sales_submenu\",\"url\":\"reports\\/sales\",\"permission\":\"\",\"icon\":\"\",\"id\":\"child-sales\"},{\"name\":\"als_reports_expenses\",\"url\":\"reports\\/expenses\",\"permission\":\"\",\"icon\":\"\",\"id\":\"child-expenses\"},{\"name\":\"als_expenses_vs_income\",\"url\":\"reports\\/expenses_vs_income\",\"permission\":\"\",\"icon\":\"\",\"id\":\"child-expenses-vs-income\"},{\"name\":\"als_reports_leads_submenu\",\"url\":\"reports\\/leads\",\"permission\":\"\",\"icon\":\"\",\"id\":\"child-leads\"},{\"name\":\"als_kb_articles_submenu\",\"url\":\"reports\\/knowledge_base_articles\",\"permission\":\"\",\"icon\":\"\",\"id\":\"child-kb-articles\"}]},{\"name\":\"als_utilities\",\"url\":\"#\",\"permission\":\"\",\"icon\":\"fa fa-cogs\",\"id\":\"utilities\",\"children\":[{\"name\":\"als_media\",\"url\":\"utilities\\/media\",\"permission\":\"\",\"icon\":\"\",\"id\":\"child-media\"},{\"name\":\"bulk_pdf_exporter\",\"url\":\"utilities\\/bulk_pdf_exporter\",\"permission\":\"bulk_pdf_exporter\",\"icon\":\"\",\"id\":\"child-bulk-pdf-exporter\"},{\"name\":\"als_calendar_submenu\",\"url\":\"utilities\\/calendar\",\"permission\":\"\",\"icon\":\"\",\"id\":\"child-calendar\"},{\"name\":\"als_announcements_submenu\",\"url\":\"announcements\",\"permission\":\"is_admin\",\"icon\":\"\",\"id\":\"child-announcements\"},{\"name\":\"utility_backup\",\"url\":\"utilities\\/backup\",\"permission\":\"is_admin\",\"icon\":\"\",\"id\":\"child-database-backup\"},{\"name\":\"als_activity_log_submenu\",\"url\":\"utilities\\/activity_log\",\"permission\":\"is_admin\",\"icon\":\"\",\"id\":\"child-activity-log\"},{\"name\":\"ticket_pipe_log\",\"url\":\"utilities\\/pipe_log\",\"permission\":\"is_admin\",\"icon\":\"\",\"id\":\"ticket-pipe-log\"}]}]}'),
(87, 'estimate_expiry_reminder_enabled', '1'),
(88, 'send_estimate_expiry_reminder_before', '4'),
(89, 'leads_default_source', ''),
(90, 'leads_default_status', ''),
(91, 'proposal_expiry_reminder_enabled', '1'),
(92, 'send_proposal_expiry_reminder_before', '4'),
(93, 'default_contact_permissions', 'a:6:{i:0;s:1:\"1\";i:1;s:1:\"2\";i:2;s:1:\"3\";i:3;s:1:\"4\";i:4;s:1:\"5\";i:5;s:1:\"6\";}'),
(94, 'pdf_logo_width', '150'),
(95, 'aside_menu_inactive', '{\"aside_menu_inactive\":[]}'),
(96, 'setup_menu_active', '{\n    \"setup_menu_active\": [\n      {\n        \"permission\": \"is_admin\",\n        \"name\": \"clients\",\n        \"url\": \"#\",\n        \"icon\": \"\",\n        \"id\": \"customers\",\n        \"children\": [{\n            \"permission\": \"\",\n            \"name\": \"customer_groups\",\n            \"url\": \"clients\\/groups\",\n            \"icon\": \"\",\n            \"id\": \"groups\"\n        }]\n    }, {\n        \"permission\": \"\",\n        \"name\": \"support\",\n        \"url\": \"#\",\n        \"icon\": \"\",\n        \"id\": \"tickets\",\n        \"children\": [{\n            \"permission\": \"is_admin\",\n            \"name\": \"acs_departments\",\n            \"url\": \"departments\",\n            \"icon\": \"\",\n            \"id\": \"departments\"\n        }, {\n            \"permission\": \"is_admin\",\n            \"name\": \"acs_ticket_predefined_replies_submenu\",\n            \"url\": \"tickets\\/predifined_replies\",\n            \"icon\": \"\",\n            \"id\": \"predifined-replies\"\n        }, {\n            \"permission\": \"is_admin\",\n            \"name\": \"acs_ticket_priority_submenu\",\n            \"url\": \"tickets\\/priorities\",\n            \"icon\": \"\",\n            \"id\": \"ticket-priority\"\n        }, {\n            \"permission\": \"is_admin\",\n            \"name\": \"acs_ticket_statuses_submenu\",\n            \"url\": \"tickets\\/statuses\",\n            \"icon\": \"\",\n            \"id\": \"ticket-statuses\"\n        }, {\n            \"permission\": \"is_admin\",\n            \"name\": \"acs_ticket_services_submenu\",\n            \"url\": \"tickets\\/services\",\n            \"icon\": \"\",\n            \"id\": \"services\"\n        }, {\n            \"permission\": \"is_admin\",\n            \"name\": \"spam_filters\",\n            \"url\": \"tickets\\/spam_filters\",\n            \"icon\": \"\",\n            \"id\": \"spam-filters\"\n        }]\n    }, {\n        \"permission\": \"is_admin\",\n        \"name\": \"acs_leads\",\n        \"url\": \"#\",\n        \"icon\": \"\",\n        \"id\": \"leads\",\n        \"children\": [{\n            \"permission\": \"\",\n            \"name\": \"acs_leads_sources_submenu\",\n            \"url\": \"leads\\/sources\",\n            \"icon\": \"\",\n            \"id\": \"sources\"\n        }, {\n            \"permission\": \"\",\n            \"name\": \"acs_leads_statuses_submenu\",\n            \"url\": \"leads\\/statuses\",\n            \"icon\": \"\",\n            \"id\": \"statuses\"\n        }, {\n            \"permission\": \"\",\n            \"name\": \"leads_email_integration\",\n            \"url\": \"leads\\/email_integration\",\n            \"icon\": \"\",\n            \"id\": \"email-integration\"\n        }, {\n            \"name\": \"web_to_lead\",\n            \"permission\": \"is_admin\",\n            \"icon\": \"\",\n            \"url\": \"leads\\/forms\",\n            \"id\": \"web-to-lead\"\n        }]\n    }, {\n        \"permission\": \"is_admin\",\n        \"name\": \"acs_finance\",\n        \"url\": \"#\",\n        \"icon\": \"\",\n        \"id\": \"finance\",\n        \"children\": [{\n            \"permission\": \"\",\n            \"name\": \"acs_sales_taxes_submenu\",\n            \"url\": \"taxes\",\n            \"icon\": \"\",\n            \"id\": \"taxes\"\n        }, {\n            \"permission\": \"\",\n            \"name\": \"acs_sales_currencies_submenu\",\n            \"url\": \"currencies\",\n            \"icon\": \"\",\n            \"id\": \"currencies\"\n        }, {\n            \"permission\": \"\",\n            \"name\": \"acs_sales_payment_modes_submenu\",\n            \"url\": \"paymentmodes\",\n            \"icon\": \"\",\n            \"id\": \"payment-modes\"\n        }, {\n            \"permission\": \"\",\n            \"name\": \"acs_expense_categories\",\n            \"url\": \"expenses\\/categories\",\n            \"icon\": \"\",\n            \"id\": \"expenses-categories\"\n        }]\n    }, {\n        \"permission\": \"is_admin\",\n        \"name\": \"acs_contracts\",\n        \"url\": \"#\",\n        \"icon\": \"\",\n        \"id\": \"contracts\",\n        \"children\": [{\n            \"permission\": \"\",\n            \"name\": \"acs_contract_types\",\n            \"url\": \"contracts\\/types\",\n            \"icon\": \"\",\n            \"id\": \"contract-types\"\n        }]\n    }, \n    {\n        \"permission\": \"email_templates\",\n        \"name\": \"acs_email_templates\",\n        \"url\": \"emails\",\n        \"icon\": \"\",\n        \"id\": \"email-templates\"\n    },\n      {\n        \"permission\": \"exigency\",\n        \"name\": \"acs_exigency\",\n        \"url\": \"exigency\",\n        \"icon\": \"\",\n        \"id\": \"exigency\"\n    },\n     {\n        \"permission\": \"is_admin\",\n        \"name\": \"asc_custom_fields\",\n        \"url\": \"custom_fields\",\n        \"icon\": \"\",\n        \"id\": \"custom-fields\"\n    }, {\n        \"permission\": \"roles\",\n        \"name\": \"acs_roles\",\n        \"url\": \"roles\",\n        \"icon\": \"\",\n        \"id\": \"roles\"\n    }, {\n        \"permission\": \"is_admin\",\n        \"name\": \"menu_builder\",\n        \"url\": \"#\",\n        \"icon\": \"\",\n        \"id\": \"menu-builder\",\n        \"children\": [{\n            \"permission\": \"\",\n            \"name\": \"main_menu\",\n            \"url\": \"utilities\\/main_menu\",\n            \"icon\": \"\",\n            \"id\": \"organize-sidebar\"\n        }, {\n            \"permission\": \"is_admin\",\n            \"name\": \"setup_menu\",\n            \"url\": \"utilities\\/setup_menu\",\n            \"icon\": \"\",\n            \"id\": \"setup-menu\"\n        }]\n    }, \n    {\"permission\":\"setting_rule\",\"name\":\"setting_rule\",\"url\":\"rule\",\"icon\":\"\",\"id\":\"setting_rule\"},\n    {\n        \"name\": \"theme_style\",\n        \"permission\": \"is_admin\",\n        \"icon\": \"\",\n        \"url\": \"utilities\\/theme_style\",\n        \"id\": \"theme-style\"\n    }, {\n        \"permission\": \"settings\",\n        \"name\": \"acs_settings\",\n        \"url\": \"settings\",\n        \"icon\": \"\",\n        \"id\": \"settings\"\n    }]\n}'),
(97, 'access_tickets_to_none_staff_members', '0'),
(98, 'setup_menu_inactive', '{\"setup_menu_inactive\":[]}'),
(99, 'customer_default_country', ''),
(100, 'view_estimate_only_logged_in', '0'),
(101, 'show_status_on_pdf_ei', '1'),
(102, 'email_piping_only_replies', '0'),
(103, 'email_piping_only_registered', '0'),
(104, 'default_view_calendar', 'month'),
(105, 'email_piping_default_priority', '2'),
(106, 'total_to_words_lowercase', '0'),
(107, 'show_tax_per_item', '1'),
(108, 'last_survey_send_cron', ''),
(109, 'total_to_words_enabled', '0'),
(110, 'receive_notification_on_new_ticket', '1'),
(111, 'autoclose_tickets_after', '0'),
(112, 'media_max_file_size_upload', '10'),
(113, 'client_staff_add_edit_delete_task_comments_first_hour', '0'),
(114, 'show_projects_on_calendar', '1'),
(115, 'leads_kanban_limit', '50'),
(116, 'tasks_reminder_notification_before', '2'),
(117, 'pdf_font', 'freesans'),
(118, 'pdf_table_heading_color', '#323a45'),
(119, 'pdf_table_heading_text_color', '#ffffff'),
(120, 'pdf_font_size', '10'),
(121, 'defaut_leads_kanban_sort', 'leadorder'),
(122, 'defaut_leads_kanban_sort_type', 'asc'),
(123, 'allowed_files', '.gif,.png,.jpeg,.jpg,.pdf,.doc,.txt,.docx,.xls,.zip,.rar,.xls,.mp4'),
(124, 'show_all_tasks_for_project_member', '1'),
(125, 'email_protocol', 'mail'),
(126, 'calendar_first_day', '0'),
(127, 'recaptcha_secret_key', ''),
(128, 'show_help_on_setup_menu', '1'),
(129, 'show_proposals_on_calendar', '1'),
(130, 'smtp_encryption', 'ssl'),
(131, 'recaptcha_site_key', ''),
(132, 'smtp_username', 'nguyenthuan.fososoft@gmail.com'),
(133, 'auto_stop_tasks_timers_on_new_timer', '0'),
(134, 'notification_when_customer_pay_invoice', '1'),
(135, 'theme_style', '[{\"id\":\"admin-menu\",\"color\":\"#5b5b5b\"},{\"id\":\"top-header\",\"color\":\"#2b2727\"}]'),
(136, 'calendar_invoice_color', '#FF6F00'),
(137, 'calendar_estimate_color', '#FF6F00'),
(138, 'calendar_proposal_color', '#84c529'),
(139, 'calendar_task_color', '#FC2D42'),
(140, 'calendar_reminder_color', '#03A9F4'),
(141, 'calendar_contract_color', '#B72974'),
(142, 'calendar_project_color', '#B72974'),
(143, 'update_info_message', ''),
(144, 'show_estimate_reminders_on_calendar', '1'),
(145, 'show_invoice_reminders_on_calendar', '1'),
(146, 'show_proposal_reminders_on_calendar', '1'),
(147, 'proposal_due_after', '7'),
(148, 'allow_customer_to_change_ticket_status', '0'),
(149, 'lead_lock_after_convert_to_customer', '0'),
(150, 'default_proposals_pipeline_sort', 'pipeline_order'),
(151, 'defaut_proposals_pipeline_sort_type', 'asc'),
(152, 'default_estimates_pipeline_sort', 'pipeline_order'),
(153, 'defaut_estimates_pipeline_sort_type', 'asc'),
(154, 'use_recaptcha_customers_area', '0'),
(155, 'remove_decimals_on_zero', '0'),
(156, 'remove_tax_name_from_item_table', '0'),
(157, 'pdf_format_invoice', 'A4-PORTRAIT'),
(158, 'pdf_format_estimate', 'A4-PORTRAIT'),
(159, 'pdf_format_proposal', 'A4-PORTRAIT'),
(160, 'pdf_format_payment', 'A4-PORTRAIT'),
(161, 'pdf_format_contract', 'A4-PORTRAIT'),
(162, 'pdf_text_color', '#000000'),
(163, 'auto_check_for_new_notifications', '0'),
(164, 'swap_pdf_info', '0'),
(165, 'exclude_invoice_from_client_area_with_draft_status', '1'),
(166, 'cron_has_run_from_cli', '0'),
(167, 'hide_cron_is_required_message', '1'),
(168, 'auto_assign_customer_admin_after_lead_convert', '1'),
(169, 'show_transactions_on_invoice_pdf', '1'),
(170, 'show_pay_link_to_invoice_pdf', '1'),
(171, 'tasks_kanban_limit', '50'),
(172, 'purchase_key', ''),
(173, 'estimates_pipeline_limit', '50'),
(174, 'proposals_pipeline_limit', '50'),
(175, 'proposal_number_prefix', 'PRO-'),
(176, 'number_padding_prefixes', '6'),
(177, 'show_page_number_on_pdf', '0'),
(178, 'calendar_events_limit', '4'),
(179, 'show_setup_menu_item_only_on_hover', '0'),
(180, 'company_requires_vat_number_field', '1'),
(181, 'company_is_required', '1'),
(182, 'allow_contact_to_delete_files', '0'),
(183, 'company_vat', ''),
(184, 'di', '1490858650'),
(185, 'invoice_auto_operations_hour', '21'),
(186, 'use_minified_files', '1'),
(187, 'only_own_files_contacts', '0'),
(188, 'allow_primary_contact_to_view_edit_billing_and_shipping', '0'),
(189, 'estimate_due_after', '7'),
(190, 'delete_backups_older_then', '0'),
(191, 'staff_members_open_tickets_to_all_contacts', '1'),
(192, 'paymentmethod_stripe_active', '0'),
(193, 'paymentmethod_stripe_label', 'Stripe'),
(194, 'paymentmethod_stripe_api_secret_key', ''),
(195, 'paymentmethod_stripe_api_publishable_key', ''),
(196, 'paymentmethod_stripe_currencies', 'USD,CAD'),
(197, 'paymentmethod_stripe_default_selected', '1'),
(198, 'paymentmethod_stripe_test_mode_enabled', '1'),
(199, 'paymentmethod_two_checkout_active', '0'),
(200, 'paymentmethod_two_checkout_label', '2Checkout'),
(201, 'paymentmethod_two_checkout_account_number', ''),
(202, 'paymentmethod_two_checkout_private_key', ''),
(203, 'paymentmethod_two_checkout_publishable_key', ''),
(204, 'paymentmethod_two_checkout_currencies', 'USD,EUR'),
(205, 'paymentmethod_two_checkout_default_selected', '1'),
(206, 'paymentmethod_two_checkout_test_mode_enabled', '1'),
(207, 'paymentmethod_paypal_active', '0'),
(208, 'paymentmethod_paypal_label', 'Paypal'),
(209, 'paymentmethod_paypal_username', ''),
(210, 'paymentmethod_paypal_password', ''),
(211, 'paymentmethod_paypal_signature', ''),
(212, 'paymentmethod_paypal_currencies', 'EUR,USD'),
(213, 'paymentmethod_paypal_default_selected', '1'),
(214, 'paymentmethod_paypal_test_mode_enabled', '1'),
(215, 'paymentmethod_paypal_braintree_active', '0'),
(216, 'paymentmethod_paypal_braintree_label', 'Braintree'),
(217, 'paymentmethod_paypal_braintree_merchant_id', ''),
(218, 'paymentmethod_paypal_braintree_api_public_key', ''),
(219, 'paymentmethod_paypal_braintree_api_private_key', ''),
(220, 'paymentmethod_paypal_braintree_currencies', 'USD'),
(221, 'paymentmethod_paypal_braintree_default_selected', '1'),
(222, 'paymentmethod_paypal_braintree_test_mode_enabled', '1'),
(223, 'paymentmethod_authorize_sim_active', '0'),
(224, 'paymentmethod_authorize_sim_label', 'Authorize.net'),
(225, 'paymentmethod_authorize_sim_api_login_id', ''),
(226, 'paymentmethod_authorize_sim_api_transaction_key', ''),
(227, 'paymentmethod_authorize_sim_api_secret_key', ''),
(228, 'paymentmethod_authorize_sim_currencies', 'USD'),
(229, 'paymentmethod_authorize_sim_default_selected', '1'),
(230, 'paymentmethod_authorize_sim_test_mode_enabled', '0'),
(231, 'paymentmethod_authorize_sim_developer_mode_enabled', '1'),
(232, 'paymentmethod_mollie_active', '0'),
(233, 'paymentmethod_mollie_label', 'Mollie'),
(234, 'paymentmethod_mollie_api_key', ''),
(235, 'paymentmethod_mollie_currencies', 'EUR'),
(236, 'paymentmethod_mollie_default_selected', '1'),
(237, 'paymentmethod_mollie_test_mode_enabled', '1'),
(238, 'paymentmethod_authorize_aim_active', '0'),
(239, 'paymentmethod_authorize_aim_label', 'Authorize.net'),
(240, 'paymentmethod_authorize_aim_api_login_id', ''),
(241, 'paymentmethod_authorize_aim_api_transaction_key', ''),
(242, 'paymentmethod_authorize_aim_currencies', 'USD'),
(243, 'paymentmethod_authorize_aim_default_selected', '1'),
(244, 'paymentmethod_authorize_aim_test_mode_enabled', '0'),
(245, 'paymentmethod_authorize_aim_developer_mode_enabled', '1'),
(246, 'setting_watermark_text', '{\"text\":\"fhsjdkhfklsdf;l\",\"color\":\"#ffffff\",\"vitri\":\"bottom\",\"canhvitri\":\"right\",\"fontsize\":\"50\"}'),
(247, 'setting_watermark_images', '{\"height\":\"10\",\"width\":\"12\",\"vitri\":\"bottom\",\"canhvitri\":\"right\",\"opacity\":\"12\",\"img_logo\":\"uploads\\/watermark\\/apartment_for_rent_honeycomb_house-1.png\"}'),
(250, 'messaging_chat_head_color', '#57B5DF'),
(251, 'messaging_chat_message_own_color', '#57B5DF'),
(252, 'messaging_chat_message_own_font_color', '#FFFFFF'),
(253, 'messaging_chat_message_from_color', '#EDEDED'),
(254, 'messaging_chat_message_from_font_color', '#5B5B5B'),
(248, 'messaging_can_create_group', '1'),
(249, 'messaging_chat_opener_color', '#4B5158');

-- --------------------------------------------------------

--
-- Cấu trúc bảng cho bảng `tblorder_table`
--

CREATE TABLE `tblorder_table` (
  `id` int(11) NOT NULL,
  `id_menu` int(11) DEFAULT NULL,
  `active` text CHARACTER SET utf8
) ENGINE=InnoDB DEFAULT CHARSET=latin1;

--
-- Đang đổ dữ liệu cho bảng `tblorder_table`
--

INSERT INTO `tblorder_table` (`id`, `id_menu`, `active`) VALUES
(2, 58, '{\"1\":{\"permission\":\"M\\u00e3 SP\",\"id\":\"code\"},\"2\":{\"permission\":\"N\\u1ed9i th\\u1ea5t\",\"id\":\"furniture_name\"},\"3\":{\"permission\":\"DT\",\"id\":\"convenient\"},\"4\":{\"permission\":\"\\u0110\\u0110SP\",\"id\":\"characteristics\"},\"5\":{\"permission\":\"Nhu c\\u1ea7u\",\"id\":\"exigency_name\"},\"6\":{\"permission\":\"Gi\\u00e1 Thu\\u00ea\",\"id\":\"price\"},\"7\":{\"permission\":\"Gi\\u00e1 B\\u00e1n\",\"id\":\"cost\"},\"8\":{\"permission\":\"Gi\\u00e1 G\\u1ed3m\",\"id\":\"detail_price\"},\"9\":{\"permission\":\"Th\\u1eddi gian thu\\u1ebf\",\"id\":\"deadline\"},\"10\":{\"permission\":\"Nh\\u00e2n vi\\u00ean t\\u1ea1o\",\"id\":\"staff_id\"},\"11\":{\"permission\":\"Hoa h\\u1ed3ng\",\"id\":\"bonus\"},\"12\":{\"permission\":\"Ghi ch\\u00fa\",\"id\":\"note\"},\"13\":{\"permission\":\"Th\\u1ebb\",\"id\":\"tag\"},\"14\":{\"permission\":\"S\\u1ed1 nh\\u00e0\",\"id\":\"so_nha_5\"},\"15\":{\"permission\":\"\\u0110\\u01b0\\u1eddng\",\"id\":\"duong_6\"},\"16\":{\"permission\":\"M\\u1eb7t ti\\u1ec1n\",\"id\":\"mat_tien_7\"},\"17\":{\"permission\":\"\\u0110\\u01b0\\u1eddng r\\u1ed9ng\",\"id\":\"duong_rong_8\"},\"18\":{\"permission\":\"S\\u1ed1 t\\u1ea7ng\",\"id\":\"so_tang_9\"},\"19\":{\"permission\":\"Ti\\u1ec7n \\u00edch\",\"id\":\"the_dien_tich_10\"},\"20\":{\"permission\":\"Th\\u00e0nh ph\\u1ed1\",\"id\":\"province_name\"},\"21\":{\"permission\":\"Qu\\u1eadn\\/Huy\\u1ec7n\",\"id\":\"district_name\"},\"22\":{\"permission\":\"PN\",\"id\":\"type_pn\"},\"23\":{\"permission\":\"H\\u01b0\\u1edbng c\\u1eeda\",\"id\":\"door_direction_name\"},\"24\":{\"permission\":\"TG HH\\u0110\",\"id\":\"expires\"},\"25\":{\"permission\":\"Ng\\u00e0y xem nh\\u00e0\",\"id\":\"watch_house\"},\"26\":{\"permission\":\"T\\u00f2a\",\"id\":\"toa_2\"},\"27\":{\"permission\":\"L\\u1ea7u\",\"id\":\"lau_3\"},\"28\":{\"permission\":\"C\\u0103n\",\"id\":\"can_4\"},\"29\":{\"permission\":\"Ch\\u1ee7 s\\u1edf h\\u1eefu ch\\u00ednh\",\"id\":\"master\"},\"30\":{\"permission\":\"Phone ch\\u1ee7 s\\u1edf h\\u1eefu\",\"id\":\"master_phone\"},\"31\":{\"permission\":\"Email ch\\u1ee7 s\\u1edf h\\u1eefu\",\"id\":\"master_email\"},\"32\":{\"permission\":\"T\\u00ecnh tr\\u1ea1ng\",\"id\":\"status\"}}'),
(3, 76, '{\"1\":{\"permission\":\"M\\u00e3 s\\u1ea3n ph\\u1ea9m\",\"id\":\"code\"},\"2\":{\"permission\":\"Th\\u00e0nh ph\\u1ed1\",\"id\":\"province_name\"},\"3\":{\"permission\":\"Qu\\u1eadn\\/Huy\\u1ec7n\",\"id\":\"district_name\"},\"4\":{\"permission\":\"Ph\\u00f2ng ng\\u1ee7\",\"id\":\"type_pn\"},\"5\":{\"permission\":\"H\\u01b0\\u1edbng c\\u1eeda\",\"id\":\"door_direction_name\"},\"6\":{\"permission\":\"T\\u00ean Kh\\u00e1ch h\\u00e0ng\",\"id\":\"fullname\"},\"7\":{\"permission\":\"S\\u1ed1 \\u0111i\\u1ec7n tho\\u1ea1i\",\"id\":\"numberphone\"},\"8\":{\"permission\":\"Email\",\"id\":\"email\"},\"9\":{\"permission\":\"\\u0110\\u1ed3 n\\u1ed9i th\\u1ea5t\",\"id\":\"furniture_name\"},\"10\":{\"permission\":\"Di\\u1ec7n t\\u00edch\",\"id\":\"convenient\"},\"11\":{\"permission\":\"\\u0110\\u1eb7c \\u0111i\\u1ec3m s\\u1ea3n ph\\u1ea9m\",\"id\":\"characteristics\"},\"12\":{\"permission\":\"Ng\\u00e0y l\\u1ecdc\",\"id\":\"date_update\"},\"13\":{\"permission\":\"Nhu c\\u1ea7u\",\"id\":\"exigency_name\"},\"14\":{\"permission\":\"Gi\\u00e1(VND)\",\"id\":\"price\"},\"15\":{\"permission\":\"Gi\\u00e1(USD)\",\"id\":\"cost\"},\"16\":{\"permission\":\"T\\u00ecnh tr\\u1ea1ng\",\"id\":\"status\"},\"17\":{\"permission\":\"Gi\\u00e1 G\\u1ed3m\",\"id\":\"detail_price\"},\"18\":{\"permission\":\"Th\\u1eddi gian thu\\u1ebf\",\"id\":\"deadline\"},\"19\":{\"permission\":\"M\\u00e3 thu\\u1ebf\",\"id\":\"code_tax\"},\"20\":{\"permission\":\"Nh\\u00e2n vi\\u00ean t\\u1ea1o\",\"id\":\"staff_id\"},\"21\":{\"permission\":\"Bonus\",\"id\":\"bonus\"},\"22\":{\"permission\":\"Ghi ch\\u00fa\",\"id\":\"note\"},\"23\":{\"permission\":\"Th\\u1ebb\",\"id\":\"tag\"}}'),
(4, 142, '{\"1\":{\"permission\":\"M\\u00e3 s\\u1ea3n ph\\u1ea9m\",\"id\":\"code\"},\"2\":{\"permission\":\"Ph\\u00f2ng ng\\u1ee7\",\"id\":\"type_pn\"},\"3\":{\"permission\":\"H\\u01b0\\u1edbng c\\u1eeda\",\"id\":\"door_direction_name\"},\"4\":{\"permission\":\"T\\u00ean Kh\\u00e1ch h\\u00e0ng\",\"id\":\"fullname\"},\"5\":{\"permission\":\"S\\u1ed1 \\u0111i\\u1ec7n tho\\u1ea1i\",\"id\":\"numberphone\"},\"6\":{\"permission\":\"Email\",\"id\":\"email\"},\"7\":{\"permission\":\"\\u0110\\u1ed3 n\\u1ed9i th\\u1ea5t\",\"id\":\"furniture_name\"},\"8\":{\"permission\":\"Di\\u1ec7n t\\u00edch\",\"id\":\"convenient\"},\"9\":{\"permission\":\"\\u0110\\u1eb7c \\u0111i\\u1ec3m s\\u1ea3n ph\\u1ea9m\",\"id\":\"characteristics\"},\"10\":{\"permission\":\"Ng\\u00e0y l\\u1ecdc\",\"id\":\"date_update\"},\"11\":{\"permission\":\"Nhu c\\u1ea7u\",\"id\":\"exigency_name\"},\"12\":{\"permission\":\"Gi\\u00e1(VND)\",\"id\":\"price\"},\"13\":{\"permission\":\"Gi\\u00e1(USD)\",\"id\":\"cost\"},\"14\":{\"permission\":\"T\\u00ecnh tr\\u1ea1ng\",\"id\":\"status\"},\"15\":{\"permission\":\"Gi\\u00e1 G\\u1ed3m\",\"id\":\"detail_price\"},\"16\":{\"permission\":\"Th\\u1eddi gian thu\\u1ebf\",\"id\":\"deadline\"},\"17\":{\"permission\":\"M\\u00e3 thu\\u1ebf\",\"id\":\"code_tax\"},\"18\":{\"permission\":\"Nh\\u00e2n vi\\u00ean t\\u1ea1o\",\"id\":\"staff_id\"},\"19\":{\"permission\":\"Bonus\",\"id\":\"bonus\"},\"20\":{\"permission\":\"Ghi ch\\u00fa\",\"id\":\"note\"},\"21\":{\"permission\":\"Th\\u1ebb\",\"id\":\"tag\"},\"22\":{\"permission\":\"S\\u1ed1 nh\\u00e0\",\"id\":\"so_nha_5\"},\"23\":{\"permission\":\"\\u0110\\u01b0\\u1eddng\",\"id\":\"duong_6\"},\"24\":{\"permission\":\"M\\u1eb7t ti\\u1ec1n\",\"id\":\"mat_tien_7\"},\"25\":{\"permission\":\"\\u0110\\u01b0\\u1eddng r\\u1ed9ng\",\"id\":\"duong_rong_8\"},\"26\":{\"permission\":\"S\\u1ed1 t\\u1ea7ng\",\"id\":\"so_tang_9\"},\"27\":{\"permission\":\"Ti\\u1ec7n \\u00edch\",\"id\":\"the_dien_tich_10\"}}'),
(5, 130, '{\"1\":{\"permission\":\"M\\u00e3 s\\u1ea3n ph\\u1ea9m\",\"id\":\"code\"},\"2\":{\"permission\":\"Th\\u00e0nh ph\\u1ed1\",\"id\":\"province_name\"},\"3\":{\"permission\":\"Qu\\u1eadn\\/Huy\\u1ec7n\",\"id\":\"district_name\"},\"4\":{\"permission\":\"Ph\\u00f2ng ng\\u1ee7\",\"id\":\"type_pn\"},\"5\":{\"permission\":\"H\\u01b0\\u1edbng c\\u1eeda\",\"id\":\"door_direction_name\"},\"6\":{\"permission\":\"T\\u00ean Kh\\u00e1ch h\\u00e0ng\",\"id\":\"fullname\"},\"7\":{\"permission\":\"S\\u1ed1 \\u0111i\\u1ec7n tho\\u1ea1i\",\"id\":\"numberphone\"},\"8\":{\"permission\":\"Email\",\"id\":\"email\"},\"9\":{\"permission\":\"\\u0110\\u1ed3 n\\u1ed9i th\\u1ea5t\",\"id\":\"furniture_name\"},\"10\":{\"permission\":\"Di\\u1ec7n t\\u00edch\",\"id\":\"convenient\"},\"11\":{\"permission\":\"\\u0110\\u1eb7c \\u0111i\\u1ec3m s\\u1ea3n ph\\u1ea9m\",\"id\":\"characteristics\"},\"12\":{\"permission\":\"Ng\\u00e0y l\\u1ecdc\",\"id\":\"date_update\"},\"13\":{\"permission\":\"Nhu c\\u1ea7u\",\"id\":\"exigency_name\"},\"14\":{\"permission\":\"Gi\\u00e1(VND)\",\"id\":\"price\"},\"15\":{\"permission\":\"Gi\\u00e1(USD)\",\"id\":\"cost\"},\"16\":{\"permission\":\"T\\u00ecnh tr\\u1ea1ng\",\"id\":\"status\"},\"17\":{\"permission\":\"Gi\\u00e1 G\\u1ed3m\",\"id\":\"detail_price\"},\"18\":{\"permission\":\"Th\\u1eddi gian thu\\u1ebf\",\"id\":\"deadline\"},\"19\":{\"permission\":\"M\\u00e3 thu\\u1ebf\",\"id\":\"code_tax\"},\"20\":{\"permission\":\"Nh\\u00e2n vi\\u00ean t\\u1ea1o\",\"id\":\"staff_id\"},\"21\":{\"permission\":\"Bonus\",\"id\":\"bonus\"},\"22\":{\"permission\":\"Ghi ch\\u00fa\",\"id\":\"note\"},\"23\":{\"permission\":\"Th\\u1ebb\",\"id\":\"tag\"}}'),
(6, 141, 'null');

-- --------------------------------------------------------

--
-- Cấu trúc bảng cho bảng `tblorder_table_clients`
--

CREATE TABLE `tblorder_table_clients` (
  `id` int(11) NOT NULL,
  `value` text CHARACTER SET utf8 COLLATE utf8_unicode_ci NOT NULL
) ENGINE=InnoDB DEFAULT CHARSET=latin1;

--
-- Đang đổ dữ liệu cho bảng `tblorder_table_clients`
--

INSERT INTO `tblorder_table_clients` (`id`, `value`) VALUES
(1, '[{\"title_th\":\"KH t\\u1eeb\",\"id\":\"clientFrom\"},{\"title_th\":\"T\\u00ean KH\",\"id\":\"company\"},{\"title_th\":\"Ngu\\u1ed3n\",\"id\":\"source\"},{\"title_th\":\"S\\u1ed1 \\u0111t\",\"id\":\"phonenumber\"},{\"title_th\":\"Email\",\"id\":\"email\"},{\"title_th\":\"Qu\\u1ed1c t\\u1ecbch\",\"id\":\"country\"},{\"title_th\":\"T\\u00ecnh tr\\u1ea1ng\",\"id\":\"type_client\"},{\"title_th\":\"NV \\u0111\\u0103ng k\\u00fd KH\",\"id\":\"dkkh\"},{\"title_th\":\"NV ph\\u1ee5 tr\\u00e1ch KH\",\"id\":\"nvgd\"},{\"title_th\":\"Ng\\u00e0y \\u0111\\u0103ng k\\u00fd\",\"id\":\"datecreated\"}]'),
(2, '[{\"title_th\":\"M\\u00e3 H\\u0110\",\"id\":\"id_contract\",\"childs\":[]},{\"title_th\":\"Ng\\u00e0y GD\",\"id\":\"date_deal\",\"childs\":[]},{\"title_th\":\"Ngu\\u1ed3n\",\"id\":\"source_name\",\"childs\":[]},{\"title_th\":\"\\u0110\\u1ed1i t\\u00e1c\",\"id\":\"partner\",\"childs\":[{\"title_th\":\"Ph\\u00e2n lo\\u1ea1i \\u0110\\u1ed1i t\\u00e1c\",\"id\":\"id_partner\"},{\"title_th\":\"H\\u1ecd T\\u00ean(\\u0110\\u1ed1i t\\u00e1c)\",\"id\":\"name_partner\"},{\"title_th\":\"S\\u1ed1 \\u0111i\\u1ec7n tho\\u1ea1i(\\u0110\\u1ed1i t\\u00e1c)\",\"id\":\"phone_partner\"},{\"title_th\":\"Email(\\u0110\\u1ed1i t\\u00e1c)\",\"id\":\"email_partner\"}]},{\"title_th\":\"Lo\\u1ea1i kh\\u00e1ch h\\u00e0ng\",\"id\":\"class_client_name\",\"childs\":[]},{\"title_th\":\"Nhu c\\u1ea7u\",\"id\":\"name_exigency\",\"childs\":[]},{\"title_th\":\"Th\\u00f4ng tin SP\",\"id\":\"area\",\"childs\":[{\"title_th\":\"Lo\\u1ea1i bds\",\"id\":\"name_menu_bds\"},{\"title_th\":\"Qu\\u1eadn khu v\\u1ef1c\",\"id\":\"province_name\"},{\"title_th\":\"DA\",\"id\":\"name_bds\"},{\"title_th\":\"\\u0110C\",\"id\":\"address\"}]},{\"title_th\":\"\\u0110\\u1ed1i t\\u00e1c\",\"id\":\"partner\",\"childs\":[{\"title_th\":\"Ph\\u00e2n lo\\u1ea1i \\u0110\\u1ed1i t\\u00e1c\",\"id\":\"id_partner\"},{\"title_th\":\"H\\u1ecd T\\u00ean(\\u0110\\u1ed1i t\\u00e1c)\",\"id\":\"name_partner\"},{\"title_th\":\"S\\u1ed1 \\u0111i\\u1ec7n tho\\u1ea1i(\\u0110\\u1ed1i t\\u00e1c)\",\"id\":\"phone_partner\"},{\"title_th\":\"Email(\\u0110\\u1ed1i t\\u00e1c)\",\"id\":\"email_partner\"}]},{\"title_th\":\"Kh\\u00e1ch h\\u00e0ng\",\"id\":\"clients\",\"childs\":[{\"title_th\":\"T\\u00ean kh\\u00e1ch h\\u00e0ng\",\"id\":\"company\"},{\"title_th\":\"S\\u1ed1 \\u0111i\\u1ec7n tho\\u1ea1i(KH)\",\"id\":\"phonenumber\"},{\"title_th\":\"Email(KH)\",\"id\":\"email\"},{\"title_th\":\"Qu\\u1ed1c t\\u1ecbch\",\"id\":\"name_country\"}]},{\"title_th\":\"Ch\\u1ee7 nh\\u00e0\",\"id\":\"owner\",\"childs\":[{\"title_th\":\"T\\u00ean ch\\u1ee7 nh\\u00e0\",\"id\":\"master_name\"},{\"title_th\":\"S\\u1ed1 \\u0111i\\u1ec7n tho\\u1ea1i\",\"id\":\"master_phonenumber\"},{\"title_th\":\"Email\",\"id\":\"master_email\"}]},{\"title_th\":\"Tr\\u1ea1ng th\\u00e1i\",\"id\":\"status\",\"childs\":[]},{\"title_th\":\"Hoa h\\u1ed3ng\",\"id\":\"commission\",\"childs\":[{\"title_th\":\"Tr\\u1ea1ng th\\u00e1i hoa h\\u1ed3ng\",\"id\":\"status_bonus\"}]},{\"title_th\":\"Th\\u1eddi gian\",\"id\":\"time\",\"childs\":[{\"title_th\":\"Ng\\u00e0y move in\",\"id\":\"date_movein\"},{\"title_th\":\"Th\\u1eddi gian thu\\u00ea\",\"id\":\"date_tax\"}]},{\"title_th\":\"Ng\\u00e0y HH\\u0110\",\"id\":\"expire_bds\",\"childs\":[]},{\"title_th\":\"Hoa h\\u1ed3ng gia h\\u1ea1n\",\"id\":\"bonus_period\",\"childs\":[]},{\"title_th\":\"Note\",\"id\":\"note\",\"childs\":[]},{\"title_th\":\"NV GD\",\"id\":\"nvgd\",\"childs\":[]},{\"title_th\":\"DK SP\",\"id\":\"dksp\",\"childs\":[]},{\"title_th\":\"\\u0110K Kh\\u00e1ch kh\\u00e0ng\",\"id\":\"dkkh\",\"childs\":[]}]'),
(3, '[{\"title_th\":\"Ng\\u00e0y li\\u00ean h\\u1ec7\",\"id\":\"date_contact\",\"childs\":[]},{\"title_th\":\"Ngu\\u1ed3n\",\"id\":\"source_name\",\"childs\":[]},{\"title_th\":\"\\u0110\\u1ed1i t\\u00e1c\",\"id\":\"partner\",\"childs\":[{\"title_th\":\"Ph\\u00e2n lo\\u1ea1i \\u0110\\u1ed1i t\\u00e1c\",\"id\":\"id_partner\"},{\"title_th\":\"H\\u1ecd T\\u00ean(\\u0110\\u1ed1i t\\u00e1c)\",\"id\":\"name_partner\"},{\"title_th\":\"S\\u1ed1 \\u0111i\\u1ec7n tho\\u1ea1i(\\u0110\\u1ed1i t\\u00e1c)\",\"id\":\"phone_partner\"},{\"title_th\":\"Email(\\u0110\\u1ed1i t\\u00e1c)\",\"id\":\"email_partner\"}]},{\"title_th\":\"Kh\\u00e1ch h\\u00e0ng\",\"id\":\"clients\",\"childs\":[{\"title_th\":\"T\\u00ean kh\\u00e1ch h\\u00e0ng\",\"id\":\"company\"},{\"title_th\":\"S\\u1ed1 \\u0111i\\u1ec7n tho\\u1ea1i(KH)\",\"id\":\"phonenumber\"},{\"title_th\":\"Email(KH)\",\"id\":\"email\"},{\"title_th\":\"Qu\\u1ed1c t\\u1ecbch\",\"id\":\"name_country\"}]},{\"title_th\":\"Lo\\u1ea1i kh\\u00e1ch h\\u00e0ng\",\"id\":\"class_client_name\",\"childs\":[]},{\"title_th\":\"Nhu c\\u1ea7u\",\"id\":\"name_exigency\",\"childs\":[]},{\"title_th\":\"M\\u1ee5c \\u0111\\u00edch\",\"id\":\"name_purpose\",\"childs\":[]},{\"title_th\":\"Y\\u00eau c\\u1ea7u khu v\\u1ef1c\\/DA\",\"id\":\"area\",\"childs\":[{\"title_th\":\"Lo\\u1ea1i bds\",\"id\":\"name_menu_bds\"},{\"title_th\":\"Qu\\u1eadn khu v\\u1ef1c\",\"id\":\"province_name\"},{\"title_th\":\"DA\",\"id\":\"name_bds\"}]},{\"title_th\":\"Y\\u00eau c\\u1ea7u chi ti\\u1ebft s\\u1ea3n ph\\u1ea9m\",\"id\":\"detail\",\"childs\":[{\"title_th\":\"PN\",\"id\":\"pn\"},{\"title_th\":\"DT\",\"id\":\"area\"},{\"title_th\":\"Ng\\u00e2n s\\u00e1ch kho\\u1ea3n\",\"id\":\"budget\"}]},{\"title_th\":\"Th\\u1eddi gian\",\"id\":\"time\",\"childs\":[{\"title_th\":\"Ng\\u00e0y move in\",\"id\":\"date_movein\"},{\"title_th\":\"Th\\u1eddi gian thu\\u00ea\",\"id\":\"date_tax\"}]},{\"title_th\":\"Y\\u00eau c\\u1ea7u kh\\u00e1c\",\"id\":\"requirements\",\"childs\":[]},{\"title_th\":\"Tr\\u1ea1ng th\\u00e1i\",\"id\":\"name_status\",\"childs\":[]},{\"title_th\":\"DA\\/KV \\u0111\\u00e3 thu\\u00ea\",\"id\":\"rent_project_name\",\"childs\":[]},{\"title_th\":\"Kho\\u1ea3ng th\\u1eddi h\\u1ea1n HH\\u0110\",\"id\":\"duration_of_contract_expiration\",\"childs\":[]},{\"title_th\":\"L\\u00fd do fail\",\"id\":\"reason_fail\",\"childs\":[]},{\"title_th\":\"NV GD\",\"id\":\"nvgd\",\"childs\":[]},{\"title_th\":\"DK SP\",\"id\":\"dksp\",\"childs\":[]},{\"title_th\":\"\\u0110K kh\\u00e1ch h\\u00e0ng\",\"id\":\"dkkh\",\"childs\":[]}]');

-- --------------------------------------------------------

--
-- Cấu trúc bảng cho bảng `tblotherclients`
--

CREATE TABLE `tblotherclients` (
  `id` int(11) NOT NULL,
  `name` text COLLATE utf8_unicode_ci NOT NULL,
  `fullName` text COLLATE utf8_unicode_ci NOT NULL,
  `phoneNumber` text COLLATE utf8_unicode_ci NOT NULL,
  `email` text COLLATE utf8_unicode_ci NOT NULL,
  `country` int(11) NOT NULL,
  `clientType` int(11) NOT NULL
) ENGINE=InnoDB DEFAULT CHARSET=utf8 COLLATE=utf8_unicode_ci;

-- --------------------------------------------------------

--
-- Cấu trúc bảng cho bảng `tblpartner`
--

CREATE TABLE `tblpartner` (
  `id_partner` int(11) NOT NULL,
  `name_partner` varchar(250) CHARACTER SET utf8 COLLATE utf8_unicode_ci NOT NULL,
  `phone_partner` varchar(20) NOT NULL,
  `email_partner` varchar(250) CHARACTER SET utf8 COLLATE utf8_unicode_ci NOT NULL,
  `company_partner` varchar(250) CHARACTER SET utf8 COLLATE utf8_unicode_ci NOT NULL,
  `status` int(11) DEFAULT NULL,
  `addedfrom` int(11) NOT NULL,
  `date` date NOT NULL,
  `_delete` int(11) NOT NULL DEFAULT '0',
  `date_delete` datetime NOT NULL
) ENGINE=InnoDB DEFAULT CHARSET=latin1;

--
-- Đang đổ dữ liệu cho bảng `tblpartner`
--

INSERT INTO `tblpartner` (`id_partner`, `name_partner`, `phone_partner`, `email_partner`, `company_partner`, `status`, `addedfrom`, `date`, `_delete`, `date_delete`) VALUES
(1, 'Nguyển văn AA', '01245530024', 'nguyenvana@gmail.com', 'c?ng ty', 1, 1, '2017-06-06', 1, '2017-08-02 14:14:38'),
(2, 'nguyển văn B', '01245530024', 'nguyenvanb@gmail.com', 'c?ng ty B', 0, 1, '0000-00-00', 0, '2017-08-02 10:40:06'),
(18, 'Trần vân AB', '01245530024', 'lechi@gmail.com.vn', 'c?ng ty ?', 1, 1, '2017-08-02', 1, '2017-08-02 14:14:38'),
(19, 'test', '012164799741', 'test@gmail.com', 'CÔNG TY TNHH GIẢI PHÁP PHẦN MỀM FOSO', 1, 1, '2017-08-02', 0, '0000-00-00 00:00:00'),
(20, 'abc', '01245530024', '123123@gmail.com', 'cong ty a', 1, 1, '2017-08-03', 0, '0000-00-00 00:00:00'),
(21, '', '', '', '', 0, 1, '2017-08-07', 0, '0000-00-00 00:00:00'),
(22, 'test thành công', '090909', 'nguyenhuutuananh2@gmail.com', 'test', 3, 1, '2017-10-16', 0, '0000-00-00 00:00:00');

-- --------------------------------------------------------

--
-- Cấu trúc bảng cho bảng `tblpermissions`
--

CREATE TABLE `tblpermissions` (
  `permissionid` int(11) NOT NULL,
  `name` mediumtext NOT NULL,
  `shortname` mediumtext NOT NULL
) ENGINE=MyISAM DEFAULT CHARSET=utf8;

--
-- Đang đổ dữ liệu cho bảng `tblpermissions`
--

INSERT INTO `tblpermissions` (`permissionid`, `name`, `shortname`) VALUES
(1, 'Contracts', 'contracts'),
(2, 'Tasks', 'tasks'),
(3, 'Reports', 'reports'),
(4, 'Settings', 'settings'),
(5, 'Projects', 'projects'),
(6, 'Surveys', 'surveys'),
(7, 'Staff', 'staff'),
(8, 'Customers', 'customers'),
(9, 'Email Templates', 'email_templates'),
(10, 'Roles', 'roles'),
(11, 'Estimates', 'estimates'),
(12, 'Knowledge base', 'knowledge_base'),
(13, 'Proposals', 'proposals'),
(14, 'Goals', 'goals'),
(15, 'Expenses', 'expenses'),
(16, 'Bulk PDF Exporter', 'bulk_pdf_exporter'),
(17, 'Payments', 'payments'),
(18, 'Invoices', 'invoices'),
(19, 'Items', 'items');

-- --------------------------------------------------------

--
-- Cấu trúc bảng cho bảng `tblpinnedprojects`
--

CREATE TABLE `tblpinnedprojects` (
  `id` int(11) NOT NULL,
  `project_id` int(11) NOT NULL,
  `staff_id` int(11) NOT NULL
) ENGINE=MyISAM DEFAULT CHARSET=utf8;

-- --------------------------------------------------------

--
-- Cấu trúc bảng cho bảng `tblpostcomments`
--

CREATE TABLE `tblpostcomments` (
  `id` int(11) NOT NULL,
  `content` text,
  `userid` int(11) NOT NULL,
  `postid` int(11) NOT NULL,
  `dateadded` datetime NOT NULL
) ENGINE=MyISAM DEFAULT CHARSET=utf8;

-- --------------------------------------------------------

--
-- Cấu trúc bảng cho bảng `tblpostlikes`
--

CREATE TABLE `tblpostlikes` (
  `id` int(11) NOT NULL,
  `postid` int(11) NOT NULL,
  `userid` int(11) NOT NULL,
  `dateliked` datetime NOT NULL
) ENGINE=MyISAM DEFAULT CHARSET=utf8;

--
-- Đang đổ dữ liệu cho bảng `tblpostlikes`
--

INSERT INTO `tblpostlikes` (`id`, `postid`, `userid`, `dateliked`) VALUES
(1, 1, 1, '2017-10-03 10:25:26');

-- --------------------------------------------------------

--
-- Cấu trúc bảng cho bảng `tblposts`
--

CREATE TABLE `tblposts` (
  `postid` int(11) NOT NULL,
  `creator` int(11) NOT NULL,
  `datecreated` datetime NOT NULL,
  `visibility` varchar(100) NOT NULL,
  `content` text NOT NULL,
  `pinned` int(11) NOT NULL,
  `datepinned` datetime DEFAULT NULL
) ENGINE=MyISAM DEFAULT CHARSET=utf8;

--
-- Đang đổ dữ liệu cho bảng `tblposts`
--

INSERT INTO `tblposts` (`postid`, `creator`, `datecreated`, `visibility`, `content`, `pinned`, `datepinned`) VALUES
(1, 1, '2017-06-10 19:54:38', '1', '', 0, NULL);

-- --------------------------------------------------------

--
-- Cấu trúc bảng cho bảng `tblpredifinedreplies`
--

CREATE TABLE `tblpredifinedreplies` (
  `id` int(11) NOT NULL,
  `name` varchar(300) NOT NULL,
  `message` text NOT NULL
) ENGINE=MyISAM DEFAULT CHARSET=utf8;

-- --------------------------------------------------------

--
-- Cấu trúc bảng cho bảng `tblpricebds`
--

CREATE TABLE `tblpricebds` (
  `id` int(11) NOT NULL,
  `price_min` double NOT NULL,
  `price_max` double NOT NULL
) ENGINE=InnoDB DEFAULT CHARSET=utf8 COLLATE=utf8_unicode_ci;

--
-- Đang đổ dữ liệu cho bảng `tblpricebds`
--

INSERT INTO `tblpricebds` (`id`, `price_min`, `price_max`) VALUES
(1, 0, 5000000),
(2, 5000000, 10000000),
(3, 10000000, 15000000),
(4, 15000000, 20000000),
(5, 20000000, 30000000),
(6, 30000000, 40000000);

-- --------------------------------------------------------

--
-- Cấu trúc bảng cho bảng `tblpriorities`
--

CREATE TABLE `tblpriorities` (
  `priorityid` int(11) NOT NULL,
  `name` varchar(50) NOT NULL
) ENGINE=MyISAM DEFAULT CHARSET=utf8;

--
-- Đang đổ dữ liệu cho bảng `tblpriorities`
--

INSERT INTO `tblpriorities` (`priorityid`, `name`) VALUES
(1, 'Low'),
(2, 'Medium'),
(3, 'High');

-- --------------------------------------------------------

--
-- Cấu trúc bảng cho bảng `tblprofile_project`
--

CREATE TABLE `tblprofile_project` (
  `id` int(11) NOT NULL,
  `id_project` int(11) NOT NULL,
  `id_staff` int(11) NOT NULL,
  `addedfrom` int(11) DEFAULT NULL,
  `date` datetime DEFAULT NULL
) ENGINE=InnoDB DEFAULT CHARSET=latin1;

--
-- Đang đổ dữ liệu cho bảng `tblprofile_project`
--

INSERT INTO `tblprofile_project` (`id`, `id_project`, `id_staff`, `addedfrom`, `date`) VALUES
(169, 55, 2, 1, '2017-08-15 09:43:24'),
(170, 55, 3, 1, '2017-08-15 09:43:24'),
(171, 60, 2, 1, '2017-08-25 16:25:15');

-- --------------------------------------------------------

--
-- Cấu trúc bảng cho bảng `tblprojectactivity`
--

CREATE TABLE `tblprojectactivity` (
  `id` int(11) NOT NULL,
  `project_id` int(11) NOT NULL,
  `staff_id` int(11) NOT NULL DEFAULT '0',
  `contact_id` int(11) NOT NULL DEFAULT '0',
  `fullname` varchar(100) DEFAULT NULL,
  `visible_to_customer` int(11) NOT NULL DEFAULT '0',
  `description_key` varchar(500) NOT NULL COMMENT 'Language file key',
  `additional_data` text,
  `dateadded` datetime NOT NULL
) ENGINE=MyISAM DEFAULT CHARSET=utf8;

--
-- Đang đổ dữ liệu cho bảng `tblprojectactivity`
--

INSERT INTO `tblprojectactivity` (`id`, `project_id`, `staff_id`, `contact_id`, `fullname`, `visible_to_customer`, `description_key`, `additional_data`, `dateadded`) VALUES
(30, 19, 1, 0, 'admin ', 1, 'project_activity_updated', '', '2017-08-16 09:40:01'),
(31, 19, 1, 0, 'admin ', 1, 'project_activity_updated', '', '2017-08-16 09:40:06'),
(28, 19, 1, 0, 'admin ', 1, 'project_activity_created', '', '2017-08-07 10:26:04'),
(29, 20, 1, 0, 'admin ', 1, 'project_activity_created', '', '2017-08-07 10:26:20'),
(32, 19, 1, 0, 'admin ', 1, 'project_activity_updated', '', '2017-09-15 09:16:55'),
(33, 20, 1, 0, 'admin ', 1, 'project_activity_updated', '', '2017-09-15 09:18:17'),
(34, 19, 1, 0, 'admin ', 1, 'project_activity_updated', '', '2017-09-15 09:20:07'),
(35, 20, 1, 0, 'admin ', 1, 'project_activity_updated', '', '2017-09-15 09:26:26'),
(36, 19, 1, 0, 'admin ', 1, 'project_activity_updated', '', '2017-09-15 09:26:36'),
(37, 19, 1, 0, 'admin ', 1, 'project_activity_updated', '', '2017-09-15 11:28:45');

-- --------------------------------------------------------

--
-- Cấu trúc bảng cho bảng `tblprojectdiscussioncomments`
--

CREATE TABLE `tblprojectdiscussioncomments` (
  `id` int(11) NOT NULL,
  `discussion_id` int(11) NOT NULL,
  `discussion_type` varchar(10) NOT NULL,
  `parent` int(11) DEFAULT NULL,
  `created` datetime NOT NULL,
  `modified` datetime DEFAULT NULL,
  `content` text NOT NULL,
  `staff_id` int(11) NOT NULL,
  `contact_id` int(11) DEFAULT '0',
  `fullname` varchar(300) DEFAULT NULL,
  `file_name` varchar(300) DEFAULT NULL,
  `file_mime_type` varchar(70) DEFAULT NULL
) ENGINE=MyISAM DEFAULT CHARSET=utf8;

-- --------------------------------------------------------

--
-- Cấu trúc bảng cho bảng `tblprojectdiscussions`
--

CREATE TABLE `tblprojectdiscussions` (
  `id` int(11) NOT NULL,
  `project_id` int(11) NOT NULL,
  `subject` varchar(500) NOT NULL,
  `description` text NOT NULL,
  `show_to_customer` tinyint(1) NOT NULL DEFAULT '0',
  `datecreated` datetime NOT NULL,
  `last_activity` datetime DEFAULT NULL,
  `staff_id` int(11) NOT NULL DEFAULT '0',
  `contact_id` int(11) NOT NULL DEFAULT '0'
) ENGINE=MyISAM DEFAULT CHARSET=utf8;

-- --------------------------------------------------------

--
-- Cấu trúc bảng cho bảng `tblprojectfiles`
--

CREATE TABLE `tblprojectfiles` (
  `id` int(11) NOT NULL,
  `file_name` mediumtext NOT NULL,
  `subject` varchar(500) DEFAULT NULL,
  `description` text,
  `filetype` varchar(50) DEFAULT NULL,
  `dateadded` datetime NOT NULL,
  `last_activity` datetime DEFAULT NULL,
  `project_id` int(11) NOT NULL,
  `visible_to_customer` tinyint(1) DEFAULT '0',
  `staffid` int(11) NOT NULL,
  `contact_id` int(11) NOT NULL DEFAULT '0',
  `external` varchar(40) DEFAULT NULL,
  `external_link` text,
  `thumbnail_link` text
) ENGINE=MyISAM DEFAULT CHARSET=utf8;

-- --------------------------------------------------------

--
-- Cấu trúc bảng cho bảng `tblprojectmembers`
--

CREATE TABLE `tblprojectmembers` (
  `id` int(11) NOT NULL,
  `project_id` int(11) NOT NULL,
  `staff_id` int(11) NOT NULL
) ENGINE=MyISAM DEFAULT CHARSET=utf8;

-- --------------------------------------------------------

--
-- Cấu trúc bảng cho bảng `tblprojectmenu`
--

CREATE TABLE `tblprojectmenu` (
  `id` int(11) NOT NULL,
  `code` varchar(255) COLLATE utf8_unicode_ci NOT NULL,
  `project_name` varchar(255) COLLATE utf8_unicode_ci DEFAULT NULL COMMENT 'tên dự án',
  `cost` varchar(255) COLLATE utf8_unicode_ci DEFAULT NULL COMMENT 'giá khoảng',
  `id_menu` int(11) NOT NULL COMMENT 'loại danh mục',
  `status` int(11) DEFAULT '0' COMMENT 'tình trạng',
  `status_project` int(11) DEFAULT '0' COMMENT '0 = chưa, 1 đã',
  `district` varchar(5) CHARACTER SET utf8 DEFAULT NULL COMMENT 'quận/huyện',
  `province` varchar(5) CHARACTER SET utf8 DEFAULT NULL COMMENT 'thành phố',
  `ward` varchar(250) COLLATE utf8_unicode_ci DEFAULT NULL COMMENT 'Phường',
  `number_home` varchar(250) COLLATE utf8_unicode_ci DEFAULT NULL COMMENT 'số nhà',
  `type_pn` int(11) DEFAULT NULL COMMENT 'loại pn',
  `bathroom` varchar(250) COLLATE utf8_unicode_ci NOT NULL COMMENT 'phòng tắm',
  `type_area` int(11) DEFAULT '0' COMMENT 'loại diện tích',
  `door_direction` int(11) DEFAULT NULL COMMENT 'hướng cửa',
  `fullname` varchar(250) COLLATE utf8_unicode_ci DEFAULT NULL COMMENT 'Tên họ',
  `numberphone` decimal(20,0) DEFAULT NULL COMMENT 'số điện thoại',
  `email` varchar(250) COLLATE utf8_unicode_ci DEFAULT NULL COMMENT 'email',
  `furniture` int(11) DEFAULT NULL COMMENT 'nội thất',
  `convenient` varchar(250) COLLATE utf8_unicode_ci DEFAULT NULL COMMENT 'tiện ích',
  `characteristics` text COLLATE utf8_unicode_ci COMMENT 'đặc điểm sản phẩm',
  `date_filter` varchar(250) COLLATE utf8_unicode_ci DEFAULT NULL COMMENT 'ngày lọc',
  `date_update` date DEFAULT NULL COMMENT 'ngày sửa đổi',
  `exigency` int(11) DEFAULT NULL COMMENT 'nhu cầu',
  `project` int(11) DEFAULT NULL,
  `price` decimal(30,0) DEFAULT NULL COMMENT 'giá',
  `detail_price` text COLLATE utf8_unicode_ci COMMENT 'giá gồm',
  `type_deadline` int(11) DEFAULT '0',
  `deadline` varchar(250) COLLATE utf8_unicode_ci DEFAULT NULL COMMENT 'thời hạn hết hợp đồng',
  `expires` date DEFAULT NULL COMMENT 'Ngày hết hạn',
  `notifications` int(11) NOT NULL DEFAULT '0',
  `watch_house` varchar(250) COLLATE utf8_unicode_ci DEFAULT NULL COMMENT 'Ngày xem nhà',
  `note` text COLLATE utf8_unicode_ci COMMENT 'ghi chú',
  `type_bonus` int(11) DEFAULT '0' COMMENT 'loại bonus',
  `bonus` decimal(20,0) DEFAULT '0' COMMENT 'bonus',
  `code_tax` varchar(200) COLLATE utf8_unicode_ci DEFAULT NULL COMMENT 'Mã thuê',
  `staff_id` int(11) NOT NULL,
  `_delete` int(11) DEFAULT '0',
  `date_delete` datetime DEFAULT NULL,
  `masterFiles` longtext COLLATE utf8_unicode_ci NOT NULL
) ENGINE=InnoDB DEFAULT CHARSET=utf8 COLLATE=utf8_unicode_ci ROW_FORMAT=COMPACT;

--
-- Đang đổ dữ liệu cho bảng `tblprojectmenu`
--

INSERT INTO `tblprojectmenu` (`id`, `code`, `project_name`, `cost`, `id_menu`, `status`, `status_project`, `district`, `province`, `ward`, `number_home`, `type_pn`, `bathroom`, `type_area`, `door_direction`, `fullname`, `numberphone`, `email`, `furniture`, `convenient`, `characteristics`, `date_filter`, `date_update`, `exigency`, `project`, `price`, `detail_price`, `type_deadline`, `deadline`, `expires`, `notifications`, `watch_house`, `note`, `type_bonus`, `bonus`, `code_tax`, `staff_id`, `_delete`, `date_delete`, `masterFiles`) VALUES
(34, '1', 'Biệt Thự Hoa Mai', '2', 0, 2, 0, '0', '0', '0', '0', 0, '', 0, 0, '0', '0', '0', 0, '0', '0', '0', '0000-00-00', 0, 19, NULL, NULL, NULL, NULL, NULL, 0, NULL, NULL, 0, '0', NULL, 0, 0, NULL, ''),
(44, '2', 'Biệt thự hoa đào', '2', 0, 2, 0, '0', '0', '0', '0', 0, '', 0, 0, '0', '0', '0', 0, '0', '0', '0', '0000-00-00', 0, 19, NULL, NULL, NULL, NULL, NULL, 0, NULL, NULL, 0, '0', NULL, 0, 0, NULL, ''),
(45, '1', '172/3 Tân kỳ tân quý, Phường Tân phú', '2', 0, 2, 0, '0', '0', '0', '0', 0, '', 0, 0, '0', '0', '0', 0, '0', '0', '0', '0000-00-00', 0, 19, NULL, NULL, NULL, NULL, NULL, 0, NULL, NULL, 0, '0', NULL, 0, 0, NULL, ''),
(46, '11221', 'rr3r', '3', 0, 1, 0, '0', '0', '0', '0', 0, '', 0, 0, '0', '0', '0', 0, '0', '0', '0', '0000-00-00', 0, 19, NULL, NULL, NULL, NULL, NULL, 0, NULL, NULL, 0, '0', NULL, 0, 0, NULL, ''),
(50, '', '', '', 0, 0, 0, '0', '0', '', '', 0, '', 0, 0, '', '0', '', 0, '', '', '', '0000-00-00', 0, 19, '0', '', NULL, '0000-00-00', NULL, 0, NULL, '', 0, '0', '', 1, 0, NULL, ''),
(51, '', '', '', 0, 1, 0, '0', '0', '', '', 0, '', 0, 0, '', '0', '', 0, '', '', '', '0000-00-00', 0, 19, '0', '', NULL, '0000-00-00', NULL, 0, NULL, '', 0, '0', '', 1, 0, NULL, ''),
(55, 'MTR-1', 'Nhà lầu 5 sao', '20000', 58, 1, 1, '168', '19', '1', '103', 0, '', 1000000, 2, 'Nguyễn an', '1216479974', NULL, 4, '200', 'giá rẽ', 'Nhà chưa liên hệ', '2017-11-01', 2, 19, '1000000000', 'toàn bộ', 3, '', '0000-00-00', 1, '', '1567231564', 1, '4', 'mã số thuế', 1, 0, NULL, '[]'),
(56, 'C5', 'dự án A', '', 58, 1, 1, '070', '08', '', '', 0, '', 0, 2, '', NULL, 'nguyenan@fososoft.com', 4, '12', 'hdsgsadvbnsadvbnsa', '', '2017-10-10', 0, 19, '0', '', NULL, '', '0000-00-00', 1, '0000-00-00', '', 0, '0', '', 1, 0, NULL, ''),
(57, 'C6', 'abc', '', 58, 0, 0, '008', '01', '', '', 14, '', 0, 0, NULL, NULL, NULL, 0, '', 'ted', '', '2017-08-03', 0, 20, '0', '', 4, '1 tháng', NULL, 0, NULL, '123', 1, '0', '', 1, 0, NULL, ''),
(58, 'C7', 'dự án A', '', 58, 0, 0, '002', '01', '', '12', 24, '', 0, 2, NULL, NULL, NULL, 5, '', 'fdsf', '', '2017-09-05', 0, 19, '0', '', 3, '', NULL, 0, NULL, '', 1, '0', '', 1, 0, NULL, ''),
(59, '4', NULL, '100000000', 58, 1, 0, '306', '31', NULL, NULL, 4, '', 0, 2, NULL, NULL, NULL, 5, NULL, 'to bự, rẽ', NULL, '2017-09-05', NULL, 19, '100000000', '1 nhà', 0, '', NULL, 0, NULL, '', 1, '5', '15246543465', 1, 1, '2017-08-19 09:13:27', ''),
(60, 'MTR-13', NULL, '1000000', 58, 1, 0, '004', '01', NULL, NULL, 100000, '', 0, 2, NULL, NULL, NULL, 4, '', 'to, lớn, bé', NULL, '2017-09-08', NULL, 19, '10000', '1 tòa nhà', 0, '', '2017-08-09', 1, '2017-08-16', '', 1, '5', '1231', 1, 0, NULL, ''),
(61, '6', NULL, '', 58, 0, 0, '003', '01', NULL, NULL, 0, '', 0, 2, NULL, NULL, NULL, 5, NULL, '', NULL, '2017-08-09', NULL, 19, '10000', '', 0, '', NULL, 0, NULL, '', 0, '0', '', 1, 0, NULL, ''),
(62, '7', NULL, '', 58, 0, 0, '002', '01', NULL, NULL, 0, '', 0, 2, NULL, NULL, NULL, 4, '', '', NULL, '2017-10-10', NULL, 19, '0', '', 0, '', '0000-00-00', 1, '', '', 0, '0', '', 1, 0, NULL, ''),
(63, 'MTR-15', NULL, '', 58, 0, 0, '0', '27', NULL, NULL, 0, '', 0, 1, NULL, NULL, NULL, 4, NULL, '', NULL, '2017-08-09', NULL, 19, '0', '', 0, '', NULL, 0, NULL, '', 0, '0', '', 1, 1, '2017-08-18 17:44:59', ''),
(64, 'MTR-16', NULL, '', 129, 0, 0, NULL, NULL, NULL, NULL, 0, '', 0, 0, NULL, NULL, NULL, 4, NULL, '', NULL, '2017-08-10', NULL, 19, '0', '', 0, '', NULL, 0, NULL, '', 0, '0', '', 1, 0, NULL, ''),
(65, 'AL-2', NULL, '10000', 58, 0, 0, '', '79', NULL, NULL, 3, '', 0, 2, NULL, NULL, NULL, 4, '', 'to', NULL, '2017-09-08', NULL, 20, '10000000', 'Nguyên căn', 0, '', '2017-10-05', 1, '2017-08-22', '', 0, '5', '', 1, 0, NULL, ''),
(66, 'MTR-16', NULL, '', 58, 1, 0, '', '79', NULL, NULL, 0, '', 0, 0, NULL, NULL, NULL, 5, '', '', NULL, '2017-09-05', NULL, 19, '0', '', 0, '', '0000-00-00', 1, '0000-00-00', '', 0, '0', '', 1, 0, NULL, ''),
(67, 'MTR-17', NULL, '1', 58, 0, 0, '760', '79', NULL, NULL, 0, 'test 1', 0, 1, NULL, NULL, NULL, 4, '', 'test 1', NULL, '2017-09-22', NULL, 19, '1', 'test 1', 0, '', '2017-09-22', 1, 'test 1', 'test 1', 0, '0', NULL, 1, 0, NULL, ''),
(68, 'MTR-18', NULL, '1', 58, 4, 0, '760', '79', NULL, NULL, 0, 'test 1', 0, 2, NULL, NULL, NULL, 0, 'test 1', 'test 1', NULL, '2017-09-22', NULL, 19, '1', 'test 1', 0, '', '2017-10-07', 1, 'test 1', 'test 1', 0, '0', NULL, 1, 0, NULL, '');

-- --------------------------------------------------------

--
-- Cấu trúc bảng cho bảng `tblprojectnotes`
--

CREATE TABLE `tblprojectnotes` (
  `id` int(11) NOT NULL,
  `project_id` int(11) NOT NULL,
  `content` text NOT NULL,
  `staff_id` int(11) NOT NULL
) ENGINE=MyISAM DEFAULT CHARSET=utf8;

-- --------------------------------------------------------

--
-- Cấu trúc bảng cho bảng `tblprojects`
--

CREATE TABLE `tblprojects` (
  `id` int(11) NOT NULL,
  `code_project` varchar(250) CHARACTER SET utf8 COLLATE utf8_unicode_ci DEFAULT NULL,
  `name` varchar(600) NOT NULL,
  `description` text,
  `id_menu` int(11) NOT NULL COMMENT 'menu danh sách',
  `status` int(11) DEFAULT '0',
  `clientid` int(11) DEFAULT NULL,
  `billing_type` int(11) DEFAULT NULL,
  `start_date` date DEFAULT NULL,
  `deadline` date DEFAULT NULL,
  `project_created` date NOT NULL,
  `date_finished` datetime DEFAULT NULL,
  `progress` int(11) DEFAULT '0',
  `progress_from_tasks` int(11) DEFAULT '1',
  `project_cost` decimal(11,2) DEFAULT NULL,
  `project_rate_per_hour` decimal(11,2) DEFAULT NULL,
  `addedfrom` int(11) NOT NULL,
  `_delete` int(11) DEFAULT '0',
  `date_delete` datetime DEFAULT NULL
) ENGINE=MyISAM DEFAULT CHARSET=utf8;

--
-- Đang đổ dữ liệu cho bảng `tblprojects`
--

INSERT INTO `tblprojects` (`id`, `code_project`, `name`, `description`, `id_menu`, `status`, `clientid`, `billing_type`, `start_date`, `deadline`, `project_created`, `date_finished`, `progress`, `progress_from_tasks`, `project_cost`, `project_rate_per_hour`, `addedfrom`, `_delete`, `date_delete`) VALUES
(19, 'MTR', 'Master', NULL, 58, 0, NULL, NULL, NULL, NULL, '2017-08-07', NULL, 0, 1, NULL, NULL, 1, 0, NULL),
(20, 'AL', 'Alisa', NULL, 58, 0, NULL, NULL, NULL, NULL, '2017-08-07', NULL, 0, 1, NULL, NULL, 1, 0, NULL);

-- --------------------------------------------------------

--
-- Cấu trúc bảng cho bảng `tblprojectsettings`
--

CREATE TABLE `tblprojectsettings` (
  `id` int(11) NOT NULL,
  `project_id` int(11) NOT NULL,
  `name` varchar(100) NOT NULL,
  `value` int(11) NOT NULL DEFAULT '0'
) ENGINE=MyISAM DEFAULT CHARSET=utf8;

--
-- Đang đổ dữ liệu cho bảng `tblprojectsettings`
--

INSERT INTO `tblprojectsettings` (`id`, `project_id`, `name`, `value`) VALUES
(1, 1, 'view_tasks', 1),
(2, 1, 'comment_on_tasks', 1),
(3, 1, 'view_task_comments', 1),
(4, 1, 'view_task_attachments', 1),
(5, 1, 'view_task_checklist_items', 1),
(6, 1, 'upload_on_tasks', 1),
(7, 1, 'view_task_total_logged_time', 1),
(8, 1, 'view_finance_overview', 1),
(9, 1, 'upload_files', 1),
(10, 1, 'open_discussions', 1),
(11, 1, 'view_milestones', 1),
(12, 1, 'view_gantt', 1),
(13, 1, 'view_timesheets', 1),
(14, 1, 'view_activity_log', 1),
(15, 1, 'view_team_members', 1),
(16, 2, 'view_tasks', 1),
(17, 2, 'comment_on_tasks', 1),
(18, 2, 'view_task_comments', 1),
(19, 2, 'view_task_attachments', 1),
(20, 2, 'view_task_checklist_items', 1),
(21, 2, 'upload_on_tasks', 1),
(22, 2, 'view_task_total_logged_time', 1),
(23, 2, 'view_finance_overview', 1),
(24, 2, 'upload_files', 1),
(25, 2, 'open_discussions', 1),
(26, 2, 'view_milestones', 1),
(27, 2, 'view_gantt', 1),
(28, 2, 'view_timesheets', 1),
(29, 2, 'view_activity_log', 1),
(30, 2, 'view_team_members', 1),
(31, 3, 'view_tasks', 1),
(32, 3, 'comment_on_tasks', 1),
(33, 3, 'view_task_comments', 1),
(34, 3, 'view_task_attachments', 1),
(35, 3, 'view_task_checklist_items', 1),
(36, 3, 'upload_on_tasks', 1),
(37, 3, 'view_task_total_logged_time', 1),
(38, 3, 'view_finance_overview', 1),
(39, 3, 'upload_files', 1),
(40, 3, 'open_discussions', 1),
(41, 3, 'view_milestones', 1),
(42, 3, 'view_gantt', 1),
(43, 3, 'view_timesheets', 1),
(44, 3, 'view_activity_log', 1),
(45, 3, 'view_team_members', 1),
(46, 4, 'view_tasks', 1),
(47, 4, 'comment_on_tasks', 1),
(48, 4, 'view_task_comments', 1),
(49, 4, 'view_task_attachments', 1),
(50, 4, 'view_task_checklist_items', 1),
(51, 4, 'upload_on_tasks', 1),
(52, 4, 'view_task_total_logged_time', 1),
(53, 4, 'view_finance_overview', 1),
(54, 4, 'upload_files', 1),
(55, 4, 'open_discussions', 1),
(56, 4, 'view_milestones', 1),
(57, 4, 'view_gantt', 1),
(58, 4, 'view_timesheets', 1),
(59, 4, 'view_activity_log', 1),
(60, 4, 'view_team_members', 1),
(61, 5, 'view_tasks', 0),
(62, 5, 'comment_on_tasks', 0),
(63, 5, 'view_task_comments', 0),
(64, 5, 'view_task_attachments', 0),
(65, 5, 'view_task_checklist_items', 0),
(66, 5, 'upload_on_tasks', 0),
(67, 5, 'view_task_total_logged_time', 0),
(68, 5, 'view_finance_overview', 0),
(69, 5, 'upload_files', 0),
(70, 5, 'open_discussions', 0),
(71, 5, 'view_milestones', 0),
(72, 5, 'view_gantt', 0),
(73, 5, 'view_timesheets', 0),
(74, 5, 'view_activity_log', 0),
(75, 5, 'view_team_members', 0),
(76, 6, 'view_tasks', 0),
(77, 6, 'comment_on_tasks', 0),
(78, 6, 'view_task_comments', 0),
(79, 6, 'view_task_attachments', 0),
(80, 6, 'view_task_checklist_items', 0),
(81, 6, 'upload_on_tasks', 0),
(82, 6, 'view_task_total_logged_time', 0),
(83, 6, 'view_finance_overview', 0),
(84, 6, 'upload_files', 0),
(85, 6, 'open_discussions', 0),
(86, 6, 'view_milestones', 0),
(87, 6, 'view_gantt', 0),
(88, 6, 'view_timesheets', 0),
(89, 6, 'view_activity_log', 0),
(90, 6, 'view_team_members', 0),
(91, 7, 'view_tasks', 0),
(92, 7, 'comment_on_tasks', 0),
(93, 7, 'view_task_comments', 0),
(94, 7, 'view_task_attachments', 0),
(95, 7, 'view_task_checklist_items', 0),
(96, 7, 'upload_on_tasks', 0),
(97, 7, 'view_task_total_logged_time', 0),
(98, 7, 'view_finance_overview', 0),
(99, 7, 'upload_files', 0),
(100, 7, 'open_discussions', 0),
(101, 7, 'view_milestones', 0),
(102, 7, 'view_gantt', 0),
(103, 7, 'view_timesheets', 0),
(104, 7, 'view_activity_log', 0),
(105, 7, 'view_team_members', 0),
(106, 8, 'view_tasks', 0),
(107, 8, 'comment_on_tasks', 0),
(108, 8, 'view_task_comments', 0),
(109, 8, 'view_task_attachments', 0),
(110, 8, 'view_task_checklist_items', 0),
(111, 8, 'upload_on_tasks', 0),
(112, 8, 'view_task_total_logged_time', 0),
(113, 8, 'view_finance_overview', 0),
(114, 8, 'upload_files', 0),
(115, 8, 'open_discussions', 0),
(116, 8, 'view_milestones', 0),
(117, 8, 'view_gantt', 0),
(118, 8, 'view_timesheets', 0),
(119, 8, 'view_activity_log', 0),
(120, 8, 'view_team_members', 0),
(121, 9, 'view_tasks', 0),
(122, 9, 'comment_on_tasks', 0),
(123, 9, 'view_task_comments', 0),
(124, 9, 'view_task_attachments', 0),
(125, 9, 'view_task_checklist_items', 0),
(126, 9, 'upload_on_tasks', 0),
(127, 9, 'view_task_total_logged_time', 0),
(128, 9, 'view_finance_overview', 0),
(129, 9, 'upload_files', 0),
(130, 9, 'open_discussions', 0),
(131, 9, 'view_milestones', 0),
(132, 9, 'view_gantt', 0),
(133, 9, 'view_timesheets', 0),
(134, 9, 'view_activity_log', 0),
(135, 9, 'view_team_members', 0),
(136, 10, 'view_tasks', 0),
(137, 10, 'comment_on_tasks', 0),
(138, 10, 'view_task_comments', 0),
(139, 10, 'view_task_attachments', 0),
(140, 10, 'view_task_checklist_items', 0),
(141, 10, 'upload_on_tasks', 0),
(142, 10, 'view_task_total_logged_time', 0),
(143, 10, 'view_finance_overview', 0),
(144, 10, 'upload_files', 0),
(145, 10, 'open_discussions', 0),
(146, 10, 'view_milestones', 0),
(147, 10, 'view_gantt', 0),
(148, 10, 'view_timesheets', 0),
(149, 10, 'view_activity_log', 0),
(150, 10, 'view_team_members', 0),
(151, 11, 'view_tasks', 0),
(152, 11, 'comment_on_tasks', 0),
(153, 11, 'view_task_comments', 0),
(154, 11, 'view_task_attachments', 0),
(155, 11, 'view_task_checklist_items', 0),
(156, 11, 'upload_on_tasks', 0),
(157, 11, 'view_task_total_logged_time', 0),
(158, 11, 'view_finance_overview', 0),
(159, 11, 'upload_files', 0),
(160, 11, 'open_discussions', 0),
(161, 11, 'view_milestones', 0),
(162, 11, 'view_gantt', 0),
(163, 11, 'view_timesheets', 0),
(164, 11, 'view_activity_log', 0),
(165, 11, 'view_team_members', 0),
(166, 12, 'view_tasks', 0),
(167, 12, 'comment_on_tasks', 0),
(168, 12, 'view_task_comments', 0),
(169, 12, 'view_task_attachments', 0),
(170, 12, 'view_task_checklist_items', 0),
(171, 12, 'upload_on_tasks', 0),
(172, 12, 'view_task_total_logged_time', 0),
(173, 12, 'view_finance_overview', 0),
(174, 12, 'upload_files', 0),
(175, 12, 'open_discussions', 0),
(176, 12, 'view_milestones', 0),
(177, 12, 'view_gantt', 0),
(178, 12, 'view_timesheets', 0),
(179, 12, 'view_activity_log', 0),
(180, 12, 'view_team_members', 0),
(181, 13, 'view_tasks', 0),
(182, 13, 'comment_on_tasks', 0),
(183, 13, 'view_task_comments', 0),
(184, 13, 'view_task_attachments', 0),
(185, 13, 'view_task_checklist_items', 0),
(186, 13, 'upload_on_tasks', 0),
(187, 13, 'view_task_total_logged_time', 0),
(188, 13, 'view_finance_overview', 0),
(189, 13, 'upload_files', 0),
(190, 13, 'open_discussions', 0),
(191, 13, 'view_milestones', 0),
(192, 13, 'view_gantt', 0),
(193, 13, 'view_timesheets', 0),
(194, 13, 'view_activity_log', 0),
(195, 13, 'view_team_members', 0),
(196, 14, 'view_tasks', 0),
(197, 14, 'comment_on_tasks', 0),
(198, 14, 'view_task_comments', 0),
(199, 14, 'view_task_attachments', 0),
(200, 14, 'view_task_checklist_items', 0),
(201, 14, 'upload_on_tasks', 0),
(202, 14, 'view_task_total_logged_time', 0),
(203, 14, 'view_finance_overview', 0),
(204, 14, 'upload_files', 0),
(205, 14, 'open_discussions', 0),
(206, 14, 'view_milestones', 0),
(207, 14, 'view_gantt', 0),
(208, 14, 'view_timesheets', 0),
(209, 14, 'view_activity_log', 0),
(210, 14, 'view_team_members', 0),
(211, 15, 'view_tasks', 0),
(212, 15, 'comment_on_tasks', 0),
(213, 15, 'view_task_comments', 0),
(214, 15, 'view_task_attachments', 0),
(215, 15, 'view_task_checklist_items', 0),
(216, 15, 'upload_on_tasks', 0),
(217, 15, 'view_task_total_logged_time', 0),
(218, 15, 'view_finance_overview', 0),
(219, 15, 'upload_files', 0),
(220, 15, 'open_discussions', 0),
(221, 15, 'view_milestones', 0),
(222, 15, 'view_gantt', 0),
(223, 15, 'view_timesheets', 0),
(224, 15, 'view_activity_log', 0),
(225, 15, 'view_team_members', 0),
(226, 16, 'view_tasks', 0),
(227, 16, 'comment_on_tasks', 0),
(228, 16, 'view_task_comments', 0),
(229, 16, 'view_task_attachments', 0),
(230, 16, 'view_task_checklist_items', 0),
(231, 16, 'upload_on_tasks', 0),
(232, 16, 'view_task_total_logged_time', 0),
(233, 16, 'view_finance_overview', 0),
(234, 16, 'upload_files', 0),
(235, 16, 'open_discussions', 0),
(236, 16, 'view_milestones', 0),
(237, 16, 'view_gantt', 0),
(238, 16, 'view_timesheets', 0),
(239, 16, 'view_activity_log', 0),
(240, 16, 'view_team_members', 0),
(241, 17, 'view_tasks', 0),
(242, 17, 'comment_on_tasks', 0),
(243, 17, 'view_task_comments', 0),
(244, 17, 'view_task_attachments', 0),
(245, 17, 'view_task_checklist_items', 0),
(246, 17, 'upload_on_tasks', 0),
(247, 17, 'view_task_total_logged_time', 0),
(248, 17, 'view_finance_overview', 0),
(249, 17, 'upload_files', 0),
(250, 17, 'open_discussions', 0),
(251, 17, 'view_milestones', 0),
(252, 17, 'view_gantt', 0),
(253, 17, 'view_timesheets', 0),
(254, 17, 'view_activity_log', 0),
(255, 17, 'view_team_members', 0),
(256, 18, 'view_tasks', 0),
(257, 18, 'comment_on_tasks', 0),
(258, 18, 'view_task_comments', 0),
(259, 18, 'view_task_attachments', 0),
(260, 18, 'view_task_checklist_items', 0),
(261, 18, 'upload_on_tasks', 0),
(262, 18, 'view_task_total_logged_time', 0),
(263, 18, 'view_finance_overview', 0),
(264, 18, 'upload_files', 0),
(265, 18, 'open_discussions', 0),
(266, 18, 'view_milestones', 0),
(267, 18, 'view_gantt', 0),
(268, 18, 'view_timesheets', 0),
(269, 18, 'view_activity_log', 0),
(270, 18, 'view_team_members', 0),
(271, 19, 'view_tasks', 0),
(272, 19, 'comment_on_tasks', 0),
(273, 19, 'view_task_comments', 0),
(274, 19, 'view_task_attachments', 0),
(275, 19, 'view_task_checklist_items', 0),
(276, 19, 'upload_on_tasks', 0),
(277, 19, 'view_task_total_logged_time', 0),
(278, 19, 'view_finance_overview', 0),
(279, 19, 'upload_files', 0),
(280, 19, 'open_discussions', 0),
(281, 19, 'view_milestones', 0),
(282, 19, 'view_gantt', 0),
(283, 19, 'view_timesheets', 0),
(284, 19, 'view_activity_log', 0),
(285, 19, 'view_team_members', 0);

-- --------------------------------------------------------

--
-- Cấu trúc bảng cho bảng `tblproject_exigency`
--

CREATE TABLE `tblproject_exigency` (
  `id_project` int(11) NOT NULL,
  `id_exigency` int(11) NOT NULL,
  `addedfrom` int(11) NOT NULL
) ENGINE=InnoDB DEFAULT CHARSET=latin1;

--
-- Đang đổ dữ liệu cho bảng `tblproject_exigency`
--

INSERT INTO `tblproject_exigency` (`id_project`, `id_exigency`, `addedfrom`) VALUES
(55, 1, 1),
(55, 2, 1),
(55, 5, 1),
(55, 6, 1),
(56, 1, 1),
(56, 2, 1),
(56, 4, 1),
(56, 5, 1),
(56, 6, 1),
(57, 1, 0),
(57, 2, 1),
(57, 5, 1),
(57, 6, 1),
(59, 4, 1),
(59, 5, 1),
(60, 1, 1),
(60, 2, 1),
(60, 4, 1),
(62, 5, 1),
(62, 6, 1),
(63, 5, 1),
(65, 1, 1),
(65, 2, 1),
(65, 4, 1),
(65, 5, 1),
(65, 6, 1),
(66, 1, 1),
(66, 2, 1),
(66, 4, 1),
(66, 5, 1),
(66, 6, 1),
(68, 2, 1);

-- --------------------------------------------------------

--
-- Cấu trúc bảng cho bảng `tblproposalcomments`
--

CREATE TABLE `tblproposalcomments` (
  `id` int(11) NOT NULL,
  `content` mediumtext,
  `proposalid` int(11) NOT NULL,
  `staffid` int(11) NOT NULL,
  `dateadded` datetime NOT NULL
) ENGINE=MyISAM DEFAULT CHARSET=utf8;

-- --------------------------------------------------------

--
-- Cấu trúc bảng cho bảng `tblproposals`
--

CREATE TABLE `tblproposals` (
  `id` int(11) NOT NULL,
  `subject` varchar(500) DEFAULT NULL,
  `content` longtext,
  `addedfrom` int(11) NOT NULL,
  `datecreated` datetime NOT NULL,
  `total` decimal(11,2) DEFAULT NULL,
  `subtotal` decimal(11,2) NOT NULL,
  `total_tax` decimal(11,2) NOT NULL DEFAULT '0.00',
  `adjustment` decimal(11,2) DEFAULT NULL,
  `discount_percent` decimal(11,2) NOT NULL,
  `discount_total` decimal(11,2) NOT NULL,
  `discount_type` varchar(30) DEFAULT NULL,
  `show_quantity_as` int(11) NOT NULL DEFAULT '1',
  `currency` int(11) NOT NULL,
  `open_till` date DEFAULT NULL,
  `date` date NOT NULL,
  `rel_id` int(11) DEFAULT NULL,
  `rel_type` varchar(40) DEFAULT NULL,
  `assigned` int(11) DEFAULT NULL,
  `hash` varchar(32) NOT NULL,
  `proposal_to` varchar(600) DEFAULT NULL,
  `country` int(11) NOT NULL DEFAULT '0',
  `zip` varchar(50) DEFAULT NULL,
  `state` varchar(100) DEFAULT NULL,
  `city` varchar(100) DEFAULT NULL,
  `address` varchar(200) DEFAULT NULL,
  `email` varchar(150) DEFAULT NULL,
  `phone` varchar(50) DEFAULT NULL,
  `allow_comments` tinyint(1) NOT NULL DEFAULT '1',
  `status` int(11) NOT NULL,
  `estimate_id` int(11) DEFAULT NULL,
  `invoice_id` int(11) DEFAULT NULL,
  `date_converted` datetime DEFAULT NULL,
  `pipeline_order` int(11) NOT NULL DEFAULT '0',
  `is_expiry_notified` int(11) NOT NULL DEFAULT '0'
) ENGINE=MyISAM DEFAULT CHARSET=utf8;

--
-- Đang đổ dữ liệu cho bảng `tblproposals`
--

INSERT INTO `tblproposals` (`id`, `subject`, `content`, `addedfrom`, `datecreated`, `total`, `subtotal`, `total_tax`, `adjustment`, `discount_percent`, `discount_total`, `discount_type`, `show_quantity_as`, `currency`, `open_till`, `date`, `rel_id`, `rel_type`, `assigned`, `hash`, `proposal_to`, `country`, `zip`, `state`, `city`, `address`, `email`, `phone`, `allow_comments`, `status`, `estimate_id`, `invoice_id`, `date_converted`, `pipeline_order`, `is_expiry_notified`) VALUES
(1, 'ddsdsad', '{proposal_items}', 1, '2017-05-31 17:46:14', '0.00', '0.00', '0.00', '0.00', '0.00', '0.00', '', 2, 1, '2017-06-07', '2017-05-31', 6, 'lead', 0, '5f021d279acf12e7157f0095e9724acd', 'Nguyễn văn c', 0, '', '', '', '', 'dsad@gmail.com', '', 0, 6, NULL, NULL, NULL, 0, 0),
(2, 'ddsdsad', '{proposal_items}', 1, '2017-05-31 17:46:16', '0.00', '0.00', '0.00', '0.00', '0.00', '0.00', '', 2, 1, '2017-06-07', '2017-05-31', 6, 'lead', 0, 'c35b9727b8b1b38cece8c4763d66124f', 'Nguyễn văn c', 0, '', '', '', '', 'dsad@gmail.com', '', 0, 6, NULL, NULL, NULL, 0, 0);

-- --------------------------------------------------------

--
-- Cấu trúc bảng cho bảng `tblpurpose`
--

CREATE TABLE `tblpurpose` (
  `id` int(11) NOT NULL,
  `name` varchar(250) CHARACTER SET utf8 COLLATE utf8_unicode_ci NOT NULL
) ENGINE=InnoDB DEFAULT CHARSET=latin1;

--
-- Đang đổ dữ liệu cho bảng `tblpurpose`
--

INSERT INTO `tblpurpose` (`id`, `name`) VALUES
(1, 'Để ở'),
(2, 'Để đầu tư'),
(3, 'Để mở văn phòng');

-- --------------------------------------------------------

--
-- Cấu trúc bảng cho bảng `tblreminders`
--

CREATE TABLE `tblreminders` (
  `id` int(11) NOT NULL,
  `description` text,
  `date` datetime NOT NULL,
  `isnotified` int(11) NOT NULL DEFAULT '0',
  `rel_id` int(11) NOT NULL,
  `staff` int(11) NOT NULL,
  `rel_type` varchar(40) NOT NULL,
  `notify_by_email` int(11) NOT NULL DEFAULT '1',
  `creator` int(11) NOT NULL
) ENGINE=MyISAM DEFAULT CHARSET=utf8;

--
-- Đang đổ dữ liệu cho bảng `tblreminders`
--

INSERT INTO `tblreminders` (`id`, `description`, `date`, `isnotified`, `rel_id`, `staff`, `rel_type`, `notify_by_email`, `creator`) VALUES
(1, 'lich sinh nhat', '2017-05-31 21:00:00', 0, 4, 3, 'customer', 1, 1),
(2, 'testtttt', '2017-09-22 10:00:00', 0, 14, 4, 'customer', 0, 1);

-- --------------------------------------------------------

--
-- Cấu trúc bảng cho bảng `tblrolepermissions`
--

CREATE TABLE `tblrolepermissions` (
  `rolepermissionid` int(11) NOT NULL,
  `roleid` int(11) NOT NULL,
  `can_view` tinyint(1) NOT NULL DEFAULT '0',
  `can_view_own` tinyint(1) NOT NULL DEFAULT '0',
  `can_edit` tinyint(1) DEFAULT '0',
  `can_create` tinyint(1) NOT NULL DEFAULT '0',
  `can_delete` tinyint(1) NOT NULL DEFAULT '0',
  `permissionid` int(11) NOT NULL
) ENGINE=MyISAM DEFAULT CHARSET=utf8;

--
-- Đang đổ dữ liệu cho bảng `tblrolepermissions`
--

INSERT INTO `tblrolepermissions` (`rolepermissionid`, `roleid`, `can_view`, `can_view_own`, `can_edit`, `can_create`, `can_delete`, `permissionid`) VALUES
(1, 1, 1, 0, 0, 0, 0, 16),
(2, 1, 1, 0, 0, 0, 0, 1),
(3, 1, 1, 0, 0, 0, 0, 8),
(4, 1, 1, 0, 0, 0, 0, 9),
(5, 1, 0, 0, 0, 0, 0, 11),
(6, 1, 0, 0, 0, 0, 0, 15),
(7, 1, 1, 0, 0, 0, 0, 14),
(8, 1, 0, 0, 0, 0, 0, 18),
(9, 1, 1, 0, 0, 0, 0, 19),
(10, 1, 1, 0, 0, 0, 0, 12),
(11, 1, 1, 0, 0, 0, 0, 17),
(12, 1, 0, 0, 0, 0, 0, 5),
(13, 1, 1, 0, 0, 0, 0, 13),
(14, 1, 1, 0, 0, 0, 0, 3),
(15, 1, 1, 0, 0, 0, 0, 10),
(16, 1, 1, 0, 0, 0, 0, 4),
(17, 1, 0, 0, 0, 0, 0, 7),
(18, 1, 1, 0, 0, 0, 0, 6),
(19, 1, 1, 0, 0, 0, 0, 2),
(20, 2, 0, 0, 0, 0, 0, 16),
(21, 2, 1, 0, 0, 0, 0, 1),
(22, 2, 1, 0, 0, 0, 0, 8),
(23, 2, 0, 0, 0, 0, 0, 9),
(24, 2, 0, 0, 0, 0, 0, 11),
(25, 2, 0, 0, 0, 0, 0, 15),
(26, 2, 0, 0, 0, 0, 0, 14),
(27, 2, 0, 0, 0, 0, 0, 18),
(28, 2, 0, 0, 0, 0, 0, 19),
(29, 2, 1, 0, 0, 0, 0, 12),
(30, 2, 0, 0, 0, 0, 0, 17),
(31, 2, 1, 0, 0, 0, 0, 5),
(32, 2, 0, 0, 0, 0, 0, 13),
(33, 2, 1, 0, 0, 0, 0, 3),
(34, 2, 0, 0, 0, 0, 0, 10),
(35, 2, 1, 0, 0, 0, 0, 4),
(36, 2, 0, 0, 0, 0, 0, 7),
(37, 2, 0, 0, 0, 0, 0, 6),
(38, 2, 1, 0, 0, 0, 0, 2),
(39, 3, 0, 0, 0, 0, 0, 16),
(40, 3, 1, 0, 0, 0, 0, 1),
(41, 3, 1, 0, 0, 0, 0, 8),
(42, 3, 0, 0, 0, 0, 0, 9),
(43, 3, 1, 0, 0, 0, 0, 11),
(44, 3, 1, 0, 0, 0, 0, 15),
(45, 3, 0, 0, 0, 0, 0, 14),
(46, 3, 1, 0, 0, 0, 0, 18),
(47, 3, 1, 0, 0, 0, 0, 19),
(48, 3, 1, 0, 0, 0, 0, 12),
(49, 3, 1, 0, 0, 0, 0, 17),
(50, 3, 0, 0, 0, 0, 0, 5),
(51, 3, 0, 0, 0, 0, 0, 13),
(52, 3, 1, 0, 0, 0, 0, 3),
(53, 3, 1, 0, 0, 0, 0, 10),
(54, 3, 1, 0, 0, 0, 0, 4),
(55, 3, 1, 0, 0, 0, 0, 7),
(56, 3, 0, 0, 0, 0, 0, 6),
(57, 3, 0, 0, 0, 0, 0, 2);

-- --------------------------------------------------------

--
-- Cấu trúc bảng cho bảng `tblroles`
--

CREATE TABLE `tblroles` (
  `roleid` int(11) NOT NULL,
  `name` varchar(150) NOT NULL,
  `code_role` varchar(20) DEFAULT NULL,
  `type` int(11) NOT NULL COMMENT '1= ky thuat,0=sale'
) ENGINE=MyISAM DEFAULT CHARSET=utf8;

--
-- Đang đổ dữ liệu cho bảng `tblroles`
--

INSERT INTO `tblroles` (`roleid`, `name`, `code_role`, `type`) VALUES
(1, 'Sale', 'S', 0),
(2, 'Nghiệp Vụ', 'N', 1),
(3, 'Kế toán', 'K', 0);

-- --------------------------------------------------------

--
-- Cấu trúc bảng cho bảng `tblrow_menu_bds`
--

CREATE TABLE `tblrow_menu_bds` (
  `id` int(11) NOT NULL,
  `id_field` int(11) NOT NULL,
  `id_menu` int(11) NOT NULL,
  `fields_table` int(11) DEFAULT '0',
  `fields_from` int(11) DEFAULT '0'
) ENGINE=InnoDB DEFAULT CHARSET=latin1;

--
-- Đang đổ dữ liệu cho bảng `tblrow_menu_bds`
--

INSERT INTO `tblrow_menu_bds` (`id`, `id_field`, `id_menu`, `fields_table`, `fields_from`) VALUES
(33, 1, 58, 0, 0),
(34, 5, 141, 0, 1),
(35, 6, 141, 0, 1),
(36, 2, 58, 1, 1),
(37, 3, 58, 1, 1),
(38, 4, 58, 1, 1),
(39, 5, 58, 1, 1),
(40, 6, 58, 1, 1),
(41, 7, 58, 1, 1),
(42, 8, 58, 1, 1),
(43, 9, 58, 1, 1),
(44, 10, 58, 1, 1),
(45, 1, 142, 0, 0),
(46, 2, 142, 0, 0),
(47, 3, 142, 0, 0),
(48, 4, 142, 0, 0),
(49, 5, 144, 1, 1),
(50, 1, 145, 0, 1),
(51, 2, 145, 0, 1),
(52, 3, 145, 0, 1),
(53, 4, 145, 0, 1),
(54, 1, 146, 1, 1),
(55, 2, 146, 1, 1),
(56, 3, 146, 1, 1),
(57, 4, 146, 1, 1),
(58, 5, 142, 1, 1),
(59, 6, 142, 1, 1),
(60, 7, 142, 1, 1),
(61, 8, 142, 1, 1),
(62, 9, 142, 1, 1),
(63, 10, 142, 1, 1);

-- --------------------------------------------------------

--
-- Cấu trúc bảng cho bảng `tblrule`
--

CREATE TABLE `tblrule` (
  `id` int(11) NOT NULL,
  `name` text CHARACTER SET utf8 COLLATE utf8_unicode_ci NOT NULL,
  `pater_id` varchar(11) NOT NULL DEFAULT '0',
  `content` text CHARACTER SET utf8 COLLATE utf8_unicode_ci,
  `color` varchar(500) NOT NULL
) ENGINE=InnoDB DEFAULT CHARSET=latin1;

--
-- Đang đổ dữ liệu cho bảng `tblrule`
--

INSERT INTO `tblrule` (`id`, `name`, `pater_id`, `content`, `color`) VALUES
(1, 'Ban giám đốc', '', '', '#e29999'),
(2, 'Trưởng bộ phận', '1', 'Ban giám đốc', '#b6dab7'),
(3, 'Trưởng phòng', '1,2', 'Ban giám đốc, Trưởng bộ phận', '#c7c790'),
(4, 'Nhân viên', '1,2,3', 'Ban giám đốc, Trưởng bộ phận, Trưởng phòng', '');

-- --------------------------------------------------------

--
-- Cấu trúc bảng cho bảng `tblsalesactivity`
--

CREATE TABLE `tblsalesactivity` (
  `id` int(11) NOT NULL,
  `rel_type` varchar(20) DEFAULT NULL,
  `rel_id` int(11) NOT NULL,
  `description` text NOT NULL,
  `additional_data` varchar(600) DEFAULT NULL,
  `staffid` varchar(11) DEFAULT NULL,
  `full_name` varchar(100) DEFAULT NULL,
  `date` datetime NOT NULL
) ENGINE=MyISAM DEFAULT CHARSET=utf8;

--
-- Đang đổ dữ liệu cho bảng `tblsalesactivity`
--

INSERT INTO `tblsalesactivity` (`id`, `rel_type`, `rel_id`, `description`, `additional_data`, `staffid`, `full_name`, `date`) VALUES
(1, 'invoice', 1, 'invoice_activity_created', '', '1', ' ', '2017-05-30 15:46:22'),
(2, 'invoice', 1, 'invoice_activity_status_updated', 'a:2:{i:0;s:36:\"<original_status>1</original_status>\";i:1;s:26:\"<new_status>3</new_status>\";}', '1', ' ', '2017-05-30 15:46:48'),
(3, 'invoice', 1, 'invoice_activity_payment_made_by_staff', 'a:2:{i:0;s:5:\"$0.95\";i:1;s:91:\"<a href=\"http://foso.info/PMBDS/perfex_crm/admin/payments/payment/1\" target=\"_blank\">#1</a>\";}', '1', ' ', '2017-05-30 15:46:48'),
(4, 'invoice', 1, 'invoice_activity_status_updated', 'a:2:{i:0;s:36:\"<original_status>3</original_status>\";i:1;s:26:\"<new_status>2</new_status>\";}', '1', ' ', '2017-05-30 15:48:30'),
(5, 'invoice', 1, 'invoice_activity_payment_made_by_staff', 'a:2:{i:0;s:5:\"$0.04\";i:1;s:91:\"<a href=\"http://foso.info/PMBDS/perfex_crm/admin/payments/payment/2\" target=\"_blank\">#2</a>\";}', '1', ' ', '2017-05-30 15:48:30'),
(6, 'invoice', 1, 'invoice_activity_status_updated', 'a:2:{i:0;s:36:\"<original_status>2</original_status>\";i:1;s:26:\"<new_status>3</new_status>\";}', '1', ' ', '2017-05-30 15:48:51'),
(7, 'invoice', 1, 'invoice_activity_payment_deleted', 'a:2:{i:0;s:1:\"2\";i:1;s:5:\"$0.04\";}', '1', ' ', '2017-05-30 15:48:51'),
(8, 'invoice', 1, 'invoice_activity_status_updated', 'a:2:{i:0;s:36:\"<original_status>3</original_status>\";i:1;s:26:\"<new_status>1</new_status>\";}', '1', ' ', '2017-05-30 15:49:02'),
(9, 'invoice', 1, 'invoice_activity_payment_deleted', 'a:2:{i:0;s:1:\"1\";i:1;s:5:\"$0.95\";}', '1', ' ', '2017-05-30 15:49:02'),
(10, 'invoice', 2, 'invoice_activity_created', '', '1', ' ', '2017-05-30 16:31:51'),
(11, 'invoice', 2, 'invoice_activity_status_updated', 'a:2:{i:0;s:36:\"<original_status>1</original_status>\";i:1;s:26:\"<new_status>3</new_status>\";}', '1', ' ', '2017-05-30 16:32:33'),
(12, 'invoice', 2, 'invoice_activity_payment_made_by_staff', 'a:2:{i:0;s:5:\"$0.50\";i:1;s:91:\"<a href=\"http://foso.info/PMBDS/perfex_crm/admin/payments/payment/3\" target=\"_blank\">#3</a>\";}', '1', ' ', '2017-05-30 16:32:33'),
(13, 'invoice', 2, 'invoice_activity_status_updated', 'a:2:{i:0;s:36:\"<original_status>3</original_status>\";i:1;s:26:\"<new_status>2</new_status>\";}', '1', ' ', '2017-05-30 16:33:23'),
(14, 'invoice', 2, 'invoice_activity_payment_made_by_staff', 'a:2:{i:0;s:5:\"$0.50\";i:1;s:91:\"<a href=\"http://foso.info/PMBDS/perfex_crm/admin/payments/payment/4\" target=\"_blank\">#4</a>\";}', '1', ' ', '2017-05-30 16:33:23'),
(15, 'invoice', 3, 'invoice_activity_created', '', '1', ' ', '2017-05-30 17:05:53'),
(16, 'invoice', 3, 'invoice_activity_status_updated', 'a:2:{i:0;s:36:\"<original_status>1</original_status>\";i:1;s:26:\"<new_status>3</new_status>\";}', '1', ' ', '2017-05-30 17:06:29'),
(17, 'invoice', 3, 'invoice_activity_payment_made_by_staff', 'a:2:{i:0;s:5:\"$0.20\";i:1;s:91:\"<a href=\"http://foso.info/PMBDS/perfex_crm/admin/payments/payment/5\" target=\"_blank\">#5</a>\";}', '1', ' ', '2017-05-30 17:06:29'),
(18, 'invoice', 3, 'invoice_activity_status_updated', 'a:2:{i:0;s:36:\"<original_status>3</original_status>\";i:1;s:26:\"<new_status>2</new_status>\";}', '1', ' ', '2017-05-30 17:07:16'),
(19, 'invoice', 3, 'invoice_activity_payment_made_by_staff', 'a:2:{i:0;s:5:\"$0.80\";i:1;s:91:\"<a href=\"http://foso.info/PMBDS/perfex_crm/admin/payments/payment/6\" target=\"_blank\">#6</a>\";}', '1', ' ', '2017-05-30 17:07:16'),
(20, 'invoice', 4, 'invoice_activity_created', '', '1', ' ', '2017-06-05 08:42:00'),
(21, 'invoice', 4, 'invoice_activity_status_updated', 'a:2:{i:0;s:36:\"<original_status>1</original_status>\";i:1;s:26:\"<new_status>3</new_status>\";}', '1', ' ', '2017-06-05 08:42:45'),
(22, 'invoice', 4, 'invoice_activity_payment_made_by_staff', 'a:2:{i:0;s:5:\"$0.40\";i:1;s:91:\"<a href=\"http://foso.info/PMBDS/perfex_crm/admin/payments/payment/7\" target=\"_blank\">#7</a>\";}', '1', ' ', '2017-06-05 08:42:45'),
(23, 'invoice', 4, 'invoice_activity_status_updated', 'a:2:{i:0;s:36:\"<original_status>3</original_status>\";i:1;s:26:\"<new_status>2</new_status>\";}', '1', ' ', '2017-06-05 08:43:45'),
(24, 'invoice', 4, 'invoice_activity_payment_made_by_staff', 'a:2:{i:0;s:5:\"$0.60\";i:1;s:91:\"<a href=\"http://foso.info/PMBDS/perfex_crm/admin/payments/payment/8\" target=\"_blank\">#8</a>\";}', '1', ' ', '2017-06-05 08:43:45'),
(25, 'invoice', 5, 'invoice_activity_status_updated', 'a:2:{i:0;s:36:\"<original_status>1</original_status>\";i:1;s:26:\"<new_status>2</new_status>\";}', '1', 'FOSO SOFT', '2017-07-13 11:45:03'),
(26, 'invoice', 5, 'invoice_activity_created', '', '1', 'FOSO SOFT', '2017-07-13 11:45:03'),
(27, 'invoice', 6, 'invoice_activity_created', '', '1', 'admin ', '2017-09-01 09:20:34');

-- --------------------------------------------------------

--
-- Cấu trúc bảng cho bảng `tblservices`
--

CREATE TABLE `tblservices` (
  `serviceid` int(11) NOT NULL,
  `name` varchar(50) NOT NULL
) ENGINE=MyISAM DEFAULT CHARSET=utf8;

-- --------------------------------------------------------

--
-- Cấu trúc bảng cho bảng `tblsessions`
--

CREATE TABLE `tblsessions` (
  `id` varchar(128) NOT NULL,
  `ip_address` varchar(45) NOT NULL,
  `timestamp` int(10) UNSIGNED NOT NULL DEFAULT '0',
  `data` blob NOT NULL
) ENGINE=InnoDB DEFAULT CHARSET=utf8;

--
-- Đang đổ dữ liệu cho bảng `tblsessions`
--

INSERT INTO `tblsessions` (`id`, `ip_address`, `timestamp`, `data`) VALUES
('jta0df1jnremjv1bvpfgso83fplrkees', '192.168.50.18', 1509502051, 0x5f5f63695f6c6173745f726567656e65726174657c693a313530393530313037363b73746166665f757365725f69647c733a313a2231223b73746166665f6c6f676765645f696e7c623a313b),
('439r51f1ve3pg205149rkkl5oa59g8st', '192.168.50.18', 1509506625, 0x5f5f63695f6c6173745f726567656e65726174657c693a313530393530353536343b73746166665f757365725f69647c733a313a2231223b73746166665f6c6f676765645f696e7c623a313b),
('4i1fehtgl64h8clcmqnd9ok7fd0q3gii', '192.168.50.18', 1509507025, 0x5f5f63695f6c6173745f726567656e65726174657c693a313530393530363632353b73746166665f757365725f69647c733a313a2231223b73746166665f6c6f676765645f696e7c623a313b),
('cv7g9eoiecmnb0484telto6fjkdebgvg', '192.168.50.18', 1509507012, 0x5f5f63695f6c6173745f726567656e65726174657c693a313530393530373031313b73746166665f757365725f69647c733a313a2231223b73746166665f6c6f676765645f696e7c623a313b),
('eq9uskvf979qf6fie5rvj82hnol71sm0', '192.168.50.18', 1509507414, 0x5f5f63695f6c6173745f726567656e65726174657c693a313530393530373032383b73746166665f757365725f69647c733a313a2231223b73746166665f6c6f676765645f696e7c623a313b),
('bhchs1tv0jedqqng2d9l6crmvsh9r1n0', '192.168.50.18', 1509508525, 0x5f5f63695f6c6173745f726567656e65726174657c693a313530393530373431333b73746166665f757365725f69647c733a313a2231223b73746166665f6c6f676765645f696e7c623a313b),
('qv5dir4q50j1jvp18vhgl90sa54d2ide', '192.168.50.18', 1509509014, 0x5f5f63695f6c6173745f726567656e65726174657c693a313530393530383532393b73746166665f757365725f69647c733a313a2231223b73746166665f6c6f676765645f696e7c623a313b),
('b1l05qihro5idrpug4hhlj2jr7pc6gre', '192.168.50.18', 1509509589, 0x5f5f63695f6c6173745f726567656e65726174657c693a313530393530393031343b73746166665f757365725f69647c733a313a2231223b73746166665f6c6f676765645f696e7c623a313b),
('6g9agkg23udpg1r610daujd14mdedjc6', '192.168.50.18', 1509510075, 0x5f5f63695f6c6173745f726567656e65726174657c693a313530393530393539303b73746166665f757365725f69647c733a313a2231223b73746166665f6c6f676765645f696e7c623a313b),
('aq2ndq1ocfnkhkc1qc86ld6bnfl3lovg', '192.168.50.136', 1509510267, 0x5f5f63695f6c6173745f726567656e65726174657c693a313530393531303031383b73746166665f757365725f69647c733a313a2231223b73746166665f6c6f676765645f696e7c623a313b72756c657c733a313a2231223b726f6c657c4e3b),
('jqadflsc42032s2bqj3lige9f3da58t8', '192.168.50.18', 1509510381, 0x5f5f63695f6c6173745f726567656e65726174657c693a313530393531303037353b73746166665f757365725f69647c733a313a2231223b73746166665f6c6f676765645f696e7c623a313b),
('j8rt36ftari4oog6rmjn07q4260ioi18', '192.168.50.18', 1509514708, 0x5f5f63695f6c6173745f726567656e65726174657c693a313530393531303338333b73746166665f757365725f69647c733a313a2231223b73746166665f6c6f676765645f696e7c623a313b),
('cn14unntkqmf8648u9ut6fomhb8ntu1v', '192.168.50.18', 1509511826, 0x5f5f63695f6c6173745f726567656e65726174657c693a313530393531313832343b73746166665f757365725f69647c733a313a2231223b73746166665f6c6f676765645f696e7c623a313b),
('vvf4iuvi8bet15l7vhslf94crjcdv8jf', '192.168.50.18', 1509511848, 0x5f5f63695f6c6173745f726567656e65726174657c693a313530393531313834363b73746166665f757365725f69647c733a313a2231223b73746166665f6c6f676765645f696e7c623a313b6d6573736167652d737563636573737c733a34343a2253616f206cc6b07520c491c6b0e1bba363207468e1bbb163206869e1bb876e207468c3a06e682063c3b46e67223b5f5f63695f766172737c613a313a7b733a31353a226d6573736167652d73756363657373223b733a333a226f6c64223b7d),
('906h628brla40i7qru931i3fg9fos8sp', '192.168.50.18', 1509512335, 0x5f5f63695f6c6173745f726567656e65726174657c693a313530393531323333353b73746166665f757365725f69647c733a313a2231223b73746166665f6c6f676765645f696e7c623a313b),
('g99ifeuq3fkt60rs893ag180duqbfhd5', '192.168.50.136', 1509516505, 0x5f5f63695f6c6173745f726567656e65726174657c693a313530393531363439393b73746166665f757365725f69647c733a313a2231223b73746166665f6c6f676765645f696e7c623a313b72756c657c733a313a2231223b726f6c657c4e3b),
('je4n1c6prr4f2o5tkvd5fc2fjgj8fh5i', '192.168.50.136', 1509522213, 0x5f5f63695f6c6173745f726567656e65726174657c693a313530393531383430363b73746166665f757365725f69647c733a313a2231223b73746166665f6c6f676765645f696e7c623a313b72756c657c733a313a2231223b726f6c657c4e3b),
('0trgqtggcrjkpupeverssoj7mjleg50g', '192.168.50.18', 1509519669, 0x5f5f63695f6c6173745f726567656e65726174657c693a313530393531383936343b73746166665f757365725f69647c733a313a2231223b73746166665f6c6f676765645f696e7c623a313b),
('vsma5ta8fc6jeu7sb6bvkh6oq1sk9t4c', '192.168.50.18', 1509519662, 0x5f5f63695f6c6173745f726567656e65726174657c693a313530393531393635383b73746166665f757365725f69647c733a313a2231223b73746166665f6c6f676765645f696e7c623a313b),
('g0ikd0qcfc99h5d1mmi3h8hcl8qleeng', '192.168.50.18', 1509519982, 0x5f5f63695f6c6173745f726567656e65726174657c693a313530393531393636393b73746166665f757365725f69647c733a313a2231223b73746166665f6c6f676765645f696e7c623a313b),
('f17d7e162m1j8qci21vo4eik2si00sd6', '192.168.50.18', 1509521726, 0x5f5f63695f6c6173745f726567656e65726174657c693a313530393531393938343b73746166665f757365725f69647c733a313a2231223b73746166665f6c6f676765645f696e7c623a313b),
('5v63qnq3773tpbl1q3iu05s5tbr9n34u', '192.168.50.18', 1509521670, 0x5f5f63695f6c6173745f726567656e65726174657c693a313530393532313636383b73746166665f757365725f69647c733a313a2231223b73746166665f6c6f676765645f696e7c623a313b),
('o4nanqeg6jgtlfl3cdh04jdg9dpvm2u5', '192.168.50.18', 1509521714, 0x5f5f63695f6c6173745f726567656e65726174657c693a313530393532313730383b73746166665f757365725f69647c733a313a2231223b73746166665f6c6f676765645f696e7c623a313b),
('8k8t9oj1uunci61f4fqr0k0tpq06aem4', '192.168.50.18', 1509521716, 0x5f5f63695f6c6173745f726567656e65726174657c693a313530393532313731353b73746166665f757365725f69647c733a313a2231223b73746166665f6c6f676765645f696e7c623a313b),
('loq41diuf8g6ch80o1pcmitfo6i4h9o0', '192.168.50.18', 1509523716, 0x5f5f63695f6c6173745f726567656e65726174657c693a313530393532313732363b73746166665f757365725f69647c733a313a2231223b73746166665f6c6f676765645f696e7c623a313b),
('bj6p1jkntdc2e1fi2331qcvjn1jh20lg', '192.168.50.136', 1509522834, 0x5f5f63695f6c6173745f726567656e65726174657c693a313530393532323231373b73746166665f757365725f69647c733a313a2231223b73746166665f6c6f676765645f696e7c623a313b72756c657c733a313a2231223b726f6c657c4e3b),
('83tu8948quos60h3544lnr71s4n5k149', '192.168.50.18', 1509522481, 0x5f5f63695f6c6173745f726567656e65726174657c693a313530393532323438313b73746166665f757365725f69647c733a313a2231223b73746166665f6c6f676765645f696e7c623a313b),
('uk6c2lsq9h9sa53gtpj4h1nflcmlovjv', '192.168.50.18', 1509522898, 0x5f5f63695f6c6173745f726567656e65726174657c693a313530393532323839373b73746166665f757365725f69647c733a313a2231223b73746166665f6c6f676765645f696e7c623a313b),
('dpe4hom94bo4lhbdtc0krcslbm9in15u', '192.168.50.18', 1509524136, 0x5f5f63695f6c6173745f726567656e65726174657c693a313530393532333731363b73746166665f757365725f69647c733a313a2231223b73746166665f6c6f676765645f696e7c623a313b),
('61fqcouf72em5pe8qcav4j1dvkruhcot', '192.168.50.18', 1509524846, 0x5f5f63695f6c6173745f726567656e65726174657c693a313530393532343133363b73746166665f757365725f69647c733a313a2231223b73746166665f6c6f676765645f696e7c623a313b),
('237vuf02u3j478m5365259fsraiu484n', '192.168.50.18', 1509524828, 0x5f5f63695f6c6173745f726567656e65726174657c693a313530393532343832373b73746166665f757365725f69647c733a313a2231223b73746166665f6c6f676765645f696e7c623a313b),
('od79r2j04rjak6tn3u9af6ofl6dmpmvd', '192.168.50.18', 1509525211, 0x5f5f63695f6c6173745f726567656e65726174657c693a313530393532343834363b73746166665f757365725f69647c733a313a2231223b73746166665f6c6f676765645f696e7c623a313b),
('fig19s6978v3cdt7l8hdeje5rrr1o0c7', '192.168.50.18', 1509525779, 0x5f5f63695f6c6173745f726567656e65726174657c693a313530393532353231333b73746166665f757365725f69647c733a313a2231223b73746166665f6c6f676765645f696e7c623a313b),
('iqdq3830qrh46imonq6rac5e8p309gi6', '192.168.50.136', 1509525915, 0x5f5f63695f6c6173745f726567656e65726174657c693a313530393532353437333b73746166665f757365725f69647c733a313a2231223b73746166665f6c6f676765645f696e7c623a313b72756c657c733a313a2231223b726f6c657c4e3b),
('m08l2pe540j28utifcakc0okq37fhaiq', '192.168.50.18', 1509526721, 0x5f5f63695f6c6173745f726567656e65726174657c693a313530393532353737383b73746166665f757365725f69647c733a313a2231223b73746166665f6c6f676765645f696e7c623a313b),
('b5iqpv8getkdmn4orquatjfj9sd02e1o', '192.168.50.136', 1509526515, 0x5f5f63695f6c6173745f726567656e65726174657c693a313530393532353931393b73746166665f757365725f69647c733a313a2231223b73746166665f6c6f676765645f696e7c623a313b72756c657c733a313a2231223b726f6c657c4e3b),
('o2h2la7af75nq7v945mrlbl22v8qbq9j', '192.168.50.136', 1509526233, 0x5f5f63695f6c6173745f726567656e65726174657c693a313530393532363233333b73746166665f757365725f69647c733a313a2231223b73746166665f6c6f676765645f696e7c623a313b72756c657c733a313a2231223b726f6c657c4e3b),
('guk0h7fgidg2i5ftmdd3i1vguif09e3e', '192.168.50.136', 1509527774, 0x5f5f63695f6c6173745f726567656e65726174657c693a313530393532363531363b73746166665f757365725f69647c733a313a2231223b73746166665f6c6f676765645f696e7c623a313b72756c657c733a313a2231223b726f6c657c4e3b),
('dmgqfbg5gro1aliim31b2iev5jq9sc9h', '192.168.50.18', 1509527118, 0x5f5f63695f6c6173745f726567656e65726174657c693a313530393532363732323b73746166665f757365725f69647c733a313a2231223b73746166665f6c6f676765645f696e7c623a313b),
('c2tsbs8u3qnaai9d0e7iaqlm6j0p8ov6', '192.168.50.18', 1509527458, 0x5f5f63695f6c6173745f726567656e65726174657c693a313530393532373131383b73746166665f757365725f69647c733a313a2231223b73746166665f6c6f676765645f696e7c623a313b),
('92fvbmaco70idpmjmek5olbel8a3ajpg', '192.168.50.18', 1509527778, 0x5f5f63695f6c6173745f726567656e65726174657c693a313530393532373435383b73746166665f757365725f69647c733a313a2231223b73746166665f6c6f676765645f696e7c623a313b),
('8oahm3mp38suu9htiu38n8g0kbb233im', '192.168.50.136', 1509528574, 0x5f5f63695f6c6173745f726567656e65726174657c693a313530393532373737363b73746166665f757365725f69647c733a313a2231223b73746166665f6c6f676765645f696e7c623a313b72756c657c733a313a2231223b726f6c657c4e3b),
('n1kbf651levortklhbdbuaa999i9sirp', '192.168.50.18', 1509528158, 0x5f5f63695f6c6173745f726567656e65726174657c693a313530393532373737383b73746166665f757365725f69647c733a313a2231223b73746166665f6c6f676765645f696e7c623a313b),
('1r0r24o3v8vdstvnv4h6mlkis1bhpcst', '192.168.50.18', 1509528581, 0x5f5f63695f6c6173745f726567656e65726174657c693a313530393532383135383b73746166665f757365725f69647c733a313a2231223b73746166665f6c6f676765645f696e7c623a313b);

-- --------------------------------------------------------

--
-- Cấu trúc bảng cho bảng `tblstaff`
--

CREATE TABLE `tblstaff` (
  `staffid` int(11) NOT NULL,
  `code_staff` varchar(20) NOT NULL,
  `staff_manager` varchar(500) NOT NULL COMMENT 'id người quản lý',
  `email` varchar(100) NOT NULL,
  `firstname` varchar(50) NOT NULL,
  `lastname` varchar(50) NOT NULL,
  `birthday` date DEFAULT NULL COMMENT 'sinh nhật',
  `birthplace` varchar(500) CHARACTER SET utf8 COLLATE utf8_unicode_ci DEFAULT NULL COMMENT 'nơi sinh',
  `male` int(11) DEFAULT '1' COMMENT 'là nam =1, nữ =2',
  `cmnd` varchar(200) CHARACTER SET utf8 COLLATE utf8_unicode_ci DEFAULT NULL COMMENT 'chứng minh nhân dân',
  `daterange` date DEFAULT NULL COMMENT 'ngày cấp',
  `issued_where` varchar(500) CHARACTER SET utf8 COLLATE utf8_unicode_ci DEFAULT NULL COMMENT 'nơi cấp',
  `race` varchar(200) CHARACTER SET utf8 COLLATE utf8_unicode_ci DEFAULT NULL COMMENT 'chủng tộc',
  `address` varchar(500) CHARACTER SET utf8 COLLATE utf8_unicode_ci DEFAULT NULL COMMENT 'địa chỉ cư trú',
  `numberphone_2` varchar(50) DEFAULT NULL COMMENT 'số điện thoại 2',
  `address_contact` varchar(500) CHARACTER SET utf8 COLLATE utf8_unicode_ci DEFAULT NULL COMMENT 'địa chỉ liên hệ',
  `contact_person` varchar(500) CHARACTER SET utf8 COLLATE utf8_unicode_ci DEFAULT NULL COMMENT 'người liên hệ khẩn cấp',
  `numberphone_contact` varchar(50) DEFAULT NULL COMMENT 'số điện thoại người liên hệ khẩn cấp',
  `blood_group` varchar(50) CHARACTER SET utf8 COLLATE utf8_unicode_ci DEFAULT NULL COMMENT 'nhóm máu',
  `status_marry` int(11) DEFAULT '0' COMMENT '1= kết hôn,0= độc thân',
  `facebook` mediumtext,
  `linkedin` mediumtext,
  `phonenumber` varchar(30) DEFAULT NULL,
  `skype` varchar(50) DEFAULT NULL,
  `password` varchar(250) NOT NULL,
  `datecreated` datetime NOT NULL,
  `profile_image` varchar(300) DEFAULT NULL,
  `last_ip` varchar(40) DEFAULT NULL,
  `last_login` datetime DEFAULT NULL,
  `last_password_change` datetime DEFAULT NULL,
  `new_pass_key` varchar(32) DEFAULT NULL,
  `new_pass_key_requested` datetime DEFAULT NULL,
  `admin` int(11) NOT NULL DEFAULT '0',
  `role` int(11) DEFAULT NULL,
  `rule` int(11) DEFAULT NULL,
  `active` int(11) NOT NULL DEFAULT '1',
  `default_language` varchar(40) DEFAULT NULL,
  `direction` varchar(3) DEFAULT NULL,
  `media_path_slug` varchar(300) DEFAULT NULL,
  `is_not_staff` int(11) NOT NULL DEFAULT '0',
  `hourly_rate` decimal(11,2) NOT NULL DEFAULT '0.00',
  `email_signature` text,
  `last_active_time` int(11) NOT NULL,
  `_delete` int(11) DEFAULT '0',
  `date_delete` datetime DEFAULT NULL,
  `jobType` int(11) NOT NULL
) ENGINE=MyISAM DEFAULT CHARSET=utf8;

--
-- Đang đổ dữ liệu cho bảng `tblstaff`
--

INSERT INTO `tblstaff` (`staffid`, `code_staff`, `staff_manager`, `email`, `firstname`, `lastname`, `birthday`, `birthplace`, `male`, `cmnd`, `daterange`, `issued_where`, `race`, `address`, `numberphone_2`, `address_contact`, `contact_person`, `numberphone_contact`, `blood_group`, `status_marry`, `facebook`, `linkedin`, `phonenumber`, `skype`, `password`, `datecreated`, `profile_image`, `last_ip`, `last_login`, `last_password_change`, `new_pass_key`, `new_pass_key_requested`, `admin`, `role`, `rule`, `active`, `default_language`, `direction`, `media_path_slug`, `is_not_staff`, `hourly_rate`, `email_signature`, `last_active_time`, `_delete`, `date_delete`, `jobType`) VALUES
(1, '0', '', 'amin@admin.com', 'admin', '', NULL, NULL, 1, NULL, NULL, NULL, NULL, NULL, NULL, NULL, NULL, NULL, NULL, 0, NULL, NULL, NULL, NULL, '$2a$08$9uFKA7CEZjqLO3zSOQfPBul5FwOw8Xwj6pJs4onV4gHAn9Tlcv762', '2017-03-30 09:24:10', NULL, '192.168.50.136', '2017-11-01 11:20:23', NULL, NULL, NULL, 1, NULL, 1, 1, 'vietnamese', NULL, NULL, 0, '0.00', NULL, 1509528584, 0, NULL, 1),
(2, '0', '', 'buiphamthanhthuy@gmail.com', '', 'Nguyễn', '0000-00-00', '', 1, '12312312312312', '0000-00-00', '', '1', '', '', '', '', '', '', 1, 'tannguyen', '', '0909365456', '', '$2a$08$9te9lDnbTGVI1vM5CS9Axupo0Nks5DdPbjlFsPovXuENi2lNAjJfm', '2017-03-31 00:37:49', NULL, '192.168.1.17', '2017-08-25 16:38:11', '2017-08-25 16:38:02', NULL, NULL, 0, 1, 2, 1, 'vietnamese', '', 'tan-nguyễn', 0, '200.00', '', 0, 0, NULL, 2),
(3, 'N1', '', 'ngocha@gmail.com', '', 'Hà', '0000-00-00', '', 1, '1231111111', '0000-00-00', '', '1', '', '', '', '', '', '', 1, '', '', '0909321456', 'amin@admin.com', '$2a$08$g4x8tVcVGWjjLuj/ZBRCuuE6DMKy3Z5r43jAV9kPy7Ye3X/hv6AVy', '2017-03-31 00:49:22', NULL, '192.168.1.5', '2017-07-24 16:48:33', '2017-06-17 11:08:20', NULL, NULL, 0, 2, 3, 1, 'vietnamese', '', 'ngọc-ha', 0, '200.00', '', 0, 0, NULL, 3),
(4, '0', '3', 'thuylinh@gmail.com', '', 'Linh', '0000-00-00', '', 1, '12312312312', '0000-00-00', '', '1', '', '', '', '', '', '', 1, '', '', '09123456789', 'amin@admin.com', '$2a$08$p.1TxyJKLU6zvTjLycpFz.tF9a0oToG4kwNoDMwlefXbw5UOs4Y6u', '2017-03-31 00:50:39', NULL, '192.168.1.18', '2017-09-23 09:48:42', '2017-07-06 17:16:45', NULL, NULL, 0, 1, 4, 1, 'vietnamese', '', 'thuy-linh', 0, '150.00', '', 0, 0, NULL, 1),
(14, '', '', 'v@gmail.com', '33', '333', '0000-00-00', '', 1, '22323', '0000-00-00', '', '1', '', '', '', '', '', '', 1, NULL, NULL, '', '', '$2a$08$RZ7lDweXXovGmFrez9sLae8o9YE9FH3j37BnrFKOxbC3hWja0BTJq', '2017-07-20 09:33:21', NULL, '192.168.1.18', '2017-09-23 09:49:33', NULL, NULL, NULL, 0, 1, NULL, 1, 'vietnamese', '', '33-333', 0, '0.00', '', 0, 0, NULL, 2),
(16, '', '', '123123123@gmail.com', '', '123123123213', '2017-07-12', '123123213', 1, '123123123', '2017-10-12', '', '1', '', '', '', '', '', '', 1, NULL, NULL, '', '', '$2a$08$I61ZQ29MEgLizBmRchvkuOr4Gd1j5ql4zKq55ivT2AOLhINRlSbnS', '2017-07-20 10:02:58', NULL, NULL, NULL, NULL, NULL, NULL, 0, 1, NULL, 1, '', 'rtl', '123123123213', 0, '10000000.00', '', 0, 0, NULL, 3),
(12, 'S12', '2', 'lechiconglechicong@gmail.com', '', 'Công', '2017-07-04', 'hồ chí minh', 1, '155246546556', '2017-07-04', 'quận bình thạnh', '1', 'quận bình thạnh', '01245530024', 'quận bình thạnh', 'giám đốc', '111', 'A', 1, NULL, NULL, '01245530024', 'amin@admin.com', '$2a$08$VTXz8ZjH856/h9hdC3LKROkjRlWxeKbcpFm4hqFcbG.6tc40Y2yRG', '2017-07-09 14:19:54', NULL, '192.168.1.5', '2017-07-24 13:39:34', '2017-07-24 12:11:36', NULL, NULL, 0, 1, 3, 1, 'vietnamese', 'rtl', 'le-chi-cong', 0, '13000000.00', 'ádasda', 0, 0, NULL, 1),
(13, 'S12', '2', '123123@gmail.com', '123123', '123123123', '0000-00-00', '', 1, '3123123123123', '0000-00-00', '', '1', '', '', '', '', '', '', 1, NULL, NULL, '', '', '$2a$08$xqVV41saRP8hLpfBUt2Sn.SPAweIulWwE7WnHZco3zZvkIX2iSRIq', '2017-07-18 15:57:30', NULL, NULL, NULL, NULL, NULL, NULL, 0, 1, 3, 1, '', '', '123123-123123123', 0, '10000000.00', '', 0, 0, NULL, 2);

-- --------------------------------------------------------

--
-- Cấu trúc bảng cho bảng `tblstaffdepartments`
--

CREATE TABLE `tblstaffdepartments` (
  `staffdepartmentid` int(11) NOT NULL,
  `staffid` int(11) NOT NULL,
  `departmentid` int(11) NOT NULL
) ENGINE=MyISAM DEFAULT CHARSET=utf8;

-- --------------------------------------------------------

--
-- Cấu trúc bảng cho bảng `tblstaffpermissions`
--

CREATE TABLE `tblstaffpermissions` (
  `staffpermid` int(11) NOT NULL,
  `permissionid` int(11) NOT NULL,
  `can_view` tinyint(1) NOT NULL DEFAULT '0',
  `can_view_own` tinyint(1) NOT NULL DEFAULT '0',
  `can_edit` tinyint(1) NOT NULL DEFAULT '0',
  `can_create` tinyint(1) NOT NULL DEFAULT '0',
  `can_delete` tinyint(1) NOT NULL DEFAULT '0',
  `staffid` int(11) NOT NULL
) ENGINE=MyISAM DEFAULT CHARSET=utf8;

--
-- Đang đổ dữ liệu cho bảng `tblstaffpermissions`
--

INSERT INTO `tblstaffpermissions` (`staffpermid`, `permissionid`, `can_view`, `can_view_own`, `can_edit`, `can_create`, `can_delete`, `staffid`) VALUES
(1, 16, 1, 0, 0, 0, 0, 2),
(2, 1, 1, 0, 0, 0, 0, 2),
(3, 8, 1, 0, 0, 0, 0, 2),
(4, 9, 1, 0, 0, 0, 0, 2),
(5, 11, 0, 0, 0, 0, 0, 2),
(6, 15, 0, 0, 0, 0, 0, 2),
(7, 14, 1, 0, 0, 0, 0, 2),
(8, 18, 0, 0, 0, 0, 0, 2),
(9, 19, 1, 0, 0, 0, 0, 2),
(10, 12, 1, 0, 0, 0, 0, 2),
(11, 17, 1, 0, 0, 0, 0, 2),
(12, 5, 0, 0, 0, 0, 0, 2),
(13, 13, 1, 0, 0, 0, 0, 2),
(14, 3, 1, 0, 0, 0, 0, 2),
(15, 10, 1, 0, 0, 0, 0, 2),
(16, 4, 1, 0, 0, 0, 0, 2),
(17, 7, 0, 0, 0, 0, 0, 2),
(18, 6, 1, 0, 0, 0, 0, 2),
(19, 2, 1, 0, 0, 0, 0, 2),
(20, 16, 0, 0, 0, 0, 0, 3),
(21, 1, 1, 0, 0, 1, 0, 3),
(22, 8, 1, 0, 0, 0, 0, 3),
(23, 9, 0, 0, 0, 0, 0, 3),
(24, 11, 0, 0, 0, 0, 0, 3),
(25, 15, 0, 0, 0, 0, 0, 3),
(26, 14, 0, 0, 0, 0, 0, 3),
(27, 18, 0, 0, 0, 0, 0, 3),
(28, 19, 0, 0, 0, 0, 0, 3),
(29, 12, 1, 0, 0, 0, 0, 3),
(30, 17, 0, 0, 0, 0, 0, 3),
(31, 5, 1, 0, 0, 0, 0, 3),
(32, 13, 0, 0, 0, 0, 0, 3),
(33, 3, 1, 0, 0, 0, 0, 3),
(34, 10, 0, 0, 0, 0, 0, 3),
(35, 4, 1, 0, 0, 0, 0, 3),
(36, 7, 0, 0, 0, 0, 0, 3),
(37, 6, 0, 0, 0, 0, 0, 3),
(38, 2, 1, 0, 0, 0, 0, 3),
(39, 16, 0, 0, 0, 0, 0, 4),
(40, 1, 1, 0, 0, 0, 0, 4),
(41, 8, 1, 0, 0, 0, 0, 4),
(42, 9, 0, 0, 0, 0, 0, 4),
(43, 11, 1, 0, 0, 0, 0, 4),
(44, 15, 1, 0, 0, 0, 0, 4),
(45, 14, 0, 0, 0, 0, 0, 4),
(46, 18, 1, 0, 0, 0, 0, 4),
(47, 19, 1, 0, 0, 0, 0, 4),
(48, 12, 1, 0, 0, 0, 0, 4),
(49, 17, 1, 0, 0, 0, 0, 4),
(50, 5, 0, 0, 0, 0, 0, 4),
(51, 13, 0, 0, 0, 0, 0, 4),
(52, 3, 1, 0, 0, 0, 0, 4),
(53, 10, 1, 0, 0, 0, 0, 4),
(54, 4, 1, 0, 0, 0, 0, 4),
(55, 7, 1, 0, 0, 0, 0, 4),
(56, 6, 0, 0, 0, 0, 0, 4),
(57, 2, 0, 0, 0, 0, 0, 4),
(58, 16, 0, 0, 0, 0, 0, 5),
(59, 1, 1, 0, 0, 0, 0, 5),
(60, 8, 1, 0, 0, 0, 0, 5),
(61, 9, 0, 0, 0, 0, 0, 5),
(62, 11, 0, 0, 0, 0, 0, 5),
(63, 15, 0, 0, 0, 0, 0, 5),
(64, 14, 0, 0, 0, 0, 0, 5),
(65, 18, 0, 0, 0, 0, 0, 5),
(66, 19, 0, 0, 0, 0, 0, 5),
(67, 12, 1, 0, 0, 0, 0, 5),
(68, 17, 0, 0, 0, 0, 0, 5),
(69, 5, 1, 0, 0, 0, 0, 5),
(70, 13, 0, 0, 0, 0, 0, 5),
(71, 3, 1, 0, 0, 0, 0, 5),
(72, 10, 0, 0, 0, 0, 0, 5),
(73, 4, 1, 0, 0, 0, 0, 5),
(74, 7, 0, 0, 0, 0, 0, 5),
(75, 6, 0, 0, 0, 0, 0, 5),
(76, 2, 1, 0, 0, 0, 0, 5),
(115, 16, 0, 0, 0, 0, 0, 12),
(116, 1, 0, 0, 0, 0, 0, 12),
(117, 8, 0, 0, 0, 0, 0, 12),
(118, 9, 0, 0, 0, 0, 0, 12),
(119, 11, 0, 0, 0, 0, 0, 12),
(120, 15, 0, 0, 0, 0, 0, 12),
(121, 14, 0, 0, 0, 0, 0, 12),
(122, 18, 0, 0, 0, 0, 0, 12),
(123, 19, 0, 0, 0, 0, 0, 12),
(124, 12, 0, 0, 0, 0, 0, 12),
(125, 17, 0, 0, 0, 0, 0, 12),
(126, 5, 0, 0, 0, 0, 0, 12),
(127, 13, 0, 0, 0, 0, 0, 12),
(128, 3, 0, 0, 0, 0, 0, 12),
(129, 10, 0, 0, 0, 0, 0, 12),
(130, 4, 0, 0, 0, 0, 0, 12),
(131, 7, 0, 0, 0, 0, 0, 12),
(132, 6, 0, 0, 0, 0, 0, 12),
(133, 2, 0, 0, 0, 0, 0, 12);

-- --------------------------------------------------------

--
-- Cấu trúc bảng cho bảng `tblstafftaskassignees`
--

CREATE TABLE `tblstafftaskassignees` (
  `id` int(11) NOT NULL,
  `staffid` int(11) NOT NULL,
  `taskid` int(11) NOT NULL,
  `assigned_from` int(11) NOT NULL DEFAULT '0'
) ENGINE=MyISAM DEFAULT CHARSET=utf8;

--
-- Đang đổ dữ liệu cho bảng `tblstafftaskassignees`
--

INSERT INTO `tblstafftaskassignees` (`id`, `staffid`, `taskid`, `assigned_from`) VALUES
(1, 4, 1, 1),
(2, 4, 2, 1),
(3, 1, 3, 1),
(12, 3, 16, 1),
(5, 2, 5, 1),
(6, 16, 5, 1),
(7, 14, 7, 1),
(8, 14, 8, 1),
(9, 1, 12, 1),
(10, 14, 13, 1),
(11, 1, 9, 1);

-- --------------------------------------------------------

--
-- Cấu trúc bảng cho bảng `tblstafftaskcomments`
--

CREATE TABLE `tblstafftaskcomments` (
  `id` int(11) NOT NULL,
  `content` text NOT NULL,
  `taskid` int(11) NOT NULL,
  `staffid` int(11) NOT NULL,
  `contact_id` int(11) NOT NULL DEFAULT '0',
  `dateadded` datetime NOT NULL
) ENGINE=MyISAM DEFAULT CHARSET=utf8;

--
-- Đang đổ dữ liệu cho bảng `tblstafftaskcomments`
--

INSERT INTO `tblstafftaskcomments` (`id`, `content`, `taskid`, `staffid`, `contact_id`, `dateadded`) VALUES
(1, 'Đ&atilde; nhận được nhiệm vụ', 3, 4, 0, '2017-04-03 12:58:43');

-- --------------------------------------------------------

--
-- Cấu trúc bảng cho bảng `tblstafftasks`
--

CREATE TABLE `tblstafftasks` (
  `id` int(11) NOT NULL,
  `name` mediumtext,
  `description` text,
  `priority` int(11) DEFAULT NULL,
  `dateadded` datetime NOT NULL,
  `startdate` date NOT NULL,
  `duedate` date DEFAULT NULL,
  `datefinished` datetime NOT NULL,
  `addedfrom` int(11) NOT NULL,
  `status` int(11) NOT NULL DEFAULT '0',
  `recurring_type` varchar(10) DEFAULT NULL,
  `repeat_every` int(11) DEFAULT NULL,
  `recurring` int(11) NOT NULL DEFAULT '0',
  `recurring_ends_on` date DEFAULT NULL,
  `custom_recurring` tinyint(1) NOT NULL DEFAULT '0',
  `last_recurring_date` date DEFAULT NULL,
  `rel_id` int(11) DEFAULT NULL,
  `rel_type` varchar(30) DEFAULT NULL,
  `is_public` tinyint(1) NOT NULL DEFAULT '0',
  `billable` tinyint(1) NOT NULL DEFAULT '0',
  `billed` tinyint(1) NOT NULL DEFAULT '0',
  `invoice_id` int(11) NOT NULL DEFAULT '0',
  `hourly_rate` decimal(11,2) NOT NULL DEFAULT '0.00',
  `milestone` int(11) DEFAULT '0',
  `kanban_order` int(11) NOT NULL DEFAULT '0',
  `milestone_order` int(11) NOT NULL DEFAULT '0',
  `visible_to_client` tinyint(1) NOT NULL DEFAULT '0',
  `deadline_notified` int(11) NOT NULL DEFAULT '0',
  `time_taken` int(11) NOT NULL COMMENT 'Thời gian thực hiện ( giờ )'
) ENGINE=MyISAM DEFAULT CHARSET=utf8;

--
-- Đang đổ dữ liệu cho bảng `tblstafftasks`
--

INSERT INTO `tblstafftasks` (`id`, `name`, `description`, `priority`, `dateadded`, `startdate`, `duedate`, `datefinished`, `addedfrom`, `status`, `recurring_type`, `repeat_every`, `recurring`, `recurring_ends_on`, `custom_recurring`, `last_recurring_date`, `rel_id`, `rel_type`, `is_public`, `billable`, `billed`, `invoice_id`, `hourly_rate`, `milestone`, `kanban_order`, `milestone_order`, `visible_to_client`, `deadline_notified`, `time_taken`) VALUES
(1, 'Nhiệm vụ 1', '', 2, '2017-04-03 12:52:35', '2017-04-03', '2017-04-05', '2017-04-03 12:53:07', 1, 5, 'month', 1, 1, NULL, 0, NULL, 2, 'customer', 0, 1, 0, 0, '0.00', 0, 0, 0, 0, 0, 0),
(2, 'Chăm sóc khách hàng', '', 2, '2017-04-03 12:56:14', '2017-04-03', NULL, '2017-04-03 12:56:52', 1, 5, 'week', 2, 1, NULL, 0, NULL, 17, 'customer', 1, 1, 0, 0, '0.00', 0, 0, 0, 0, 0, 0),
(3, 'Chăm sóc khách hàng', '', 2, '2017-04-03 12:58:03', '2017-04-03', NULL, '2017-07-04 13:40:02', 1, 5, 'week', 2, 1, NULL, 0, NULL, 17, 'customer', 1, 1, 0, 0, '0.00', 0, 0, 0, 0, 0, 0),
(4, 'dsad', 'dsad', 2, '2017-05-31 17:45:10', '2017-05-31', NULL, '2017-06-02 18:22:06', 1, 5, NULL, 0, 0, NULL, 0, NULL, 6, 'lead', 0, 1, 0, 0, '0.00', 0, 0, 0, 0, 0, 0),
(5, 'báo cáo thuế', '', 2, '2017-07-27 12:09:18', '2017-07-27', NULL, '0000-00-00 00:00:00', 1, 4, NULL, 0, 0, NULL, 0, NULL, NULL, NULL, 0, 1, 0, 0, '0.00', 0, 0, 0, 0, 0, 0),
(6, 'bao cao thue', '', 2, '2017-07-27 12:09:31', '2017-07-27', NULL, '0000-00-00 00:00:00', 1, 4, NULL, 0, 0, NULL, 0, NULL, NULL, NULL, 0, 1, 0, 0, '0.00', 0, 0, 0, 0, 0, 0),
(7, 'd', 'd', 2, '2017-09-18 11:40:29', '2017-09-18', '2017-09-22', '0000-00-00 00:00:00', 1, 4, NULL, NULL, 0, NULL, 0, NULL, NULL, NULL, 0, 0, 0, 0, '0.00', 0, 0, 0, 0, 0, 0),
(8, 'test cong viec', 'noi dung cong viec', 2, '2017-09-18 11:47:00', '2017-09-18', '2017-09-28', '0000-00-00 00:00:00', 1, 4, NULL, NULL, 0, NULL, 0, NULL, NULL, NULL, 0, 0, 0, 0, '0.00', 0, 0, 0, 0, 0, 0),
(9, 'Kho hàng nhập', '', 2, '2017-09-18 12:00:22', '2017-09-18', '2017-09-13', '0000-00-00 00:00:00', 1, 4, NULL, NULL, 0, NULL, 0, NULL, NULL, NULL, 0, 0, 0, 0, '0.00', 0, 0, 0, 0, 0, 0),
(10, '34123123213213', '', 2, '2017-09-18 14:00:31', '2017-09-18', '2017-09-12', '0000-00-00 00:00:00', 1, 4, NULL, NULL, 0, NULL, 0, NULL, NULL, NULL, 0, 0, 0, 0, '0.00', 0, 0, 0, 0, 0, 0),
(11, '12312312312312312312', '', 2, '2017-09-18 14:14:42', '2017-09-18', '2017-08-30', '0000-00-00 00:00:00', 1, 4, NULL, NULL, 0, NULL, 0, NULL, 17, 'customer', 0, 0, 0, 0, '0.00', 0, 0, 0, 0, 0, 0),
(12, 'chăm sóc khách hàng', 'nội dung', 2, '2017-09-18 17:42:02', '2017-09-18', '2017-09-21', '0000-00-00 00:00:00', 1, 4, NULL, NULL, 0, NULL, 0, NULL, 13, 'customer', 0, 0, 0, 0, '0.00', 0, 0, 0, 0, 0, 0),
(13, 'd', 'd', 2, '2017-09-22 08:19:42', '2017-09-22', '2017-09-22', '0000-00-00 00:00:00', 1, 4, NULL, NULL, 0, NULL, 0, NULL, 14, 'customer', 0, 0, 0, 0, '0.00', 0, 0, 0, 0, 0, 0),
(16, 'test', '', 2, '2017-10-30 14:55:52', '2017-10-30', NULL, '0000-00-00 00:00:00', 1, 4, NULL, NULL, 0, NULL, 0, NULL, 58, 'customer', 0, 0, 0, 0, '0.00', 0, 0, 0, 0, 0, 0);

-- --------------------------------------------------------

--
-- Cấu trúc bảng cho bảng `tblstafftasksfollowers`
--

CREATE TABLE `tblstafftasksfollowers` (
  `id` int(11) NOT NULL,
  `staffid` int(11) NOT NULL,
  `taskid` int(11) NOT NULL
) ENGINE=MyISAM DEFAULT CHARSET=utf8;

--
-- Đang đổ dữ liệu cho bảng `tblstafftasksfollowers`
--

INSERT INTO `tblstafftasksfollowers` (`id`, `staffid`, `taskid`) VALUES
(1, 4, 1),
(2, 4, 3),
(3, 1, 13),
(4, 1, 5);

-- --------------------------------------------------------

--
-- Cấu trúc bảng cho bảng `tblstafftasksupporters`
--

CREATE TABLE `tblstafftasksupporters` (
  `id` int(11) NOT NULL,
  `staffid` int(11) NOT NULL,
  `taskid` int(11) NOT NULL,
  `assigned_from` int(11) NOT NULL
) ENGINE=InnoDB DEFAULT CHARSET=utf8 COLLATE=utf8_unicode_ci;

--
-- Đang đổ dữ liệu cho bảng `tblstafftasksupporters`
--

INSERT INTO `tblstafftasksupporters` (`id`, `staffid`, `taskid`, `assigned_from`) VALUES
(20, 1, 5, 1),
(21, 4, 16, 1);

-- --------------------------------------------------------

--
-- Cấu trúc bảng cho bảng `tblstaff_comment`
--

CREATE TABLE `tblstaff_comment` (
  `id` int(11) NOT NULL,
  `staffid_comment` int(11) NOT NULL,
  `comment_admin` text CHARACTER SET utf8 COLLATE utf8_unicode_ci COMMENT 'comment giám đốc',
  `comment` text CHARACTER SET utf8 COLLATE utf8_unicode_ci COMMENT 'comment quản lý'
) ENGINE=InnoDB DEFAULT CHARSET=latin1;

--
-- Đang đổ dữ liệu cho bảng `tblstaff_comment`
--

INSERT INTO `tblstaff_comment` (`id`, `staffid_comment`, `comment_admin`, `comment`) VALUES
(1, 11, 'GHI CHÚ - NHẬN XÉT CỦA BGĐ', 'GHI CHÚ - NHẬN XÉT CỦA QUẢN LÝ'),
(2, 10, '', ''),
(3, 12, '', ''),
(4, 13, '', ''),
(5, 16, '', ''),
(6, 3, '', '123123'),
(7, 4, '', 'nhận xét'),
(8, 2, '', '');

-- --------------------------------------------------------

--
-- Cấu trúc bảng cho bảng `tblstaff_contract`
--

CREATE TABLE `tblstaff_contract` (
  `id` int(11) NOT NULL,
  `contract_staff_id` int(11) NOT NULL,
  `name_contract` varchar(500) CHARACTER SET utf8 COLLATE utf8_unicode_ci DEFAULT NULL,
  `code_contract` varchar(20) CHARACTER SET utf8 COLLATE utf8_unicode_ci DEFAULT NULL,
  `date_to` date DEFAULT NULL,
  `to_date` date DEFAULT NULL
) ENGINE=InnoDB DEFAULT CHARSET=latin1;

--
-- Đang đổ dữ liệu cho bảng `tblstaff_contract`
--

INSERT INTO `tblstaff_contract` (`id`, `contract_staff_id`, `name_contract`, `code_contract`, `date_to`, `to_date`) VALUES
(5, 9, 'asdas', 'ada', '2017-03-06', '0000-00-00'),
(14, 11, '12', '12', '2017-01-02', '2017-01-02'),
(21, 10, '1', '1', '2017-02-03', '2017-02-03'),
(22, 10, '2', '2', '2017-02-03', '2017-02-03'),
(27, 16, '3123213', '12312312', '2016-12-11', '2016-12-11'),
(36, 3, '12321', '123123', '1994-04-12', '2018-04-12'),
(37, 12, 's? 1', '132132156', '2017-05-05', '2017-12-12');

-- --------------------------------------------------------

--
-- Cấu trúc bảng cho bảng `tblstaff_information`
--

CREATE TABLE `tblstaff_information` (
  `id` int(11) NOT NULL,
  `staff_id` int(11) NOT NULL,
  `date` year(4) DEFAULT NULL,
  `to_date` year(4) DEFAULT NULL,
  `address_job` varchar(500) CHARACTER SET utf8 COLLATE utf8_unicode_ci DEFAULT NULL,
  `location_work` varchar(500) CHARACTER SET utf8 COLLATE utf8_unicode_ci NOT NULL COMMENT 'vị trí làm việc'
) ENGINE=InnoDB DEFAULT CHARSET=latin1;

--
-- Đang đổ dữ liệu cho bảng `tblstaff_information`
--

INSERT INTO `tblstaff_information` (`id`, `staff_id`, `date`, `to_date`, `address_job`, `location_work`) VALUES
(12, 11, 2017, 2017, '2017-2018', '2017-2018'),
(16, 16, 0000, 0000, '', ''),
(19, 3, 2018, 2020, '2018-02-12', '2018-02-12'),
(20, 12, 2017, 2018, 'TPA', 'sale');

-- --------------------------------------------------------

--
-- Cấu trúc bảng cho bảng `tblstaff_insurrance`
--

CREATE TABLE `tblstaff_insurrance` (
  `id` int(11) NOT NULL,
  `insurrance_staff_id` int(11) NOT NULL,
  `code_xh` int(11) DEFAULT NULL,
  `code_yt` int(11) DEFAULT NULL,
  `date_gave` date DEFAULT NULL COMMENT 'ngày đóng',
  `level` int(11) DEFAULT NULL COMMENT 'mức đóng',
  `mts` int(11) DEFAULT NULL,
  `date_mts` date DEFAULT NULL,
  `people_off_1` varchar(500) DEFAULT NULL COMMENT 'người phụ thuộc',
  `relation_1` int(11) DEFAULT NULL COMMENT 'quan hệ',
  `people_off_2` varchar(500) DEFAULT NULL,
  `relation_2` int(11) DEFAULT NULL,
  `people_off_3` varchar(500) DEFAULT NULL,
  `relation_3` int(11) DEFAULT NULL
) ENGINE=InnoDB DEFAULT CHARSET=latin1;

--
-- Đang đổ dữ liệu cho bảng `tblstaff_insurrance`
--

INSERT INTO `tblstaff_insurrance` (`id`, `insurrance_staff_id`, `code_xh`, `code_yt`, `date_gave`, `level`, `mts`, `date_mts`, `people_off_1`, `relation_1`, `people_off_2`, `relation_2`, `people_off_3`, `relation_3`) VALUES
(2, 11, 1, 1, '0000-00-00', 1, 1, '0000-00-00', 'asdas', 1, 'asdas', 1, 'asdas', 1),
(3, 12, 115453, 11545, '2017-07-11', 0, 0, '0000-00-00', '', 0, '', 0, '', 0),
(4, 13, 0, 0, '0000-00-00', 0, 0, '0000-00-00', '', 0, '', 0, '', 0),
(5, 14, 0, 0, '0000-00-00', 0, 0, '0000-00-00', '', 0, '', 0, '', 0),
(6, 15, 0, 0, '0000-00-00', 0, 0, '0000-00-00', '', 0, '', 0, '', 0),
(7, 16, 0, 0, '0000-00-00', 0, 0, '0000-00-00', '', 0, '', 0, '', 0),
(9, 3, 12312312, 12312312, '2017-07-12', 12312312, 12312312, '2017-07-13', '12312312', 12312312, '12312312', 12312312, '12312312', 12312312),
(10, 2, 0, 0, '0000-00-00', 0, 0, '0000-00-00', '', 0, '', 0, '', 0);

-- --------------------------------------------------------

--
-- Cấu trúc bảng cho bảng `tblstatus`
--

CREATE TABLE `tblstatus` (
  `id` int(11) NOT NULL,
  `name` varchar(250) CHARACTER SET utf8 COLLATE utf8_unicode_ci NOT NULL
) ENGINE=InnoDB DEFAULT CHARSET=latin1;

--
-- Đang đổ dữ liệu cho bảng `tblstatus`
--

INSERT INTO `tblstatus` (`id`, `name`) VALUES
(1, 'Đang Chăm sóc'),
(2, 'Đã cọc'),
(3, 'FAIL'),
(4, 'Đã ký HĐ');

-- --------------------------------------------------------

--
-- Cấu trúc bảng cho bảng `tblstatusbds`
--

CREATE TABLE `tblstatusbds` (
  `id` int(11) NOT NULL,
  `name` varchar(50) NOT NULL,
  `statusorder` int(11) DEFAULT NULL,
  `color` varchar(10) DEFAULT '#28B8DA',
  `isdefault` int(11) NOT NULL DEFAULT '0'
) ENGINE=MyISAM DEFAULT CHARSET=utf8;

--
-- Đang đổ dữ liệu cho bảng `tblstatusbds`
--

INSERT INTO `tblstatusbds` (`id`, `name`, `statusorder`, `color`, `isdefault`) VALUES
(1, 'Đã bán', 1000, '#7cb342', 1),
(2, 'Chưa bán', 1000, '#ed3209', 1),
(3, 'Đã thuê', 1000, '#8f5f8f', 1),
(4, 'Chưa thuê', 1000, '#fa0fe2', 1);

-- --------------------------------------------------------

--
-- Cấu trúc bảng cho bảng `tblsurveyresultsets`
--

CREATE TABLE `tblsurveyresultsets` (
  `resultsetid` int(11) NOT NULL,
  `surveyid` int(11) NOT NULL,
  `ip` varchar(40) NOT NULL,
  `useragent` varchar(150) NOT NULL,
  `date` datetime NOT NULL
) ENGINE=MyISAM DEFAULT CHARSET=utf8;

-- --------------------------------------------------------

--
-- Cấu trúc bảng cho bảng `tblsurveys`
--

CREATE TABLE `tblsurveys` (
  `surveyid` int(11) NOT NULL,
  `subject` mediumtext NOT NULL,
  `slug` mediumtext NOT NULL,
  `description` text NOT NULL,
  `viewdescription` text,
  `datecreated` datetime NOT NULL,
  `redirect_url` varchar(100) DEFAULT NULL,
  `send` tinyint(1) NOT NULL DEFAULT '0',
  `onlyforloggedin` int(11) DEFAULT '0',
  `fromname` varchar(100) DEFAULT NULL,
  `iprestrict` tinyint(1) NOT NULL,
  `active` tinyint(1) NOT NULL DEFAULT '1',
  `hash` varchar(32) NOT NULL
) ENGINE=MyISAM DEFAULT CHARSET=utf8;

--
-- Đang đổ dữ liệu cho bảng `tblsurveys`
--

INSERT INTO `tblsurveys` (`surveyid`, `subject`, `slug`, `description`, `viewdescription`, `datecreated`, `redirect_url`, `send`, `onlyforloggedin`, `fromname`, `iprestrict`, `active`, `hash`) VALUES
(1, 'Tu van bat dong san', 'tu-van-bat-dong-san', '', '', '2017-06-07 21:00:30', '', 0, 0, '', 0, 1, '53503a67a03ff78eeeb04f80745c1942');

-- --------------------------------------------------------

--
-- Cấu trúc bảng cho bảng `tblsurveysemailsendcron`
--

CREATE TABLE `tblsurveysemailsendcron` (
  `id` int(11) NOT NULL,
  `surveyid` int(11) NOT NULL,
  `email` varchar(100) NOT NULL,
  `emailid` int(11) DEFAULT NULL,
  `listid` varchar(11) DEFAULT NULL,
  `log_id` int(11) NOT NULL
) ENGINE=MyISAM DEFAULT CHARSET=utf8;

-- --------------------------------------------------------

--
-- Cấu trúc bảng cho bảng `tblsurveysendlog`
--

CREATE TABLE `tblsurveysendlog` (
  `id` int(11) NOT NULL,
  `surveyid` int(11) NOT NULL,
  `total` int(11) NOT NULL,
  `date` datetime NOT NULL,
  `iscronfinished` int(11) NOT NULL DEFAULT '0',
  `send_to_mail_lists` varchar(500) DEFAULT NULL
) ENGINE=MyISAM DEFAULT CHARSET=utf8;

-- --------------------------------------------------------

--
-- Cấu trúc bảng cho bảng `tbltags`
--

CREATE TABLE `tbltags` (
  `id` int(11) NOT NULL,
  `name` varchar(100) NOT NULL
) ENGINE=MyISAM DEFAULT CHARSET=utf8;

--
-- Đang đổ dữ liệu cho bảng `tbltags`
--

INSERT INTO `tbltags` (`id`, `name`) VALUES
(1, 'Nhà ở'),
(2, 'Biệt thự'),
(3, 'test 1');

-- --------------------------------------------------------

--
-- Cấu trúc bảng cho bảng `tbltags_in`
--

CREATE TABLE `tbltags_in` (
  `rel_id` int(11) NOT NULL,
  `rel_type` varchar(20) NOT NULL,
  `tag_id` int(11) NOT NULL,
  `tag_order` int(11) NOT NULL DEFAULT '0'
) ENGINE=MyISAM DEFAULT CHARSET=utf8;

--
-- Đang đổ dữ liệu cho bảng `tbltags_in`
--

INSERT INTO `tbltags_in` (`rel_id`, `rel_type`, `tag_id`, `tag_order`) VALUES
(4, 'lead', 1, 1),
(5, 'lead', 2, 1),
(7, 'lead', 2, 1),
(7, 'lead', 1, 2),
(52, 'project_bds', 2, 1),
(52, 'project_bds', 1, 2),
(54, 'project_bds', 2, 1),
(54, 'project_bds', 1, 2),
(56, 'project_bds', 2, 1),
(56, 'project_bds', 1, 2),
(55, 'project_bds', 1, 1),
(58, 'project_bds', 1, 1),
(67, 'project_bds', 3, 1),
(68, 'project_bds', 3, 1);

-- --------------------------------------------------------

--
-- Cấu trúc bảng cho bảng `tbltag_partner`
--

CREATE TABLE `tbltag_partner` (
  `id` int(11) NOT NULL,
  `name` varchar(250) CHARACTER SET utf8 COLLATE utf8_unicode_ci NOT NULL
) ENGINE=InnoDB DEFAULT CHARSET=latin1;

--
-- Đang đổ dữ liệu cho bảng `tbltag_partner`
--

INSERT INTO `tbltag_partner` (`id`, `name`) VALUES
(1, 'Biệt thự'),
(2, '123'),
(3, '345'),
(4, 'Nhà ở'),
(5, 'kỹ sư'),
(6, 'abc');

-- --------------------------------------------------------

--
-- Cấu trúc bảng cho bảng `tbltag_partner_in`
--

CREATE TABLE `tbltag_partner_in` (
  `id` int(11) NOT NULL,
  `tag_id` int(11) NOT NULL
) ENGINE=InnoDB DEFAULT CHARSET=latin1;

--
-- Đang đổ dữ liệu cho bảng `tbltag_partner_in`
--

INSERT INTO `tbltag_partner_in` (`id`, `tag_id`) VALUES
(1, 2),
(1, 3),
(19, 1),
(19, 4),
(19, 5),
(20, 6);

-- --------------------------------------------------------

--
-- Cấu trúc bảng cho bảng `tbltaskchecklists`
--

CREATE TABLE `tbltaskchecklists` (
  `id` int(11) NOT NULL,
  `taskid` int(11) NOT NULL,
  `description` varchar(500) NOT NULL,
  `finished` int(11) NOT NULL DEFAULT '0',
  `dateadded` datetime NOT NULL,
  `addedfrom` int(11) NOT NULL,
  `finished_from` int(11) DEFAULT '0',
  `list_order` int(11) NOT NULL DEFAULT '0'
) ENGINE=MyISAM DEFAULT CHARSET=utf8;

--
-- Đang đổ dữ liệu cho bảng `tbltaskchecklists`
--

INSERT INTO `tbltaskchecklists` (`id`, `taskid`, `description`, `finished`, `dateadded`, `addedfrom`, `finished_from`, `list_order`) VALUES
(2, 7, 'ff', 1, '2017-09-18 11:45:39', 1, 1, 1),
(3, 8, 'aa', 1, '2017-09-18 11:47:08', 1, 1, 1),
(6, 13, '1231333', 0, '2017-09-23 10:21:30', 1, 0, 2),
(7, 13, '', 0, '2017-09-23 10:21:31', 1, 0, 1);

-- --------------------------------------------------------

--
-- Cấu trúc bảng cho bảng `tbltaskstimers`
--

CREATE TABLE `tbltaskstimers` (
  `id` int(11) NOT NULL,
  `task_id` int(11) NOT NULL,
  `start_time` varchar(64) NOT NULL,
  `end_time` varchar(64) DEFAULT NULL,
  `staff_id` int(11) NOT NULL,
  `hourly_rate` decimal(11,2) NOT NULL DEFAULT '0.00'
) ENGINE=MyISAM DEFAULT CHARSET=utf8;

--
-- Đang đổ dữ liệu cho bảng `tbltaskstimers`
--

INSERT INTO `tbltaskstimers` (`id`, `task_id`, `start_time`, `end_time`, `staff_id`, `hourly_rate`) VALUES
(1, 12, '1505731337', '1507339873', 1, '0.00'),
(2, 9, '1507339852', '1507339875', 1, '0.00'),
(3, 12, '1507339881', NULL, 1, '0.00');

-- --------------------------------------------------------

--
-- Cấu trúc bảng cho bảng `tbltaxes`
--

CREATE TABLE `tbltaxes` (
  `id` int(11) NOT NULL,
  `name` varchar(100) NOT NULL,
  `taxrate` decimal(11,2) NOT NULL
) ENGINE=MyISAM DEFAULT CHARSET=utf8;

--
-- Đang đổ dữ liệu cho bảng `tbltaxes`
--

INSERT INTO `tbltaxes` (`id`, `name`, `taxrate`) VALUES
(1, 'T', '5.00');

-- --------------------------------------------------------

--
-- Cấu trúc bảng cho bảng `tblticketattachments`
--

CREATE TABLE `tblticketattachments` (
  `id` int(11) NOT NULL,
  `ticketid` int(11) NOT NULL,
  `replyid` int(11) DEFAULT NULL,
  `file_name` mediumtext NOT NULL,
  `filetype` varchar(50) DEFAULT NULL,
  `dateadded` datetime NOT NULL
) ENGINE=MyISAM DEFAULT CHARSET=utf8;

-- --------------------------------------------------------

--
-- Cấu trúc bảng cho bảng `tblticketpipelog`
--

CREATE TABLE `tblticketpipelog` (
  `id` int(11) NOT NULL,
  `date` datetime NOT NULL,
  `email_to` varchar(500) NOT NULL,
  `name` varchar(200) NOT NULL,
  `subject` varchar(500) NOT NULL,
  `message` mediumtext NOT NULL,
  `email` varchar(300) NOT NULL,
  `status` varchar(100) NOT NULL
) ENGINE=MyISAM DEFAULT CHARSET=utf8;

-- --------------------------------------------------------

--
-- Cấu trúc bảng cho bảng `tblticketreplies`
--

CREATE TABLE `tblticketreplies` (
  `id` int(11) NOT NULL,
  `ticketid` int(11) NOT NULL,
  `userid` int(11) DEFAULT NULL,
  `contactid` int(11) NOT NULL DEFAULT '0',
  `name` text,
  `email` text,
  `date` datetime NOT NULL,
  `message` text,
  `attachment` int(11) DEFAULT NULL,
  `admin` int(11) DEFAULT NULL,
  `ip` varchar(40) DEFAULT NULL
) ENGINE=MyISAM DEFAULT CHARSET=utf8;

--
-- Đang đổ dữ liệu cho bảng `tblticketreplies`
--

INSERT INTO `tblticketreplies` (`id`, `ticketid`, `userid`, `contactid`, `name`, `email`, `date`, `message`, `attachment`, `admin`, `ip`) VALUES
(1, 1, 0, 0, NULL, NULL, '2017-06-02 17:58:42', 'ok&nbsp;', NULL, 1, '14.161.12.55');

-- --------------------------------------------------------

--
-- Cấu trúc bảng cho bảng `tbltickets`
--

CREATE TABLE `tbltickets` (
  `ticketid` int(11) NOT NULL,
  `adminreplying` int(11) NOT NULL DEFAULT '0',
  `userid` int(11) NOT NULL,
  `contactid` int(11) NOT NULL DEFAULT '0',
  `email` text,
  `name` text,
  `department` int(11) NOT NULL,
  `priority` int(11) NOT NULL,
  `status` int(11) NOT NULL,
  `service` int(11) DEFAULT NULL,
  `ticketkey` varchar(32) NOT NULL,
  `subject` varchar(300) NOT NULL,
  `message` text,
  `admin` int(11) DEFAULT NULL,
  `date` datetime NOT NULL,
  `project_id` int(11) NOT NULL DEFAULT '0',
  `lastreply` datetime DEFAULT NULL,
  `clientread` int(11) NOT NULL DEFAULT '0',
  `adminread` int(11) NOT NULL DEFAULT '0',
  `ip` varchar(40) DEFAULT NULL,
  `assigned` int(11) NOT NULL DEFAULT '0'
) ENGINE=MyISAM DEFAULT CHARSET=utf8;

--
-- Đang đổ dữ liệu cho bảng `tbltickets`
--

INSERT INTO `tbltickets` (`ticketid`, `adminreplying`, `userid`, `contactid`, `email`, `name`, `department`, `priority`, `status`, `service`, `ticketkey`, `subject`, `message`, `admin`, `date`, `project_id`, `lastreply`, `clientread`, `adminread`, `ip`, `assigned`) VALUES
(1, 0, 2, 1, NULL, NULL, 1, 3, 2, 0, '783872a2fdb4ff46dc9a4d429f1227da', 'ho tro 1', 'noi dung ho tro', NULL, '2017-06-02 17:57:17', 0, '2017-06-02 17:58:42', 1, 1, '14.161.12.55', 0);

-- --------------------------------------------------------

--
-- Cấu trúc bảng cho bảng `tblticketsspamcontrol`
--

CREATE TABLE `tblticketsspamcontrol` (
  `id` int(11) NOT NULL,
  `type` varchar(40) NOT NULL,
  `value` text NOT NULL
) ENGINE=MyISAM DEFAULT CHARSET=utf8;

-- --------------------------------------------------------

--
-- Cấu trúc bảng cho bảng `tblticketstatus`
--

CREATE TABLE `tblticketstatus` (
  `ticketstatusid` int(11) NOT NULL,
  `name` varchar(50) NOT NULL,
  `isdefault` int(11) NOT NULL DEFAULT '0',
  `statuscolor` varchar(7) DEFAULT NULL,
  `statusorder` int(11) DEFAULT NULL
) ENGINE=MyISAM DEFAULT CHARSET=utf8;

--
-- Đang đổ dữ liệu cho bảng `tblticketstatus`
--

INSERT INTO `tblticketstatus` (`ticketstatusid`, `name`, `isdefault`, `statuscolor`, `statusorder`) VALUES
(3, 'Answered', 1, '#0000ff', 3),
(4, 'On Hold', 1, '#c0c0c0', 4),
(2, 'In progress', 1, '#84c529', 2),
(5, 'Closed', 1, '#03a9f4', 5),
(1, 'Open', 1, '#ff2d42', 1);

-- --------------------------------------------------------

--
-- Cấu trúc bảng cho bảng `tbltodoitems`
--

CREATE TABLE `tbltodoitems` (
  `todoid` int(11) NOT NULL,
  `description` text NOT NULL,
  `staffid` int(11) NOT NULL,
  `dateadded` datetime NOT NULL,
  `finished` tinyint(1) NOT NULL,
  `datefinished` datetime DEFAULT NULL,
  `item_order` int(11) DEFAULT NULL
) ENGINE=MyISAM DEFAULT CHARSET=utf8;

--
-- Đang đổ dữ liệu cho bảng `tbltodoitems`
--

INSERT INTO `tbltodoitems` (`todoid`, `description`, `staffid`, `dateadded`, `finished`, `datefinished`, `item_order`) VALUES
(1, 'abc', 1, '2017-08-10 10:36:16', 0, NULL, 2),
(2, 'bac', 1, '2017-08-10 10:36:29', 0, NULL, 1);

-- --------------------------------------------------------

--
-- Cấu trúc bảng cho bảng `tbluserautologin`
--

CREATE TABLE `tbluserautologin` (
  `key_id` char(32) NOT NULL,
  `user_id` int(11) NOT NULL,
  `user_agent` varchar(150) NOT NULL,
  `last_ip` varchar(40) NOT NULL,
  `last_login` timestamp NOT NULL DEFAULT CURRENT_TIMESTAMP ON UPDATE CURRENT_TIMESTAMP,
  `staff` int(11) NOT NULL
) ENGINE=MyISAM DEFAULT CHARSET=utf8;

--
-- Đang đổ dữ liệu cho bảng `tbluserautologin`
--

INSERT INTO `tbluserautologin` (`key_id`, `user_id`, `user_agent`, `last_ip`, `last_login`, `staff`) VALUES
('67e637a5f78ab93f4180c306f413a5e3', 1, 'Mozilla/5.0 (Windows NT 10.0; Win64; x64) AppleWebKit/537.36 (KHTML, like Gecko) Chrome/58.0.3029.110 Safari/537.36', '117.6.132.124', '2017-05-30 03:44:37', 1),
('8f33b13e757dfd356ef11ee5a8fe0522', 1, 'Mozilla/5.0 (Windows NT 6.1; Win64; x64) AppleWebKit/537.36 (KHTML, like Gecko) Chrome/58.0.3029.110 Safari/537.36', '14.162.201.154', '2017-06-01 03:46:44', 1),
('3e0df9e9722abd2e302befc81b89c600', 1, 'Mozilla/5.0 (Windows NT 6.3; Win64; x64) AppleWebKit/537.36 (KHTML, like Gecko) Chrome/58.0.3029.110 Safari/537.36', '14.229.69.237', '2017-06-02 01:41:52', 1),
('08dd29d74de6c57596c626cb8cb8354c', 1, 'Mozilla/5.0 (Windows NT 10.0; Win64; x64) AppleWebKit/537.36 (KHTML, like Gecko) Chrome/58.0.3029.110 Safari/537.36', '14.169.88.139', '2017-06-10 04:15:57', 1),
('69f86db8969925ebc65c612680b0b407', 1, 'Mozilla/5.0 (Windows NT 10.0; WOW64) AppleWebKit/537.36 (KHTML, like Gecko) coc_coc_browser/64.4.126 Chrome/58.4.3029.126 Safari/537.36', '42.117.223.75', '2017-06-27 12:39:36', 1),
('71758785b924e798fbcd3b393785d554', 1, 'Mozilla/5.0 (Windows NT 6.1) AppleWebKit/537.36 (KHTML, like Gecko) Chrome/58.0.3029.110 Safari/537.36', '113.23.51.168', '2017-06-15 01:40:13', 1),
('c4ae4d3eec6b95426428ca5a80d5656a', 1, 'Mozilla/5.0 (Windows NT 10.0; Win64; x64) AppleWebKit/537.36 (KHTML, like Gecko) Chrome/59.0.3071.115 Safari/537.36', '113.162.182.55', '2017-07-04 04:20:26', 1),
('f2d1a07c311e3352b1bc8de4aea61565', 1, 'Mozilla/5.0 (iPhone; CPU iPhone OS 9_2_1 like Mac OS X) AppleWebKit/601.1.46 (KHTML, like Gecko) Version/9.0 Mobile/13D15 Safari/601.1', '113.161.130.52', '2017-07-12 03:31:53', 1),
('efd95598dc78e5aea84066ab38e0e7b9', 1, 'Mozilla/5.0 (iPhone; CPU iPhone OS 9_2_1 like Mac OS X) AppleWebKit/601.1.46 (KHTML, like Gecko) Version/9.0 Mobile/13D15 Safari/601.1', '171.233.97.240', '2017-07-12 08:17:13', 1),
('12bb98f5ae67a40dd656177c7880971a', 1, 'Mozilla/5.0 (Windows NT 10.0; Win64; x64) AppleWebKit/537.36 (KHTML, like Gecko) Chrome/60.0.3112.66 Safari/537.36', '113.161.73.246', '2017-07-13 04:38:11', 1),
('2a8445834a2512f9454a8688c88b647d', 1, 'Mozilla/5.0 (Windows NT 10.0; Win64; x64) AppleWebKit/537.36 (KHTML, like Gecko) Chrome/59.0.3071.115 Safari/537.36', '113.162.190.159', '2017-07-19 05:15:33', 1),
('785e7c5a4722349561540b02ee19633f', 1, 'Mozilla/5.0 (Windows NT 10.0; Win64; x64) AppleWebKit/537.36 (KHTML, like Gecko) Chrome/60.0.3112.113 Safari/537.36', '192.168.1.18', '2017-09-08 04:18:14', 1),
('6d5a1ce1d4f6740d32a758192e23138e', 1, 'Mozilla/5.0 (Windows NT 10.0; Win64; x64) AppleWebKit/537.36 (KHTML, like Gecko) Chrome/60.0.3112.113 Safari/537.36', '192.168.1.18', '2017-09-11 08:22:03', 1),
('a0f5c5ce769cf79f838c6b39ef42806d', 1, 'Mozilla/5.0 (Windows NT 10.0; Win64; x64) AppleWebKit/537.36 (KHTML, like Gecko) Chrome/60.0.3112.113 Safari/537.36', '192.168.1.18', '2017-09-12 01:14:41', 1),
('1546458e5cb0432ac0207d6051b0e36a', 1, 'Mozilla/5.0 (Windows NT 10.0; Win64; x64) AppleWebKit/537.36 (KHTML, like Gecko) Chrome/60.0.3112.113 Safari/537.36', '192.168.1.18', '2017-09-21 01:19:45', 1),
('c5d2c236c8f7303886c0aeb84add57c8', 1, 'Mozilla/5.0 (Windows NT 10.0; Win64; x64) AppleWebKit/537.36 (KHTML, like Gecko) Chrome/60.0.3112.113 Safari/537.36', '192.168.1.18', '2017-09-25 04:49:13', 1),
('0e4a4ca8db8fed82373ae315db38b8f6', 1, 'Mozilla/5.0 (Windows NT 6.1; Win64; x64) AppleWebKit/537.36 (KHTML, like Gecko) Chrome/61.0.3163.100 Safari/537.36', '192.168.1.19', '2017-10-02 03:10:07', 1),
('6039135b5608258f7eb960c073fe305a', 1, 'Mozilla/5.0 (Windows NT 10.0; Win64; x64; rv:57.0) Gecko/20100101 Firefox/57.0', '192.168.1.18', '2017-10-03 01:12:15', 1),
('ff3d243b9a4841cc3f04dcc5ceee0e6a', 1, 'Mozilla/5.0 (Windows NT 10.0; Win64; x64) AppleWebKit/537.36 (KHTML, like Gecko) Chrome/61.0.3163.100 Safari/537.36', '192.168.1.18', '2017-10-14 04:58:21', 1),
('57a081d25c3baa59bb8d1482649481f0', 1, 'Mozilla/5.0 (Windows NT 10.0; Win64; x64) AppleWebKit/537.36 (KHTML, like Gecko) Chrome/62.0.3202.62 Safari/537.36', '192.168.1.18', '2017-10-20 01:25:19', 1),
('9b5ca6afebf83ee814fa8ef178d6c2bb', 1, 'Mozilla/5.0 (Windows NT 10.0; Win64; x64) AppleWebKit/537.36 (KHTML, like Gecko) Chrome/62.0.3202.62 Safari/537.36', '192.168.1.18', '2017-10-20 06:52:57', 1),
('9ce97f611ef2bc795e60bd0ebd476f11', 1, 'Mozilla/5.0 (Windows NT 10.0; Win64; x64) AppleWebKit/537.36 (KHTML, like Gecko) Chrome/62.0.3202.62 Safari/537.36', '192.168.1.18', '2017-10-27 01:58:33', 1),
('6b40371a189e5656c209efb1cf0db9d7', 1, 'Mozilla/5.0 (Windows NT 10.0; Win64; x64) AppleWebKit/537.36 (KHTML, like Gecko) Chrome/62.0.3202.75 Safari/537.36', '192.168.50.18', '2017-10-31 04:33:23', 1);

-- --------------------------------------------------------

--
-- Cấu trúc bảng cho bảng `tblviewstracking`
--

CREATE TABLE `tblviewstracking` (
  `id` int(11) NOT NULL,
  `rel_id` int(11) NOT NULL,
  `rel_type` varchar(40) NOT NULL,
  `date` datetime NOT NULL,
  `view_ip` varchar(40) NOT NULL
) ENGINE=MyISAM DEFAULT CHARSET=utf8;

--
-- Đang đổ dữ liệu cho bảng `tblviewstracking`
--

INSERT INTO `tblviewstracking` (`id`, `rel_id`, `rel_type`, `date`, `view_ip`) VALUES
(1, 5, 'invoice', '2017-07-13 13:47:07', '14.169.100.117'),
(2, 5, 'invoice', '2017-07-24 10:08:14', '192.168.1.5');

-- --------------------------------------------------------

--
-- Cấu trúc bảng cho bảng `tblwebtolead`
--

CREATE TABLE `tblwebtolead` (
  `id` int(11) NOT NULL,
  `form_key` varchar(32) NOT NULL,
  `lead_source` int(11) NOT NULL,
  `lead_status` int(11) NOT NULL,
  `notify_lead_imported` int(11) NOT NULL DEFAULT '1',
  `notify_type` varchar(20) DEFAULT NULL,
  `notify_ids` mediumtext,
  `responsible` int(11) NOT NULL DEFAULT '0',
  `name` varchar(400) NOT NULL,
  `form_data` mediumtext,
  `recaptcha` int(11) NOT NULL DEFAULT '0',
  `submit_btn_name` varchar(40) DEFAULT NULL,
  `success_submit_msg` text,
  `language` varchar(40) DEFAULT NULL,
  `allow_duplicate` int(11) NOT NULL DEFAULT '1',
  `track_duplicate_field` varchar(20) DEFAULT NULL,
  `track_duplicate_field_and` varchar(20) DEFAULT NULL,
  `create_task_on_duplicate` int(11) NOT NULL DEFAULT '0',
  `dateadded` datetime NOT NULL
) ENGINE=MyISAM DEFAULT CHARSET=utf8;

-- --------------------------------------------------------

--
-- Cấu trúc bảng cho bảng `tblworksheet`
--

CREATE TABLE `tblworksheet` (
  `id` int(11) NOT NULL,
  `userid` int(11) NOT NULL,
  `workingHours` text COLLATE utf8_unicode_ci NOT NULL COMMENT 'Giờ làm việc trong tuần',
  `workingDays` text COLLATE utf8_unicode_ci NOT NULL COMMENT 'Ngày trong tuần',
  `dateStartWork` timestamp NOT NULL DEFAULT CURRENT_TIMESTAMP,
  `jobType` int(11) NOT NULL,
  `earnings` int(11) NOT NULL,
  `dateSeverance` timestamp NOT NULL DEFAULT '0000-00-00 00:00:00',
  `note` text COLLATE utf8_unicode_ci NOT NULL,
  `dateCreated` timestamp NOT NULL DEFAULT CURRENT_TIMESTAMP
) ENGINE=InnoDB DEFAULT CHARSET=utf8 COLLATE=utf8_unicode_ci ROW_FORMAT=COMPACT;

--
-- Đang đổ dữ liệu cho bảng `tblworksheet`
--

INSERT INTO `tblworksheet` (`id`, `userid`, `workingHours`, `workingDays`, `dateStartWork`, `jobType`, `earnings`, `dateSeverance`, `note`, `dateCreated`) VALUES
(34, 1, '', '[[1,1,1,1,1,1,0]]', '2017-09-30 17:00:00', 1, 0, '0000-00-00 00:00:00', '', '2017-10-18 03:09:04');

-- --------------------------------------------------------

--
-- Cấu trúc bảng cho bảng `tblworksheet_dayoff`
--

CREATE TABLE `tblworksheet_dayoff` (
  `id` int(11) NOT NULL,
  `userid` int(11) NOT NULL,
  `dayOffType` text COLLATE utf8_unicode_ci NOT NULL,
  `hoursOff` text COLLATE utf8_unicode_ci NOT NULL,
  `session` text COLLATE utf8_unicode_ci NOT NULL,
  `dateWorkOff` datetime NOT NULL,
  `dateCreated` timestamp NOT NULL DEFAULT CURRENT_TIMESTAMP,
  `note` text COLLATE utf8_unicode_ci NOT NULL
) ENGINE=InnoDB DEFAULT CHARSET=utf8 COLLATE=utf8_unicode_ci;

--
-- Đang đổ dữ liệu cho bảng `tblworksheet_dayoff`
--

INSERT INTO `tblworksheet_dayoff` (`id`, `userid`, `dayOffType`, `hoursOff`, `session`, `dateWorkOff`, `dateCreated`, `note`) VALUES
(3, 1, 'ngay', '', '', '2017-10-04 00:00:00', '2017-10-18 08:04:43', ''),
(4, 1, 'ngay', '', '', '2017-10-18 00:00:00', '2017-10-18 09:10:58', 'Bệnh lây truyền');

-- --------------------------------------------------------

--
-- Cấu trúc bảng cho bảng `tblworksheet_dayoffset`
--

CREATE TABLE `tblworksheet_dayoffset` (
  `id` int(11) NOT NULL,
  `userid` int(11) NOT NULL,
  `idDayOff` int(11) NOT NULL,
  `workingHours` int(11) NOT NULL,
  `dateWork` timestamp NOT NULL DEFAULT CURRENT_TIMESTAMP ON UPDATE CURRENT_TIMESTAMP,
  `dateCreated` timestamp NOT NULL DEFAULT CURRENT_TIMESTAMP
) ENGINE=InnoDB DEFAULT CHARSET=utf8 COLLATE=utf8_unicode_ci;

--
-- Chỉ mục cho các bảng đã đổ
--

--
-- Chỉ mục cho bảng `district`
--
ALTER TABLE `district`
  ADD PRIMARY KEY (`districtid`),
  ADD KEY `provinceid` (`provinceid`);

--
-- Chỉ mục cho bảng `landtype`
--
ALTER TABLE `landtype`
  ADD PRIMARY KEY (`id`);

--
-- Chỉ mục cho bảng `province`
--
ALTER TABLE `province`
  ADD PRIMARY KEY (`provinceid`);

--
-- Chỉ mục cho bảng `tbfield_bds`
--
ALTER TABLE `tbfield_bds`
  ADD PRIMARY KEY (`id`);

--
-- Chỉ mục cho bảng `tblactivitylog`
--
ALTER TABLE `tblactivitylog`
  ADD PRIMARY KEY (`id`),
  ADD KEY `staffid` (`staffid`);

--
-- Chỉ mục cho bảng `tblagencies`
--
ALTER TABLE `tblagencies`
  ADD PRIMARY KEY (`id`);

--
-- Chỉ mục cho bảng `tblannouncements`
--
ALTER TABLE `tblannouncements`
  ADD PRIMARY KEY (`announcementid`);

--
-- Chỉ mục cho bảng `tblcall_logs`
--
ALTER TABLE `tblcall_logs`
  ADD PRIMARY KEY (`ID`),
  ADD KEY `id_lead` (`id_project_bds`);

--
-- Chỉ mục cho bảng `tblcategory`
--
ALTER TABLE `tblcategory`
  ADD PRIMARY KEY (`Id_category`);

--
-- Chỉ mục cho bảng `tblclass_client`
--
ALTER TABLE `tblclass_client`
  ADD PRIMARY KEY (`id`);

--
-- Chỉ mục cho bảng `tblclients`
--
ALTER TABLE `tblclients`
  ADD PRIMARY KEY (`userid`),
  ADD KEY `country` (`country`);

--
-- Chỉ mục cho bảng `tblclients_assignment`
--
ALTER TABLE `tblclients_assignment`
  ADD PRIMARY KEY (`id`);

--
-- Chỉ mục cho bảng `tblclients_simple`
--
ALTER TABLE `tblclients_simple`
  ADD PRIMARY KEY (`userid`),
  ADD KEY `country` (`country`);

--
-- Chỉ mục cho bảng `tblclient_bds`
--
ALTER TABLE `tblclient_bds`
  ADD PRIMARY KEY (`id`);

--
-- Chỉ mục cho bảng `tblclient_bds_payment`
--
ALTER TABLE `tblclient_bds_payment`
  ADD PRIMARY KEY (`id`);

--
-- Chỉ mục cho bảng `tblclient_bds_payment_details`
--
ALTER TABLE `tblclient_bds_payment_details`
  ADD PRIMARY KEY (`id`);

--
-- Chỉ mục cho bảng `tblclient_care_history`
--
ALTER TABLE `tblclient_care_history`
  ADD PRIMARY KEY (`id`);

--
-- Chỉ mục cho bảng `tblcommentlikes`
--
ALTER TABLE `tblcommentlikes`
  ADD PRIMARY KEY (`id`);

--
-- Chỉ mục cho bảng `tblcontactpermissions`
--
ALTER TABLE `tblcontactpermissions`
  ADD PRIMARY KEY (`id`);

--
-- Chỉ mục cho bảng `tblcontacts`
--
ALTER TABLE `tblcontacts`
  ADD PRIMARY KEY (`id`),
  ADD KEY `userid` (`userid`),
  ADD KEY `is_primary` (`is_primary`);

--
-- Chỉ mục cho bảng `tblcontractrenewals`
--
ALTER TABLE `tblcontractrenewals`
  ADD PRIMARY KEY (`id`);

--
-- Chỉ mục cho bảng `tblcontracts`
--
ALTER TABLE `tblcontracts`
  ADD PRIMARY KEY (`id`),
  ADD KEY `client` (`client`),
  ADD KEY `contract_type` (`contract_type`);

--
-- Chỉ mục cho bảng `tblcontracttypes`
--
ALTER TABLE `tblcontracttypes`
  ADD PRIMARY KEY (`id`);

--
-- Chỉ mục cho bảng `tblconversations`
--
ALTER TABLE `tblconversations`
  ADD PRIMARY KEY (`id`);

--
-- Chỉ mục cho bảng `tblconversations_members`
--
ALTER TABLE `tblconversations_members`
  ADD PRIMARY KEY (`id`);

--
-- Chỉ mục cho bảng `tblconversation_messages`
--
ALTER TABLE `tblconversation_messages`
  ADD PRIMARY KEY (`id`);

--
-- Chỉ mục cho bảng `tblconversation_message_read`
--
ALTER TABLE `tblconversation_message_read`
  ADD PRIMARY KEY (`id`);

--
-- Chỉ mục cho bảng `tblcountries`
--
ALTER TABLE `tblcountries`
  ADD PRIMARY KEY (`country_id`);

--
-- Chỉ mục cho bảng `tblcurrencies`
--
ALTER TABLE `tblcurrencies`
  ADD PRIMARY KEY (`id`);

--
-- Chỉ mục cho bảng `tblcustomeradmins`
--
ALTER TABLE `tblcustomeradmins`
  ADD KEY `customer_id` (`customer_id`),
  ADD KEY `staff_id` (`staff_id`);

--
-- Chỉ mục cho bảng `tblcustomergroups_in`
--
ALTER TABLE `tblcustomergroups_in`
  ADD PRIMARY KEY (`id`),
  ADD KEY `groupid` (`groupid`),
  ADD KEY `customer_id` (`customer_id`);

--
-- Chỉ mục cho bảng `tblcustomersgroups`
--
ALTER TABLE `tblcustomersgroups`
  ADD PRIMARY KEY (`id`);

--
-- Chỉ mục cho bảng `tblcustomfields`
--
ALTER TABLE `tblcustomfields`
  ADD PRIMARY KEY (`id`);

--
-- Chỉ mục cho bảng `tblcustomfieldsvalues`
--
ALTER TABLE `tblcustomfieldsvalues`
  ADD PRIMARY KEY (`id`),
  ADD KEY `relid` (`relid`),
  ADD KEY `fieldid` (`fieldid`),
  ADD KEY `fieldto` (`fieldto`),
  ADD KEY `relid_2` (`relid`);

--
-- Chỉ mục cho bảng `tbldepartments`
--
ALTER TABLE `tbldepartments`
  ADD PRIMARY KEY (`departmentid`);

--
-- Chỉ mục cho bảng `tbldismissedannouncements`
--
ALTER TABLE `tbldismissedannouncements`
  ADD PRIMARY KEY (`dismissedannouncementid`),
  ADD KEY `announcementid` (`announcementid`);

--
-- Chỉ mục cho bảng `tbldoor_direction`
--
ALTER TABLE `tbldoor_direction`
  ADD PRIMARY KEY (`id`);

--
-- Chỉ mục cho bảng `tblemaillists`
--
ALTER TABLE `tblemaillists`
  ADD PRIMARY KEY (`listid`);

--
-- Chỉ mục cho bảng `tblemailtemplates`
--
ALTER TABLE `tblemailtemplates`
  ADD PRIMARY KEY (`emailtemplateid`);

--
-- Chỉ mục cho bảng `tblestimates`
--
ALTER TABLE `tblestimates`
  ADD PRIMARY KEY (`id`),
  ADD KEY `clientid` (`clientid`),
  ADD KEY `currency` (`currency`),
  ADD KEY `project_id` (`project_id`);

--
-- Chỉ mục cho bảng `tblevents`
--
ALTER TABLE `tblevents`
  ADD PRIMARY KEY (`eventid`);

--
-- Chỉ mục cho bảng `tblexigency`
--
ALTER TABLE `tblexigency`
  ADD PRIMARY KEY (`id`);

--
-- Chỉ mục cho bảng `tblexpenses`
--
ALTER TABLE `tblexpenses`
  ADD PRIMARY KEY (`id`),
  ADD KEY `clientid` (`clientid`),
  ADD KEY `project_id` (`project_id`),
  ADD KEY `category` (`category`);

--
-- Chỉ mục cho bảng `tblexpensescategories`
--
ALTER TABLE `tblexpensescategories`
  ADD PRIMARY KEY (`id`);

--
-- Chỉ mục cho bảng `tblfieldvalue_bds`
--
ALTER TABLE `tblfieldvalue_bds`
  ADD PRIMARY KEY (`id`);

--
-- Chỉ mục cho bảng `tblfiles`
--
ALTER TABLE `tblfiles`
  ADD PRIMARY KEY (`id`),
  ADD KEY `rel_id` (`rel_id`),
  ADD KEY `rel_type` (`rel_type`);

--
-- Chỉ mục cho bảng `tblfile_bds`
--
ALTER TABLE `tblfile_bds`
  ADD PRIMARY KEY (`id`);

--
-- Chỉ mục cho bảng `tblformquestionboxes`
--
ALTER TABLE `tblformquestionboxes`
  ADD PRIMARY KEY (`boxid`);

--
-- Chỉ mục cho bảng `tblformquestionboxesdescription`
--
ALTER TABLE `tblformquestionboxesdescription`
  ADD PRIMARY KEY (`questionboxdescriptionid`);

--
-- Chỉ mục cho bảng `tblformquestions`
--
ALTER TABLE `tblformquestions`
  ADD PRIMARY KEY (`questionid`);

--
-- Chỉ mục cho bảng `tblformresults`
--
ALTER TABLE `tblformresults`
  ADD PRIMARY KEY (`resultid`);

--
-- Chỉ mục cho bảng `tblgoals`
--
ALTER TABLE `tblgoals`
  ADD PRIMARY KEY (`id`);

--
-- Chỉ mục cho bảng `tblinvoicepaymentrecords`
--
ALTER TABLE `tblinvoicepaymentrecords`
  ADD PRIMARY KEY (`id`),
  ADD KEY `invoiceid` (`invoiceid`),
  ADD KEY `paymentmethod` (`paymentmethod`);

--
-- Chỉ mục cho bảng `tblinvoicepaymentsmodes`
--
ALTER TABLE `tblinvoicepaymentsmodes`
  ADD PRIMARY KEY (`id`);

--
-- Chỉ mục cho bảng `tblinvoices`
--
ALTER TABLE `tblinvoices`
  ADD PRIMARY KEY (`id`),
  ADD KEY `currency` (`currency`),
  ADD KEY `clientid` (`clientid`),
  ADD KEY `project_id` (`project_id`);

--
-- Chỉ mục cho bảng `tblitems`
--
ALTER TABLE `tblitems`
  ADD PRIMARY KEY (`id`),
  ADD KEY `group_id` (`group_id`);

--
-- Chỉ mục cho bảng `tblitemsrelated`
--
ALTER TABLE `tblitemsrelated`
  ADD PRIMARY KEY (`id`);

--
-- Chỉ mục cho bảng `tblitemstax`
--
ALTER TABLE `tblitemstax`
  ADD PRIMARY KEY (`id`);

--
-- Chỉ mục cho bảng `tblitems_groups`
--
ALTER TABLE `tblitems_groups`
  ADD PRIMARY KEY (`id`);

--
-- Chỉ mục cho bảng `tblitems_in`
--
ALTER TABLE `tblitems_in`
  ADD PRIMARY KEY (`id`),
  ADD KEY `rel_id` (`rel_id`),
  ADD KEY `rel_type` (`rel_type`);

--
-- Chỉ mục cho bảng `tblknowledgebase`
--
ALTER TABLE `tblknowledgebase`
  ADD PRIMARY KEY (`articleid`);

--
-- Chỉ mục cho bảng `tblknowledgebasearticleanswers`
--
ALTER TABLE `tblknowledgebasearticleanswers`
  ADD PRIMARY KEY (`articleanswerid`);

--
-- Chỉ mục cho bảng `tblknowledgebasegroups`
--
ALTER TABLE `tblknowledgebasegroups`
  ADD PRIMARY KEY (`groupid`);

--
-- Chỉ mục cho bảng `tblleadactivitylog`
--
ALTER TABLE `tblleadactivitylog`
  ADD PRIMARY KEY (`id`);

--
-- Chỉ mục cho bảng `tblleads`
--
ALTER TABLE `tblleads`
  ADD PRIMARY KEY (`id`),
  ADD KEY `status` (`status`),
  ADD KEY `assigned` (`assigned`),
  ADD KEY `source` (`source`),
  ADD KEY `lastcontact` (`lastcontact`),
  ADD KEY `leadorder` (`leadorder`),
  ADD KEY `dateadded` (`dateadded`),
  ADD KEY `from_form_id` (`from_form_id`),
  ADD KEY `from_form_id_2` (`from_form_id`);

--
-- Chỉ mục cho bảng `tblleadsemailintegrationemails`
--
ALTER TABLE `tblleadsemailintegrationemails`
  ADD PRIMARY KEY (`id`);

--
-- Chỉ mục cho bảng `tblleadsintegration`
--
ALTER TABLE `tblleadsintegration`
  ADD PRIMARY KEY (`id`);

--
-- Chỉ mục cho bảng `tblleadssources`
--
ALTER TABLE `tblleadssources`
  ADD PRIMARY KEY (`id`);

--
-- Chỉ mục cho bảng `tblleadsstatus`
--
ALTER TABLE `tblleadsstatus`
  ADD PRIMARY KEY (`id`);

--
-- Chỉ mục cho bảng `tbllistemails`
--
ALTER TABLE `tbllistemails`
  ADD PRIMARY KEY (`emailid`);

--
-- Chỉ mục cho bảng `tbllog_bds`
--
ALTER TABLE `tbllog_bds`
  ADD PRIMARY KEY (`id`);

--
-- Chỉ mục cho bảng `tblmaillistscustomfields`
--
ALTER TABLE `tblmaillistscustomfields`
  ADD PRIMARY KEY (`customfieldid`);

--
-- Chỉ mục cho bảng `tblmaillistscustomfieldvalues`
--
ALTER TABLE `tblmaillistscustomfieldvalues`
  ADD PRIMARY KEY (`customfieldvalueid`),
  ADD KEY `listid` (`listid`),
  ADD KEY `customfieldid` (`customfieldid`);

--
-- Chỉ mục cho bảng `tblmaster_bds`
--
ALTER TABLE `tblmaster_bds`
  ADD PRIMARY KEY (`id`);

--
-- Chỉ mục cho bảng `tblmenubds`
--
ALTER TABLE `tblmenubds`
  ADD PRIMARY KEY (`id`);

--
-- Chỉ mục cho bảng `tblmilestones`
--
ALTER TABLE `tblmilestones`
  ADD PRIMARY KEY (`id`);

--
-- Chỉ mục cho bảng `tblname_colum`
--
ALTER TABLE `tblname_colum`
  ADD PRIMARY KEY (`id`);

--
-- Chỉ mục cho bảng `tblnotes`
--
ALTER TABLE `tblnotes`
  ADD PRIMARY KEY (`id`);

--
-- Chỉ mục cho bảng `tblnotifications`
--
ALTER TABLE `tblnotifications`
  ADD PRIMARY KEY (`id`);

--
-- Chỉ mục cho bảng `tbloptions`
--
ALTER TABLE `tbloptions`
  ADD PRIMARY KEY (`id`);

--
-- Chỉ mục cho bảng `tblorder_table`
--
ALTER TABLE `tblorder_table`
  ADD PRIMARY KEY (`id`);

--
-- Chỉ mục cho bảng `tblorder_table_clients`
--
ALTER TABLE `tblorder_table_clients`
  ADD PRIMARY KEY (`id`);

--
-- Chỉ mục cho bảng `tblotherclients`
--
ALTER TABLE `tblotherclients`
  ADD PRIMARY KEY (`id`);

--
-- Chỉ mục cho bảng `tblpartner`
--
ALTER TABLE `tblpartner`
  ADD PRIMARY KEY (`id_partner`);

--
-- Chỉ mục cho bảng `tblpermissions`
--
ALTER TABLE `tblpermissions`
  ADD PRIMARY KEY (`permissionid`);

--
-- Chỉ mục cho bảng `tblpinnedprojects`
--
ALTER TABLE `tblpinnedprojects`
  ADD PRIMARY KEY (`id`);

--
-- Chỉ mục cho bảng `tblpostcomments`
--
ALTER TABLE `tblpostcomments`
  ADD PRIMARY KEY (`id`);

--
-- Chỉ mục cho bảng `tblpostlikes`
--
ALTER TABLE `tblpostlikes`
  ADD PRIMARY KEY (`id`);

--
-- Chỉ mục cho bảng `tblposts`
--
ALTER TABLE `tblposts`
  ADD PRIMARY KEY (`postid`);

--
-- Chỉ mục cho bảng `tblpredifinedreplies`
--
ALTER TABLE `tblpredifinedreplies`
  ADD PRIMARY KEY (`id`);

--
-- Chỉ mục cho bảng `tblpricebds`
--
ALTER TABLE `tblpricebds`
  ADD PRIMARY KEY (`id`);

--
-- Chỉ mục cho bảng `tblpriorities`
--
ALTER TABLE `tblpriorities`
  ADD PRIMARY KEY (`priorityid`);

--
-- Chỉ mục cho bảng `tblprofile_project`
--
ALTER TABLE `tblprofile_project`
  ADD PRIMARY KEY (`id`);

--
-- Chỉ mục cho bảng `tblprojectactivity`
--
ALTER TABLE `tblprojectactivity`
  ADD PRIMARY KEY (`id`);

--
-- Chỉ mục cho bảng `tblprojectdiscussioncomments`
--
ALTER TABLE `tblprojectdiscussioncomments`
  ADD PRIMARY KEY (`id`);

--
-- Chỉ mục cho bảng `tblprojectdiscussions`
--
ALTER TABLE `tblprojectdiscussions`
  ADD PRIMARY KEY (`id`);

--
-- Chỉ mục cho bảng `tblprojectfiles`
--
ALTER TABLE `tblprojectfiles`
  ADD PRIMARY KEY (`id`);

--
-- Chỉ mục cho bảng `tblprojectmembers`
--
ALTER TABLE `tblprojectmembers`
  ADD PRIMARY KEY (`id`),
  ADD KEY `project_id` (`project_id`),
  ADD KEY `staff_id` (`staff_id`);

--
-- Chỉ mục cho bảng `tblprojectmenu`
--
ALTER TABLE `tblprojectmenu`
  ADD PRIMARY KEY (`id`);

--
-- Chỉ mục cho bảng `tblprojectnotes`
--
ALTER TABLE `tblprojectnotes`
  ADD PRIMARY KEY (`id`);

--
-- Chỉ mục cho bảng `tblprojects`
--
ALTER TABLE `tblprojects`
  ADD PRIMARY KEY (`id`),
  ADD KEY `clientid` (`clientid`);

--
-- Chỉ mục cho bảng `tblprojectsettings`
--
ALTER TABLE `tblprojectsettings`
  ADD PRIMARY KEY (`id`);

--
-- Chỉ mục cho bảng `tblproject_exigency`
--
ALTER TABLE `tblproject_exigency`
  ADD PRIMARY KEY (`id_project`,`id_exigency`);

--
-- Chỉ mục cho bảng `tblproposalcomments`
--
ALTER TABLE `tblproposalcomments`
  ADD PRIMARY KEY (`id`);

--
-- Chỉ mục cho bảng `tblproposals`
--
ALTER TABLE `tblproposals`
  ADD PRIMARY KEY (`id`);

--
-- Chỉ mục cho bảng `tblpurpose`
--
ALTER TABLE `tblpurpose`
  ADD PRIMARY KEY (`id`);

--
-- Chỉ mục cho bảng `tblreminders`
--
ALTER TABLE `tblreminders`
  ADD PRIMARY KEY (`id`);

--
-- Chỉ mục cho bảng `tblrolepermissions`
--
ALTER TABLE `tblrolepermissions`
  ADD PRIMARY KEY (`rolepermissionid`);

--
-- Chỉ mục cho bảng `tblroles`
--
ALTER TABLE `tblroles`
  ADD PRIMARY KEY (`roleid`);

--
-- Chỉ mục cho bảng `tblrow_menu_bds`
--
ALTER TABLE `tblrow_menu_bds`
  ADD PRIMARY KEY (`id`);

--
-- Chỉ mục cho bảng `tblrule`
--
ALTER TABLE `tblrule`
  ADD PRIMARY KEY (`id`);

--
-- Chỉ mục cho bảng `tblsalesactivity`
--
ALTER TABLE `tblsalesactivity`
  ADD PRIMARY KEY (`id`);

--
-- Chỉ mục cho bảng `tblservices`
--
ALTER TABLE `tblservices`
  ADD PRIMARY KEY (`serviceid`);

--
-- Chỉ mục cho bảng `tblsessions`
--
ALTER TABLE `tblsessions`
  ADD KEY `ci_sessions_timestamp` (`timestamp`);

--
-- Chỉ mục cho bảng `tblstaff`
--
ALTER TABLE `tblstaff`
  ADD PRIMARY KEY (`staffid`);

--
-- Chỉ mục cho bảng `tblstaffdepartments`
--
ALTER TABLE `tblstaffdepartments`
  ADD PRIMARY KEY (`staffdepartmentid`);

--
-- Chỉ mục cho bảng `tblstaffpermissions`
--
ALTER TABLE `tblstaffpermissions`
  ADD PRIMARY KEY (`staffpermid`);

--
-- Chỉ mục cho bảng `tblstafftaskassignees`
--
ALTER TABLE `tblstafftaskassignees`
  ADD PRIMARY KEY (`id`),
  ADD KEY `taskid` (`taskid`),
  ADD KEY `staffid` (`staffid`);

--
-- Chỉ mục cho bảng `tblstafftaskcomments`
--
ALTER TABLE `tblstafftaskcomments`
  ADD PRIMARY KEY (`id`);

--
-- Chỉ mục cho bảng `tblstafftasks`
--
ALTER TABLE `tblstafftasks`
  ADD PRIMARY KEY (`id`),
  ADD KEY `rel_id` (`rel_id`),
  ADD KEY `rel_type` (`rel_type`),
  ADD KEY `milestone` (`milestone`),
  ADD KEY `kanban_order` (`kanban_order`);

--
-- Chỉ mục cho bảng `tblstafftasksfollowers`
--
ALTER TABLE `tblstafftasksfollowers`
  ADD PRIMARY KEY (`id`);

--
-- Chỉ mục cho bảng `tblstafftasksupporters`
--
ALTER TABLE `tblstafftasksupporters`
  ADD PRIMARY KEY (`id`);

--
-- Chỉ mục cho bảng `tblstaff_comment`
--
ALTER TABLE `tblstaff_comment`
  ADD PRIMARY KEY (`id`);

--
-- Chỉ mục cho bảng `tblstaff_contract`
--
ALTER TABLE `tblstaff_contract`
  ADD PRIMARY KEY (`id`);

--
-- Chỉ mục cho bảng `tblstaff_information`
--
ALTER TABLE `tblstaff_information`
  ADD PRIMARY KEY (`id`);

--
-- Chỉ mục cho bảng `tblstaff_insurrance`
--
ALTER TABLE `tblstaff_insurrance`
  ADD PRIMARY KEY (`id`);

--
-- Chỉ mục cho bảng `tblstatus`
--
ALTER TABLE `tblstatus`
  ADD PRIMARY KEY (`id`);

--
-- Chỉ mục cho bảng `tblstatusbds`
--
ALTER TABLE `tblstatusbds`
  ADD PRIMARY KEY (`id`);

--
-- Chỉ mục cho bảng `tblsurveyresultsets`
--
ALTER TABLE `tblsurveyresultsets`
  ADD PRIMARY KEY (`resultsetid`);

--
-- Chỉ mục cho bảng `tblsurveys`
--
ALTER TABLE `tblsurveys`
  ADD PRIMARY KEY (`surveyid`);

--
-- Chỉ mục cho bảng `tblsurveysemailsendcron`
--
ALTER TABLE `tblsurveysemailsendcron`
  ADD PRIMARY KEY (`id`);

--
-- Chỉ mục cho bảng `tblsurveysendlog`
--
ALTER TABLE `tblsurveysendlog`
  ADD PRIMARY KEY (`id`);

--
-- Chỉ mục cho bảng `tbltags`
--
ALTER TABLE `tbltags`
  ADD PRIMARY KEY (`id`);

--
-- Chỉ mục cho bảng `tbltags_in`
--
ALTER TABLE `tbltags_in`
  ADD KEY `rel_id` (`rel_id`),
  ADD KEY `rel_type` (`rel_type`),
  ADD KEY `tag_id` (`tag_id`);

--
-- Chỉ mục cho bảng `tbltag_partner`
--
ALTER TABLE `tbltag_partner`
  ADD PRIMARY KEY (`id`);

--
-- Chỉ mục cho bảng `tbltaskchecklists`
--
ALTER TABLE `tbltaskchecklists`
  ADD PRIMARY KEY (`id`);

--
-- Chỉ mục cho bảng `tbltaskstimers`
--
ALTER TABLE `tbltaskstimers`
  ADD PRIMARY KEY (`id`),
  ADD KEY `task_id` (`task_id`),
  ADD KEY `staff_id` (`staff_id`);

--
-- Chỉ mục cho bảng `tbltaxes`
--
ALTER TABLE `tbltaxes`
  ADD PRIMARY KEY (`id`);

--
-- Chỉ mục cho bảng `tblticketattachments`
--
ALTER TABLE `tblticketattachments`
  ADD PRIMARY KEY (`id`);

--
-- Chỉ mục cho bảng `tblticketpipelog`
--
ALTER TABLE `tblticketpipelog`
  ADD PRIMARY KEY (`id`);

--
-- Chỉ mục cho bảng `tblticketreplies`
--
ALTER TABLE `tblticketreplies`
  ADD PRIMARY KEY (`id`);

--
-- Chỉ mục cho bảng `tbltickets`
--
ALTER TABLE `tbltickets`
  ADD PRIMARY KEY (`ticketid`),
  ADD KEY `service` (`service`),
  ADD KEY `department` (`department`),
  ADD KEY `status` (`status`),
  ADD KEY `userid` (`userid`),
  ADD KEY `priority` (`priority`),
  ADD KEY `project_id` (`project_id`);

--
-- Chỉ mục cho bảng `tblticketsspamcontrol`
--
ALTER TABLE `tblticketsspamcontrol`
  ADD PRIMARY KEY (`id`);

--
-- Chỉ mục cho bảng `tblticketstatus`
--
ALTER TABLE `tblticketstatus`
  ADD PRIMARY KEY (`ticketstatusid`);

--
-- Chỉ mục cho bảng `tbltodoitems`
--
ALTER TABLE `tbltodoitems`
  ADD PRIMARY KEY (`todoid`);

--
-- Chỉ mục cho bảng `tblviewstracking`
--
ALTER TABLE `tblviewstracking`
  ADD PRIMARY KEY (`id`);

--
-- Chỉ mục cho bảng `tblwebtolead`
--
ALTER TABLE `tblwebtolead`
  ADD PRIMARY KEY (`id`);

--
-- Chỉ mục cho bảng `tblworksheet`
--
ALTER TABLE `tblworksheet`
  ADD PRIMARY KEY (`id`);

--
-- Chỉ mục cho bảng `tblworksheet_dayoff`
--
ALTER TABLE `tblworksheet_dayoff`
  ADD PRIMARY KEY (`id`);

--
-- Chỉ mục cho bảng `tblworksheet_dayoffset`
--
ALTER TABLE `tblworksheet_dayoffset`
  ADD PRIMARY KEY (`id`);

--
-- AUTO_INCREMENT cho các bảng đã đổ
--

--
-- AUTO_INCREMENT cho bảng `landtype`
--
ALTER TABLE `landtype`
  MODIFY `id` tinyint(4) NOT NULL AUTO_INCREMENT, AUTO_INCREMENT=13;
--
-- AUTO_INCREMENT cho bảng `tbfield_bds`
--
ALTER TABLE `tbfield_bds`
  MODIFY `id` int(11) NOT NULL AUTO_INCREMENT, AUTO_INCREMENT=11;
--
-- AUTO_INCREMENT cho bảng `tblactivitylog`
--
ALTER TABLE `tblactivitylog`
  MODIFY `id` int(11) NOT NULL AUTO_INCREMENT, AUTO_INCREMENT=1518;
--
-- AUTO_INCREMENT cho bảng `tblagencies`
--
ALTER TABLE `tblagencies`
  MODIFY `id` int(11) NOT NULL AUTO_INCREMENT, AUTO_INCREMENT=7;
--
-- AUTO_INCREMENT cho bảng `tblannouncements`
--
ALTER TABLE `tblannouncements`
  MODIFY `announcementid` int(11) NOT NULL AUTO_INCREMENT;
--
-- AUTO_INCREMENT cho bảng `tblcall_logs`
--
ALTER TABLE `tblcall_logs`
  MODIFY `ID` int(11) NOT NULL AUTO_INCREMENT, AUTO_INCREMENT=70;
--
-- AUTO_INCREMENT cho bảng `tblcategory`
--
ALTER TABLE `tblcategory`
  MODIFY `Id_category` int(11) NOT NULL AUTO_INCREMENT, AUTO_INCREMENT=3;
--
-- AUTO_INCREMENT cho bảng `tblclass_client`
--
ALTER TABLE `tblclass_client`
  MODIFY `id` int(11) NOT NULL AUTO_INCREMENT, AUTO_INCREMENT=3;
--
-- AUTO_INCREMENT cho bảng `tblclients`
--
ALTER TABLE `tblclients`
  MODIFY `userid` int(11) NOT NULL AUTO_INCREMENT, AUTO_INCREMENT=60;
--
-- AUTO_INCREMENT cho bảng `tblclients_assignment`
--
ALTER TABLE `tblclients_assignment`
  MODIFY `id` int(11) NOT NULL AUTO_INCREMENT, AUTO_INCREMENT=17;
--
-- AUTO_INCREMENT cho bảng `tblclients_simple`
--
ALTER TABLE `tblclients_simple`
  MODIFY `userid` int(11) NOT NULL AUTO_INCREMENT, AUTO_INCREMENT=5;
--
-- AUTO_INCREMENT cho bảng `tblclient_bds`
--
ALTER TABLE `tblclient_bds`
  MODIFY `id` int(11) NOT NULL AUTO_INCREMENT, AUTO_INCREMENT=59;
--
-- AUTO_INCREMENT cho bảng `tblclient_bds_payment`
--
ALTER TABLE `tblclient_bds_payment`
  MODIFY `id` int(11) NOT NULL AUTO_INCREMENT, AUTO_INCREMENT=51;
--
-- AUTO_INCREMENT cho bảng `tblclient_bds_payment_details`
--
ALTER TABLE `tblclient_bds_payment_details`
  MODIFY `id` int(11) NOT NULL AUTO_INCREMENT, AUTO_INCREMENT=14;
--
-- AUTO_INCREMENT cho bảng `tblclient_care_history`
--
ALTER TABLE `tblclient_care_history`
  MODIFY `id` int(11) NOT NULL AUTO_INCREMENT, AUTO_INCREMENT=90;
--
-- AUTO_INCREMENT cho bảng `tblcommentlikes`
--
ALTER TABLE `tblcommentlikes`
  MODIFY `id` int(11) NOT NULL AUTO_INCREMENT;
--
-- AUTO_INCREMENT cho bảng `tblcontactpermissions`
--
ALTER TABLE `tblcontactpermissions`
  MODIFY `id` int(11) NOT NULL AUTO_INCREMENT, AUTO_INCREMENT=43;
--
-- AUTO_INCREMENT cho bảng `tblcontacts`
--
ALTER TABLE `tblcontacts`
  MODIFY `id` int(11) NOT NULL AUTO_INCREMENT, AUTO_INCREMENT=10;
--
-- AUTO_INCREMENT cho bảng `tblcontractrenewals`
--
ALTER TABLE `tblcontractrenewals`
  MODIFY `id` int(11) NOT NULL AUTO_INCREMENT, AUTO_INCREMENT=2;
--
-- AUTO_INCREMENT cho bảng `tblcontracts`
--
ALTER TABLE `tblcontracts`
  MODIFY `id` int(11) NOT NULL AUTO_INCREMENT, AUTO_INCREMENT=4;
--
-- AUTO_INCREMENT cho bảng `tblcontracttypes`
--
ALTER TABLE `tblcontracttypes`
  MODIFY `id` int(11) NOT NULL AUTO_INCREMENT;
--
-- AUTO_INCREMENT cho bảng `tblconversations`
--
ALTER TABLE `tblconversations`
  MODIFY `id` int(11) NOT NULL AUTO_INCREMENT, AUTO_INCREMENT=2;
--
-- AUTO_INCREMENT cho bảng `tblconversations_members`
--
ALTER TABLE `tblconversations_members`
  MODIFY `id` int(11) NOT NULL AUTO_INCREMENT, AUTO_INCREMENT=3;
--
-- AUTO_INCREMENT cho bảng `tblconversation_messages`
--
ALTER TABLE `tblconversation_messages`
  MODIFY `id` int(11) NOT NULL AUTO_INCREMENT, AUTO_INCREMENT=2;
--
-- AUTO_INCREMENT cho bảng `tblconversation_message_read`
--
ALTER TABLE `tblconversation_message_read`
  MODIFY `id` int(11) NOT NULL AUTO_INCREMENT, AUTO_INCREMENT=2;
--
-- AUTO_INCREMENT cho bảng `tblcountries`
--
ALTER TABLE `tblcountries`
  MODIFY `country_id` int(5) NOT NULL AUTO_INCREMENT, AUTO_INCREMENT=251;
--
-- AUTO_INCREMENT cho bảng `tblcurrencies`
--
ALTER TABLE `tblcurrencies`
  MODIFY `id` int(11) NOT NULL AUTO_INCREMENT, AUTO_INCREMENT=3;
--
-- AUTO_INCREMENT cho bảng `tblcustomergroups_in`
--
ALTER TABLE `tblcustomergroups_in`
  MODIFY `id` int(11) NOT NULL AUTO_INCREMENT, AUTO_INCREMENT=2;
--
-- AUTO_INCREMENT cho bảng `tblcustomersgroups`
--
ALTER TABLE `tblcustomersgroups`
  MODIFY `id` int(11) NOT NULL AUTO_INCREMENT, AUTO_INCREMENT=2;
--
-- AUTO_INCREMENT cho bảng `tblcustomfields`
--
ALTER TABLE `tblcustomfields`
  MODIFY `id` int(11) NOT NULL AUTO_INCREMENT, AUTO_INCREMENT=3;
--
-- AUTO_INCREMENT cho bảng `tblcustomfieldsvalues`
--
ALTER TABLE `tblcustomfieldsvalues`
  MODIFY `id` int(11) NOT NULL AUTO_INCREMENT;
--
-- AUTO_INCREMENT cho bảng `tbldepartments`
--
ALTER TABLE `tbldepartments`
  MODIFY `departmentid` int(11) NOT NULL AUTO_INCREMENT, AUTO_INCREMENT=2;
--
-- AUTO_INCREMENT cho bảng `tbldismissedannouncements`
--
ALTER TABLE `tbldismissedannouncements`
  MODIFY `dismissedannouncementid` int(11) NOT NULL AUTO_INCREMENT;
--
-- AUTO_INCREMENT cho bảng `tbldoor_direction`
--
ALTER TABLE `tbldoor_direction`
  MODIFY `id` int(11) NOT NULL AUTO_INCREMENT, AUTO_INCREMENT=7;
--
-- AUTO_INCREMENT cho bảng `tblemaillists`
--
ALTER TABLE `tblemaillists`
  MODIFY `listid` int(11) NOT NULL AUTO_INCREMENT;
--
-- AUTO_INCREMENT cho bảng `tblemailtemplates`
--
ALTER TABLE `tblemailtemplates`
  MODIFY `emailtemplateid` int(11) NOT NULL AUTO_INCREMENT, AUTO_INCREMENT=835;
--
-- AUTO_INCREMENT cho bảng `tblestimates`
--
ALTER TABLE `tblestimates`
  MODIFY `id` int(11) NOT NULL AUTO_INCREMENT;
--
-- AUTO_INCREMENT cho bảng `tblevents`
--
ALTER TABLE `tblevents`
  MODIFY `eventid` int(11) NOT NULL AUTO_INCREMENT, AUTO_INCREMENT=4;
--
-- AUTO_INCREMENT cho bảng `tblexigency`
--
ALTER TABLE `tblexigency`
  MODIFY `id` int(11) NOT NULL AUTO_INCREMENT, AUTO_INCREMENT=7;
--
-- AUTO_INCREMENT cho bảng `tblexpenses`
--
ALTER TABLE `tblexpenses`
  MODIFY `id` int(11) NOT NULL AUTO_INCREMENT, AUTO_INCREMENT=2;
--
-- AUTO_INCREMENT cho bảng `tblexpensescategories`
--
ALTER TABLE `tblexpensescategories`
  MODIFY `id` int(11) NOT NULL AUTO_INCREMENT, AUTO_INCREMENT=2;
--
-- AUTO_INCREMENT cho bảng `tblfieldvalue_bds`
--
ALTER TABLE `tblfieldvalue_bds`
  MODIFY `id` int(11) NOT NULL AUTO_INCREMENT, AUTO_INCREMENT=83;
--
-- AUTO_INCREMENT cho bảng `tblfiles`
--
ALTER TABLE `tblfiles`
  MODIFY `id` int(11) NOT NULL AUTO_INCREMENT, AUTO_INCREMENT=67;
--
-- AUTO_INCREMENT cho bảng `tblfile_bds`
--
ALTER TABLE `tblfile_bds`
  MODIFY `id` int(11) NOT NULL AUTO_INCREMENT, AUTO_INCREMENT=145;
--
-- AUTO_INCREMENT cho bảng `tblformquestionboxes`
--
ALTER TABLE `tblformquestionboxes`
  MODIFY `boxid` int(11) NOT NULL AUTO_INCREMENT, AUTO_INCREMENT=3;
--
-- AUTO_INCREMENT cho bảng `tblformquestionboxesdescription`
--
ALTER TABLE `tblformquestionboxesdescription`
  MODIFY `questionboxdescriptionid` int(11) NOT NULL AUTO_INCREMENT;
--
-- AUTO_INCREMENT cho bảng `tblformquestions`
--
ALTER TABLE `tblformquestions`
  MODIFY `questionid` int(11) NOT NULL AUTO_INCREMENT, AUTO_INCREMENT=3;
--
-- AUTO_INCREMENT cho bảng `tblformresults`
--
ALTER TABLE `tblformresults`
  MODIFY `resultid` int(11) NOT NULL AUTO_INCREMENT;
--
-- AUTO_INCREMENT cho bảng `tblgoals`
--
ALTER TABLE `tblgoals`
  MODIFY `id` int(11) NOT NULL AUTO_INCREMENT;
--
-- AUTO_INCREMENT cho bảng `tblinvoicepaymentrecords`
--
ALTER TABLE `tblinvoicepaymentrecords`
  MODIFY `id` int(11) NOT NULL AUTO_INCREMENT, AUTO_INCREMENT=9;
--
-- AUTO_INCREMENT cho bảng `tblinvoicepaymentsmodes`
--
ALTER TABLE `tblinvoicepaymentsmodes`
  MODIFY `id` int(11) NOT NULL AUTO_INCREMENT, AUTO_INCREMENT=2;
--
-- AUTO_INCREMENT cho bảng `tblinvoices`
--
ALTER TABLE `tblinvoices`
  MODIFY `id` int(11) NOT NULL AUTO_INCREMENT, AUTO_INCREMENT=7;
--
-- AUTO_INCREMENT cho bảng `tblitems`
--
ALTER TABLE `tblitems`
  MODIFY `id` int(11) NOT NULL AUTO_INCREMENT, AUTO_INCREMENT=37;
--
-- AUTO_INCREMENT cho bảng `tblitemsrelated`
--
ALTER TABLE `tblitemsrelated`
  MODIFY `id` int(11) NOT NULL AUTO_INCREMENT;
--
-- AUTO_INCREMENT cho bảng `tblitemstax`
--
ALTER TABLE `tblitemstax`
  MODIFY `id` int(11) NOT NULL AUTO_INCREMENT;
--
-- AUTO_INCREMENT cho bảng `tblitems_groups`
--
ALTER TABLE `tblitems_groups`
  MODIFY `id` int(11) NOT NULL AUTO_INCREMENT, AUTO_INCREMENT=2;
--
-- AUTO_INCREMENT cho bảng `tblitems_in`
--
ALTER TABLE `tblitems_in`
  MODIFY `id` int(11) NOT NULL AUTO_INCREMENT, AUTO_INCREMENT=5;
--
-- AUTO_INCREMENT cho bảng `tblknowledgebase`
--
ALTER TABLE `tblknowledgebase`
  MODIFY `articleid` int(11) NOT NULL AUTO_INCREMENT;
--
-- AUTO_INCREMENT cho bảng `tblknowledgebasearticleanswers`
--
ALTER TABLE `tblknowledgebasearticleanswers`
  MODIFY `articleanswerid` int(11) NOT NULL AUTO_INCREMENT;
--
-- AUTO_INCREMENT cho bảng `tblknowledgebasegroups`
--
ALTER TABLE `tblknowledgebasegroups`
  MODIFY `groupid` int(11) NOT NULL AUTO_INCREMENT;
--
-- AUTO_INCREMENT cho bảng `tblleadactivitylog`
--
ALTER TABLE `tblleadactivitylog`
  MODIFY `id` int(11) NOT NULL AUTO_INCREMENT, AUTO_INCREMENT=19;
--
-- AUTO_INCREMENT cho bảng `tblleads`
--
ALTER TABLE `tblleads`
  MODIFY `id` int(11) NOT NULL AUTO_INCREMENT, AUTO_INCREMENT=8;
--
-- AUTO_INCREMENT cho bảng `tblleadsemailintegrationemails`
--
ALTER TABLE `tblleadsemailintegrationemails`
  MODIFY `id` int(11) NOT NULL AUTO_INCREMENT;
--
-- AUTO_INCREMENT cho bảng `tblleadsintegration`
--
ALTER TABLE `tblleadsintegration`
  MODIFY `id` int(11) NOT NULL AUTO_INCREMENT COMMENT 'the ID always must be 1', AUTO_INCREMENT=2;
--
-- AUTO_INCREMENT cho bảng `tblleadssources`
--
ALTER TABLE `tblleadssources`
  MODIFY `id` int(11) NOT NULL AUTO_INCREMENT, AUTO_INCREMENT=3;
--
-- AUTO_INCREMENT cho bảng `tblleadsstatus`
--
ALTER TABLE `tblleadsstatus`
  MODIFY `id` int(11) NOT NULL AUTO_INCREMENT, AUTO_INCREMENT=4;
--
-- AUTO_INCREMENT cho bảng `tbllistemails`
--
ALTER TABLE `tbllistemails`
  MODIFY `emailid` int(11) NOT NULL AUTO_INCREMENT;
--
-- AUTO_INCREMENT cho bảng `tbllog_bds`
--
ALTER TABLE `tbllog_bds`
  MODIFY `id` int(11) NOT NULL AUTO_INCREMENT, AUTO_INCREMENT=409;
--
-- AUTO_INCREMENT cho bảng `tblmaillistscustomfields`
--
ALTER TABLE `tblmaillistscustomfields`
  MODIFY `customfieldid` int(11) NOT NULL AUTO_INCREMENT;
--
-- AUTO_INCREMENT cho bảng `tblmaillistscustomfieldvalues`
--
ALTER TABLE `tblmaillistscustomfieldvalues`
  MODIFY `customfieldvalueid` int(11) NOT NULL AUTO_INCREMENT;
--
-- AUTO_INCREMENT cho bảng `tblmaster_bds`
--
ALTER TABLE `tblmaster_bds`
  MODIFY `id` int(11) NOT NULL AUTO_INCREMENT, AUTO_INCREMENT=82;
--
-- AUTO_INCREMENT cho bảng `tblmenubds`
--
ALTER TABLE `tblmenubds`
  MODIFY `id` int(11) NOT NULL AUTO_INCREMENT, AUTO_INCREMENT=147;
--
-- AUTO_INCREMENT cho bảng `tblmilestones`
--
ALTER TABLE `tblmilestones`
  MODIFY `id` int(11) NOT NULL AUTO_INCREMENT;
--
-- AUTO_INCREMENT cho bảng `tblname_colum`
--
ALTER TABLE `tblname_colum`
  MODIFY `id` int(11) NOT NULL AUTO_INCREMENT, AUTO_INCREMENT=30;
--
-- AUTO_INCREMENT cho bảng `tblnotes`
--
ALTER TABLE `tblnotes`
  MODIFY `id` int(11) NOT NULL AUTO_INCREMENT, AUTO_INCREMENT=7;
--
-- AUTO_INCREMENT cho bảng `tblnotifications`
--
ALTER TABLE `tblnotifications`
  MODIFY `id` int(11) NOT NULL AUTO_INCREMENT, AUTO_INCREMENT=113;
--
-- AUTO_INCREMENT cho bảng `tbloptions`
--
ALTER TABLE `tbloptions`
  MODIFY `id` int(11) NOT NULL AUTO_INCREMENT, AUTO_INCREMENT=255;
--
-- AUTO_INCREMENT cho bảng `tblorder_table`
--
ALTER TABLE `tblorder_table`
  MODIFY `id` int(11) NOT NULL AUTO_INCREMENT, AUTO_INCREMENT=7;
--
-- AUTO_INCREMENT cho bảng `tblotherclients`
--
ALTER TABLE `tblotherclients`
  MODIFY `id` int(11) NOT NULL AUTO_INCREMENT;
--
-- AUTO_INCREMENT cho bảng `tblpartner`
--
ALTER TABLE `tblpartner`
  MODIFY `id_partner` int(11) NOT NULL AUTO_INCREMENT, AUTO_INCREMENT=23;
--
-- AUTO_INCREMENT cho bảng `tblpermissions`
--
ALTER TABLE `tblpermissions`
  MODIFY `permissionid` int(11) NOT NULL AUTO_INCREMENT, AUTO_INCREMENT=20;
--
-- AUTO_INCREMENT cho bảng `tblpinnedprojects`
--
ALTER TABLE `tblpinnedprojects`
  MODIFY `id` int(11) NOT NULL AUTO_INCREMENT;
--
-- AUTO_INCREMENT cho bảng `tblpostcomments`
--
ALTER TABLE `tblpostcomments`
  MODIFY `id` int(11) NOT NULL AUTO_INCREMENT;
--
-- AUTO_INCREMENT cho bảng `tblpostlikes`
--
ALTER TABLE `tblpostlikes`
  MODIFY `id` int(11) NOT NULL AUTO_INCREMENT, AUTO_INCREMENT=2;
--
-- AUTO_INCREMENT cho bảng `tblposts`
--
ALTER TABLE `tblposts`
  MODIFY `postid` int(11) NOT NULL AUTO_INCREMENT, AUTO_INCREMENT=2;
--
-- AUTO_INCREMENT cho bảng `tblpredifinedreplies`
--
ALTER TABLE `tblpredifinedreplies`
  MODIFY `id` int(11) NOT NULL AUTO_INCREMENT;
--
-- AUTO_INCREMENT cho bảng `tblpricebds`
--
ALTER TABLE `tblpricebds`
  MODIFY `id` int(11) NOT NULL AUTO_INCREMENT, AUTO_INCREMENT=7;
--
-- AUTO_INCREMENT cho bảng `tblpriorities`
--
ALTER TABLE `tblpriorities`
  MODIFY `priorityid` int(11) NOT NULL AUTO_INCREMENT, AUTO_INCREMENT=4;
--
-- AUTO_INCREMENT cho bảng `tblprofile_project`
--
ALTER TABLE `tblprofile_project`
  MODIFY `id` int(11) NOT NULL AUTO_INCREMENT, AUTO_INCREMENT=172;
--
-- AUTO_INCREMENT cho bảng `tblprojectactivity`
--
ALTER TABLE `tblprojectactivity`
  MODIFY `id` int(11) NOT NULL AUTO_INCREMENT, AUTO_INCREMENT=38;
--
-- AUTO_INCREMENT cho bảng `tblprojectdiscussioncomments`
--
ALTER TABLE `tblprojectdiscussioncomments`
  MODIFY `id` int(11) NOT NULL AUTO_INCREMENT;
--
-- AUTO_INCREMENT cho bảng `tblprojectdiscussions`
--
ALTER TABLE `tblprojectdiscussions`
  MODIFY `id` int(11) NOT NULL AUTO_INCREMENT;
--
-- AUTO_INCREMENT cho bảng `tblprojectfiles`
--
ALTER TABLE `tblprojectfiles`
  MODIFY `id` int(11) NOT NULL AUTO_INCREMENT;
--
-- AUTO_INCREMENT cho bảng `tblprojectmembers`
--
ALTER TABLE `tblprojectmembers`
  MODIFY `id` int(11) NOT NULL AUTO_INCREMENT, AUTO_INCREMENT=7;
--
-- AUTO_INCREMENT cho bảng `tblprojectmenu`
--
ALTER TABLE `tblprojectmenu`
  MODIFY `id` int(11) NOT NULL AUTO_INCREMENT, AUTO_INCREMENT=69;
--
-- AUTO_INCREMENT cho bảng `tblprojectnotes`
--
ALTER TABLE `tblprojectnotes`
  MODIFY `id` int(11) NOT NULL AUTO_INCREMENT;
--
-- AUTO_INCREMENT cho bảng `tblprojects`
--
ALTER TABLE `tblprojects`
  MODIFY `id` int(11) NOT NULL AUTO_INCREMENT, AUTO_INCREMENT=21;
--
-- AUTO_INCREMENT cho bảng `tblprojectsettings`
--
ALTER TABLE `tblprojectsettings`
  MODIFY `id` int(11) NOT NULL AUTO_INCREMENT, AUTO_INCREMENT=286;
--
-- AUTO_INCREMENT cho bảng `tblproposalcomments`
--
ALTER TABLE `tblproposalcomments`
  MODIFY `id` int(11) NOT NULL AUTO_INCREMENT;
--
-- AUTO_INCREMENT cho bảng `tblproposals`
--
ALTER TABLE `tblproposals`
  MODIFY `id` int(11) NOT NULL AUTO_INCREMENT, AUTO_INCREMENT=3;
--
-- AUTO_INCREMENT cho bảng `tblpurpose`
--
ALTER TABLE `tblpurpose`
  MODIFY `id` int(11) NOT NULL AUTO_INCREMENT, AUTO_INCREMENT=4;
--
-- AUTO_INCREMENT cho bảng `tblreminders`
--
ALTER TABLE `tblreminders`
  MODIFY `id` int(11) NOT NULL AUTO_INCREMENT, AUTO_INCREMENT=3;
--
-- AUTO_INCREMENT cho bảng `tblrolepermissions`
--
ALTER TABLE `tblrolepermissions`
  MODIFY `rolepermissionid` int(11) NOT NULL AUTO_INCREMENT, AUTO_INCREMENT=58;
--
-- AUTO_INCREMENT cho bảng `tblroles`
--
ALTER TABLE `tblroles`
  MODIFY `roleid` int(11) NOT NULL AUTO_INCREMENT, AUTO_INCREMENT=6;
--
-- AUTO_INCREMENT cho bảng `tblrow_menu_bds`
--
ALTER TABLE `tblrow_menu_bds`
  MODIFY `id` int(11) NOT NULL AUTO_INCREMENT, AUTO_INCREMENT=64;
--
-- AUTO_INCREMENT cho bảng `tblrule`
--
ALTER TABLE `tblrule`
  MODIFY `id` int(11) NOT NULL AUTO_INCREMENT, AUTO_INCREMENT=5;
--
-- AUTO_INCREMENT cho bảng `tblsalesactivity`
--
ALTER TABLE `tblsalesactivity`
  MODIFY `id` int(11) NOT NULL AUTO_INCREMENT, AUTO_INCREMENT=28;
--
-- AUTO_INCREMENT cho bảng `tblservices`
--
ALTER TABLE `tblservices`
  MODIFY `serviceid` int(11) NOT NULL AUTO_INCREMENT;
--
-- AUTO_INCREMENT cho bảng `tblstaff`
--
ALTER TABLE `tblstaff`
  MODIFY `staffid` int(11) NOT NULL AUTO_INCREMENT, AUTO_INCREMENT=17;
--
-- AUTO_INCREMENT cho bảng `tblstaffdepartments`
--
ALTER TABLE `tblstaffdepartments`
  MODIFY `staffdepartmentid` int(11) NOT NULL AUTO_INCREMENT;
--
-- AUTO_INCREMENT cho bảng `tblstaffpermissions`
--
ALTER TABLE `tblstaffpermissions`
  MODIFY `staffpermid` int(11) NOT NULL AUTO_INCREMENT, AUTO_INCREMENT=134;
--
-- AUTO_INCREMENT cho bảng `tblstafftaskassignees`
--
ALTER TABLE `tblstafftaskassignees`
  MODIFY `id` int(11) NOT NULL AUTO_INCREMENT, AUTO_INCREMENT=13;
--
-- AUTO_INCREMENT cho bảng `tblstafftaskcomments`
--
ALTER TABLE `tblstafftaskcomments`
  MODIFY `id` int(11) NOT NULL AUTO_INCREMENT, AUTO_INCREMENT=3;
--
-- AUTO_INCREMENT cho bảng `tblstafftasks`
--
ALTER TABLE `tblstafftasks`
  MODIFY `id` int(11) NOT NULL AUTO_INCREMENT, AUTO_INCREMENT=17;
--
-- AUTO_INCREMENT cho bảng `tblstafftasksfollowers`
--
ALTER TABLE `tblstafftasksfollowers`
  MODIFY `id` int(11) NOT NULL AUTO_INCREMENT, AUTO_INCREMENT=5;
--
-- AUTO_INCREMENT cho bảng `tblstafftasksupporters`
--
ALTER TABLE `tblstafftasksupporters`
  MODIFY `id` int(11) NOT NULL AUTO_INCREMENT, AUTO_INCREMENT=22;
--
-- AUTO_INCREMENT cho bảng `tblstaff_comment`
--
ALTER TABLE `tblstaff_comment`
  MODIFY `id` int(11) NOT NULL AUTO_INCREMENT, AUTO_INCREMENT=9;
--
-- AUTO_INCREMENT cho bảng `tblstaff_contract`
--
ALTER TABLE `tblstaff_contract`
  MODIFY `id` int(11) NOT NULL AUTO_INCREMENT, AUTO_INCREMENT=38;
--
-- AUTO_INCREMENT cho bảng `tblstaff_information`
--
ALTER TABLE `tblstaff_information`
  MODIFY `id` int(11) NOT NULL AUTO_INCREMENT, AUTO_INCREMENT=21;
--
-- AUTO_INCREMENT cho bảng `tblstaff_insurrance`
--
ALTER TABLE `tblstaff_insurrance`
  MODIFY `id` int(11) NOT NULL AUTO_INCREMENT, AUTO_INCREMENT=11;
--
-- AUTO_INCREMENT cho bảng `tblstatus`
--
ALTER TABLE `tblstatus`
  MODIFY `id` int(11) NOT NULL AUTO_INCREMENT, AUTO_INCREMENT=5;
--
-- AUTO_INCREMENT cho bảng `tblstatusbds`
--
ALTER TABLE `tblstatusbds`
  MODIFY `id` int(11) NOT NULL AUTO_INCREMENT, AUTO_INCREMENT=6;
--
-- AUTO_INCREMENT cho bảng `tblsurveyresultsets`
--
ALTER TABLE `tblsurveyresultsets`
  MODIFY `resultsetid` int(11) NOT NULL AUTO_INCREMENT;
--
-- AUTO_INCREMENT cho bảng `tblsurveys`
--
ALTER TABLE `tblsurveys`
  MODIFY `surveyid` int(11) NOT NULL AUTO_INCREMENT, AUTO_INCREMENT=2;
--
-- AUTO_INCREMENT cho bảng `tblsurveysemailsendcron`
--
ALTER TABLE `tblsurveysemailsendcron`
  MODIFY `id` int(11) NOT NULL AUTO_INCREMENT;
--
-- AUTO_INCREMENT cho bảng `tblsurveysendlog`
--
ALTER TABLE `tblsurveysendlog`
  MODIFY `id` int(11) NOT NULL AUTO_INCREMENT;
--
-- AUTO_INCREMENT cho bảng `tbltags`
--
ALTER TABLE `tbltags`
  MODIFY `id` int(11) NOT NULL AUTO_INCREMENT, AUTO_INCREMENT=4;
--
-- AUTO_INCREMENT cho bảng `tbltag_partner`
--
ALTER TABLE `tbltag_partner`
  MODIFY `id` int(11) NOT NULL AUTO_INCREMENT, AUTO_INCREMENT=7;
--
-- AUTO_INCREMENT cho bảng `tbltaskchecklists`
--
ALTER TABLE `tbltaskchecklists`
  MODIFY `id` int(11) NOT NULL AUTO_INCREMENT, AUTO_INCREMENT=8;
--
-- AUTO_INCREMENT cho bảng `tbltaskstimers`
--
ALTER TABLE `tbltaskstimers`
  MODIFY `id` int(11) NOT NULL AUTO_INCREMENT, AUTO_INCREMENT=4;
--
-- AUTO_INCREMENT cho bảng `tbltaxes`
--
ALTER TABLE `tbltaxes`
  MODIFY `id` int(11) NOT NULL AUTO_INCREMENT, AUTO_INCREMENT=2;
--
-- AUTO_INCREMENT cho bảng `tblticketattachments`
--
ALTER TABLE `tblticketattachments`
  MODIFY `id` int(11) NOT NULL AUTO_INCREMENT;
--
-- AUTO_INCREMENT cho bảng `tblticketpipelog`
--
ALTER TABLE `tblticketpipelog`
  MODIFY `id` int(11) NOT NULL AUTO_INCREMENT;
--
-- AUTO_INCREMENT cho bảng `tblticketreplies`
--
ALTER TABLE `tblticketreplies`
  MODIFY `id` int(11) NOT NULL AUTO_INCREMENT, AUTO_INCREMENT=2;
--
-- AUTO_INCREMENT cho bảng `tbltickets`
--
ALTER TABLE `tbltickets`
  MODIFY `ticketid` int(11) NOT NULL AUTO_INCREMENT, AUTO_INCREMENT=2;
--
-- AUTO_INCREMENT cho bảng `tblticketsspamcontrol`
--
ALTER TABLE `tblticketsspamcontrol`
  MODIFY `id` int(11) NOT NULL AUTO_INCREMENT;
--
-- AUTO_INCREMENT cho bảng `tblticketstatus`
--
ALTER TABLE `tblticketstatus`
  MODIFY `ticketstatusid` int(11) NOT NULL AUTO_INCREMENT, AUTO_INCREMENT=6;
--
-- AUTO_INCREMENT cho bảng `tbltodoitems`
--
ALTER TABLE `tbltodoitems`
  MODIFY `todoid` int(11) NOT NULL AUTO_INCREMENT, AUTO_INCREMENT=3;
--
-- AUTO_INCREMENT cho bảng `tblviewstracking`
--
ALTER TABLE `tblviewstracking`
  MODIFY `id` int(11) NOT NULL AUTO_INCREMENT, AUTO_INCREMENT=3;
--
-- AUTO_INCREMENT cho bảng `tblwebtolead`
--
ALTER TABLE `tblwebtolead`
  MODIFY `id` int(11) NOT NULL AUTO_INCREMENT;
--
-- AUTO_INCREMENT cho bảng `tblworksheet`
--
ALTER TABLE `tblworksheet`
  MODIFY `id` int(11) NOT NULL AUTO_INCREMENT, AUTO_INCREMENT=35;
--
-- AUTO_INCREMENT cho bảng `tblworksheet_dayoff`
--
ALTER TABLE `tblworksheet_dayoff`
  MODIFY `id` int(11) NOT NULL AUTO_INCREMENT, AUTO_INCREMENT=5;
--
-- AUTO_INCREMENT cho bảng `tblworksheet_dayoffset`
--
ALTER TABLE `tblworksheet_dayoffset`
  MODIFY `id` int(11) NOT NULL AUTO_INCREMENT;
/*!40101 SET CHARACTER_SET_CLIENT=@OLD_CHARACTER_SET_CLIENT */;
/*!40101 SET CHARACTER_SET_RESULTS=@OLD_CHARACTER_SET_RESULTS */;
/*!40101 SET COLLATION_CONNECTION=@OLD_COLLATION_CONNECTION */;
